{"type": "FeatureCollection", "features": [{"type": "Feature", "properties": {"sensor_id": "65139", "sensor_type": "parking", "street_id": "20003", "method": "point_in_polygon", "dist_m": 0.0}, "geometry": {"type": "Point", "coordinates": [144.968852852305, -37.8103516363898]}}, {"type": "Feature", "properties": {"sensor_id": "65137", "sensor_type": "parking", "street_id": "20003", "method": "point_in_polygon", "dist_m": 0.0}, "geometry": {"type": "Point", "coordinates": [144.968912167056, -37.810334301158]}}, {"type": "Feature", "properties": {"sensor_id": "65135", "sensor_type": "parking", "street_id": "20003", "method": "point_in_polygon", "dist_m": 0.0}, "geometry": {"type": "Point", "coordinates": [144.968972614936, -37.8103165862885]}}, {"type": "Feature", "properties": {"sensor_id": "67217", "sensor_type": "parking", "street_id": "20026", "method": "point_in_polygon", "dist_m": 0.0}, "geometry": {"type": "Point", "coordinates": [144.957885151675, -37.8112620360445]}}, {"type": "Feature", "properties": {"sensor_id": "67323", "sensor_type": "parking", "street_id": "20028", "method": "point_in_polygon", "dist_m": 0.0}, "geometry": {"type": "Point", "coordinates": [144.954949758939, -37.8121038181038]}}, {"type": "Feature", "properties": {"sensor_id": "66430", "sensor_type": "parking", "street_id": "20046", "method": "point_in_polygon", "dist_m": 0.0}, "geometry": {"type": "Point", "coordinates": [144.954821007899, -37.813297414251]}}, {"type": "Feature", "properties": {"sensor_id": "60739", "sensor_type": "parking", "street_id": "20224", "method": "point_in_polygon", "dist_m": 0.0}, "geometry": {"type": "Point", "coordinates": [144.95633848343, -37.8208207207444]}}, {"type": "Feature", "properties": {"sensor_id": "51928", "sensor_type": "parking", "street_id": "20149", "method": "point_in_polygon", "dist_m": 0.0}, "geometry": {"type": "Point", "coordinates": [144.968411389548, -37.8134850106202]}}, {"type": "Feature", "properties": {"sensor_id": "65855", "sensor_type": "parking", "street_id": "20034", "method": "point_in_polygon", "dist_m": 0.0}, "geometry": {"type": "Point", "coordinates": [144.970364430657, -37.8088201031814]}}, {"type": "Feature", "properties": {"sensor_id": "65075", "sensor_type": "parking", "street_id": "20001", "method": "point_in_polygon", "dist_m": 0.0}, "geometry": {"type": "Point", "coordinates": [144.970030417594, -37.810006553677]}}, {"type": "Feature", "properties": {"sensor_id": "65074", "sensor_type": "parking", "street_id": "20001", "method": "point_in_polygon", "dist_m": 0.0}, "geometry": {"type": "Point", "coordinates": [144.970056207343, -37.8099990017844]}}, {"type": "Feature", "properties": {"sensor_id": "65070", "sensor_type": "parking", "street_id": "20001", "method": "point_in_polygon", "dist_m": 0.0}, "geometry": {"type": "Point", "coordinates": [144.970196047287, -37.8099580593428]}}, {"type": "Feature", "properties": {"sensor_id": "65065", "sensor_type": "parking", "street_id": "20001", "method": "point_in_polygon", "dist_m": 0.0}, "geometry": {"type": "Point", "coordinates": [144.970359154174, -37.8099103111286]}}, {"type": "Feature", "properties": {"sensor_id": "65063", "sensor_type": "parking", "street_id": "20001", "method": "point_in_polygon", "dist_m": 0.0}, "geometry": {"type": "Point", "coordinates": [144.970519577416, -37.8098634044212]}}, {"type": "Feature", "properties": {"sensor_id": "52214", "sensor_type": "parking", "street_id": "20152", "method": "point_in_polygon", "dist_m": 0.0}, "geometry": {"type": "Point", "coordinates": [144.967090059705, -37.8103227210755]}}, {"type": "Feature", "properties": {"sensor_id": "52211", "sensor_type": "parking", "street_id": "20152", "method": "point_in_polygon", "dist_m": 0.0}, "geometry": {"type": "Point", "coordinates": [144.967160620511, -37.8104778094439]}}, {"type": "Feature", "properties": {"sensor_id": "52233", "sensor_type": "parking", "street_id": "20152", "method": "point_in_polygon", "dist_m": 0.0}, "geometry": {"type": "Point", "coordinates": [144.966891436074, -37.8101643769788]}}, {"type": "Feature", "properties": {"sensor_id": "62237", "sensor_type": "parking", "street_id": "20116", "method": "point_in_polygon", "dist_m": 0.0}, "geometry": {"type": "Point", "coordinates": [144.961075440864, -37.817163363308]}}, {"type": "Feature", "properties": {"sensor_id": "61910", "sensor_type": "parking", "street_id": "20110", "method": "point_in_polygon", "dist_m": 0.0}, "geometry": {"type": "Point", "coordinates": [144.968557848418, -37.8148209067902]}}, {"type": "Feature", "properties": {"sensor_id": "62418", "sensor_type": "parking", "street_id": "20120", "method": "point_in_polygon", "dist_m": 0.0}, "geometry": {"type": "Point", "coordinates": [144.955600438709, -37.8185743269895]}}, {"type": "Feature", "properties": {"sensor_id": "50016", "sensor_type": "parking", "street_id": "20196", "method": "point_in_polygon", "dist_m": 0.0}, "geometry": {"type": "Point", "coordinates": [144.974679937481, -37.8146378035658]}}, {"type": "Feature", "properties": {"sensor_id": "50127", "sensor_type": "parking", "street_id": "20198", "method": "point_in_polygon", "dist_m": 0.0}, "geometry": {"type": "Point", "coordinates": [144.974113568244, -37.8138826874207]}}, {"type": "Feature", "properties": {"sensor_id": "50525", "sensor_type": "parking", "street_id": "20206", "method": "point_in_polygon", "dist_m": 0.0}, "geometry": {"type": "Point", "coordinates": [144.972146515049, -37.809690538517]}}, {"type": "Feature", "properties": {"sensor_id": "56911", "sensor_type": "parking", "street_id": "20191", "method": "point_in_polygon", "dist_m": 0.0}, "geometry": {"type": "Point", "coordinates": [144.956146483472, -37.8170283280181]}}, {"type": "Feature", "properties": {"sensor_id": "57212", "sensor_type": "parking", "street_id": "20194", "method": "point_in_polygon", "dist_m": 0.0}, "geometry": {"type": "Point", "coordinates": [144.954746902217, -37.8139775615095]}}, {"type": "Feature", "properties": {"sensor_id": "61247", "sensor_type": "parking", "street_id": "20129", "method": "point_in_polygon", "dist_m": 0.0}, "geometry": {"type": "Point", "coordinates": [144.962812541668, -37.8177027230737]}}, {"type": "Feature", "properties": {"sensor_id": "57641", "sensor_type": "parking", "street_id": "21518", "method": "point_in_polygon", "dist_m": 0.0}, "geometry": {"type": "Point", "coordinates": [144.952690063036, -37.8100909150023]}}, {"type": "Feature", "properties": {"sensor_id": "11483", "sensor_type": "parking", "street_id": "20990", "method": "point_in_polygon", "dist_m": 0.0}, "geometry": {"type": "Point", "coordinates": [144.950500041733, -37.8031495633148]}}, {"type": "Feature", "properties": {"sensor_id": "63217", "sensor_type": "parking", "street_id": "20103", "method": "point_in_polygon", "dist_m": 0.0}, "geometry": {"type": "Point", "coordinates": [144.957867464675, -37.8168145536004]}}, {"type": "Feature", "properties": {"sensor_id": "64268", "sensor_type": "parking", "street_id": "20049", "method": "point_in_polygon", "dist_m": 0.0}, "geometry": {"type": "Point", "coordinates": [144.970666800133, -37.8109602122481]}}, {"type": "Feature", "properties": {"sensor_id": "64270", "sensor_type": "parking", "street_id": "20049", "method": "point_in_polygon", "dist_m": 0.0}, "geometry": {"type": "Point", "coordinates": [144.970528466895, -37.8110011153365]}}, {"type": "Feature", "properties": {"sensor_id": "61654", "sensor_type": "parking", "street_id": "20137", "method": "point_in_polygon", "dist_m": 0.0}, "geometry": {"type": "Point", "coordinates": [144.954949344801, -37.8200563647385]}}, {"type": "Feature", "properties": {"sensor_id": "61652", "sensor_type": "parking", "street_id": "20137", "method": "point_in_polygon", "dist_m": 0.0}, "geometry": {"type": "Point", "coordinates": [144.955098971905, -37.8200140353216]}}, {"type": "Feature", "properties": {"sensor_id": "61929", "sensor_type": "parking", "street_id": "20110", "method": "point_in_polygon", "dist_m": 0.0}, "geometry": {"type": "Point", "coordinates": [144.967317975659, -37.8151843340701]}}, {"type": "Feature", "properties": {"sensor_id": "65242", "sensor_type": "parking", "street_id": "20005", "method": "point_in_polygon", "dist_m": 0.0}, "geometry": {"type": "Point", "coordinates": [144.966654128978, -37.8110876793747]}}, {"type": "Feature", "properties": {"sensor_id": "65955", "sensor_type": "parking", "street_id": "20036", "method": "point_in_polygon", "dist_m": 0.0}, "geometry": {"type": "Point", "coordinates": [144.968633752885, -37.8093116067245]}}, {"type": "Feature", "properties": {"sensor_id": "65142", "sensor_type": "parking", "street_id": "20003", "method": "point_in_polygon", "dist_m": 0.0}, "geometry": {"type": "Point", "coordinates": [144.968733665004, -37.810386613475]}}, {"type": "Feature", "properties": {"sensor_id": "54454", "sensor_type": "parking", "street_id": "20175", "method": "point_in_polygon", "dist_m": 0.0}, "geometry": {"type": "Point", "coordinates": [144.959937279274, -37.8136201466041]}}, {"type": "Feature", "properties": {"sensor_id": "65467", "sensor_type": "parking", "street_id": "20009", "method": "point_in_polygon", "dist_m": 0.0}, "geometry": {"type": "Point", "coordinates": [144.960257853264, -37.8128781210146]}}, {"type": "Feature", "properties": {"sensor_id": "65444", "sensor_type": "parking", "street_id": "20009", "method": "point_in_polygon", "dist_m": 0.0}, "geometry": {"type": "Point", "coordinates": [144.96153589679, -37.8124797716496]}}, {"type": "Feature", "properties": {"sensor_id": "54036", "sensor_type": "parking", "street_id": "20171", "method": "point_in_polygon", "dist_m": 0.0}, "geometry": {"type": "Point", "coordinates": [144.961770144884, -37.817329184098]}}, {"type": "Feature", "properties": {"sensor_id": "54035", "sensor_type": "parking", "street_id": "20171", "method": "point_in_polygon", "dist_m": 0.0}, "geometry": {"type": "Point", "coordinates": [144.961780107651, -37.8173509385882]}}, {"type": "Feature", "properties": {"sensor_id": "53937", "sensor_type": "parking", "street_id": "20170", "method": "point_in_polygon", "dist_m": 0.0}, "geometry": {"type": "Point", "coordinates": [144.962156073673, -37.8181709684106]}}, {"type": "Feature", "properties": {"sensor_id": "53932", "sensor_type": "parking", "street_id": "20170", "method": "point_in_polygon", "dist_m": 0.0}, "geometry": {"type": "Point", "coordinates": [144.962221000133, -37.8183122652277]}}, {"type": "Feature", "properties": {"sensor_id": "18636", "sensor_type": "parking", "street_id": "23311", "method": "point_in_polygon", "dist_m": 0.0}, "geometry": {"type": "Point", "coordinates": [144.944048606006, -37.8212041655762]}}, {"type": "Feature", "properties": {"sensor_id": "54133", "sensor_type": "parking", "street_id": "20172", "method": "point_in_polygon", "dist_m": 0.0}, "geometry": {"type": "Point", "coordinates": [144.961301284191, -37.8163110881415]}}, {"type": "Feature", "properties": {"sensor_id": "52244", "sensor_type": "parking", "street_id": "20152", "method": "point_in_polygon", "dist_m": 0.0}, "geometry": {"type": "Point", "coordinates": [144.966908617537, -37.8104820174872]}}, {"type": "Feature", "properties": {"sensor_id": "17494", "sensor_type": "parking", "street_id": "23293", "method": "point_in_polygon", "dist_m": 0.0}, "geometry": {"type": "Point", "coordinates": [144.942600167912, -37.8202732451161]}}, {"type": "Feature", "properties": {"sensor_id": "17720", "sensor_type": "parking", "street_id": "23378", "method": "point_in_polygon", "dist_m": 0.0}, "geometry": {"type": "Point", "coordinates": [144.939929582256, -37.8203848139969]}}, {"type": "Feature", "properties": {"sensor_id": "17717", "sensor_type": "parking", "street_id": "23378", "method": "point_in_polygon", "dist_m": 0.0}, "geometry": {"type": "Point", "coordinates": [144.939626052671, -37.8203122313237]}}, {"type": "Feature", "properties": {"sensor_id": "60220", "sensor_type": "parking", "street_id": "20212", "method": "point_in_polygon", "dist_m": 0.0}, "geometry": {"type": "Point", "coordinates": [144.968512555648, -37.8170502739336]}}, {"type": "Feature", "properties": {"sensor_id": "23814", "sensor_type": "parking", "street_id": "21117", "method": "point_in_polygon", "dist_m": 0.0}, "geometry": {"type": "Point", "coordinates": [144.956521702456, -37.8018171719564]}}, {"type": "Feature", "properties": {"sensor_id": "65489", "sensor_type": "parking", "street_id": "20009", "method": "point_in_polygon", "dist_m": 0.0}, "geometry": {"type": "Point", "coordinates": [144.960603083911, -37.8128630909702]}}, {"type": "Feature", "properties": {"sensor_id": "16409", "sensor_type": "parking", "street_id": "20897", "method": "point_in_polygon", "dist_m": 0.0}, "geometry": {"type": "Point", "coordinates": [144.981113400496, -37.8096268960354]}}, {"type": "Feature", "properties": {"sensor_id": "9421", "sensor_type": "parking", "street_id": "20931", "method": "point_in_polygon", "dist_m": 0.0}, "geometry": {"type": "Point", "coordinates": [144.957085138081, -37.8057628927388]}}, {"type": "Feature", "properties": {"sensor_id": "21491", "sensor_type": "parking", "street_id": "23225", "method": "point_in_polygon", "dist_m": 0.0}, "geometry": {"type": "Point", "coordinates": [144.939311358429, -37.8133645504004]}}, {"type": "Feature", "properties": {"sensor_id": "62885", "sensor_type": "parking", "street_id": "20095", "method": "point_in_polygon", "dist_m": 0.0}, "geometry": {"type": "Point", "coordinates": [144.966740675931, -37.8143324569225]}}, {"type": "Feature", "properties": {"sensor_id": "60730", "sensor_type": "parking", "street_id": "20224", "method": "point_in_polygon", "dist_m": 0.0}, "geometry": {"type": "Point", "coordinates": [144.957140153466, -37.820586824061]}}, {"type": "Feature", "properties": {"sensor_id": "65049", "sensor_type": "parking", "street_id": "20001", "method": "point_in_polygon", "dist_m": 0.0}, "geometry": {"type": "Point", "coordinates": [144.971188926465, -37.8096673324358]}}, {"type": "Feature", "properties": {"sensor_id": "52213", "sensor_type": "parking", "street_id": "20152", "method": "point_in_polygon", "dist_m": 0.0}, "geometry": {"type": "Point", "coordinates": [144.967113754618, -37.8103743707447]}}, {"type": "Feature", "properties": {"sensor_id": "9622", "sensor_type": "parking", "street_id": "20994", "method": "point_in_polygon", "dist_m": 0.0}, "geometry": {"type": "Point", "coordinates": [144.948641279229, -37.8049750808603]}}, {"type": "Feature", "properties": {"sensor_id": "64232", "sensor_type": "parking", "street_id": "20049", "method": "point_in_polygon", "dist_m": 0.0}, "geometry": {"type": "Point", "coordinates": [144.970877747991, -37.8108468705262]}}, {"type": "Feature", "properties": {"sensor_id": "64025", "sensor_type": "parking", "street_id": "20088", "method": "point_in_polygon", "dist_m": 0.0}, "geometry": {"type": "Point", "coordinates": [144.956097188139, -37.8162036362337]}}, {"type": "Feature", "properties": {"sensor_id": "65458", "sensor_type": "parking", "street_id": "20009", "method": "point_in_polygon", "dist_m": 0.0}, "geometry": {"type": "Point", "coordinates": [144.960683699873, -37.8127286524236]}}, {"type": "Feature", "properties": {"sensor_id": "56918", "sensor_type": "parking", "street_id": "20191", "method": "point_in_polygon", "dist_m": 0.0}, "geometry": {"type": "Point", "coordinates": [144.95597536336, -37.8166524859153]}}, {"type": "Feature", "properties": {"sensor_id": "24275", "sensor_type": "parking", "street_id": "22439", "method": "point_in_polygon", "dist_m": 0.0}, "geometry": {"type": "Point", "coordinates": [144.942299661846, -37.8131580034376]}}, {"type": "Feature", "properties": {"sensor_id": "24278", "sensor_type": "parking", "street_id": "22439", "method": "point_in_polygon", "dist_m": 0.0}, "geometry": {"type": "Point", "coordinates": [144.942115770819, -37.8132285993762]}}, {"type": "Feature", "properties": {"sensor_id": "64448", "sensor_type": "parking", "street_id": "20053", "method": "point_in_polygon", "dist_m": 0.0}, "geometry": {"type": "Point", "coordinates": [144.966886212648, -37.8120646860204]}}, {"type": "Feature", "properties": {"sensor_id": "63541", "sensor_type": "parking", "street_id": "20078", "method": "point_in_polygon", "dist_m": 0.0}, "geometry": {"type": "Point", "coordinates": [144.970151888223, -37.8122849676938]}}, {"type": "Feature", "properties": {"sensor_id": "58212", "sensor_type": "parking", "street_id": "20075", "method": "point_in_polygon", "dist_m": 0.0}, "geometry": {"type": "Point", "coordinates": [144.952999503473, -37.816274644739]}}, {"type": "Feature", "properties": {"sensor_id": "58116", "sensor_type": "parking", "street_id": "20073", "method": "point_in_polygon", "dist_m": 0.0}, "geometry": {"type": "Point", "coordinates": [144.953558991799, -37.817496542171]}}, {"type": "Feature", "properties": {"sensor_id": "63075", "sensor_type": "parking", "street_id": "20099", "method": "point_in_polygon", "dist_m": 0.0}, "geometry": {"type": "Point", "coordinates": [144.96182285141, -37.815782228755]}}, {"type": "Feature", "properties": {"sensor_id": "50849", "sensor_type": "parking", "street_id": "20139", "method": "point_in_polygon", "dist_m": 0.0}, "geometry": {"type": "Point", "coordinates": [144.971683110865, -37.8146793456968]}}, {"type": "Feature", "properties": {"sensor_id": "62332", "sensor_type": "parking", "street_id": "20118", "method": "point_in_polygon", "dist_m": 0.0}, "geometry": {"type": "Point", "coordinates": [144.956994003488, -37.8181740333503]}}, {"type": "Feature", "properties": {"sensor_id": "65248", "sensor_type": "parking", "street_id": "20005", "method": "point_in_polygon", "dist_m": 0.0}, "geometry": {"type": "Point", "coordinates": [144.966184769901, -37.8112264628938]}}, {"type": "Feature", "properties": {"sensor_id": "51752", "sensor_type": "parking", "street_id": "20147", "method": "point_in_polygon", "dist_m": 0.0}, "geometry": {"type": "Point", "coordinates": [144.969055559856, -37.8151451075368]}}, {"type": "Feature", "properties": {"sensor_id": "61616", "sensor_type": "parking", "street_id": "20137", "method": "point_in_polygon", "dist_m": 0.0}, "geometry": {"type": "Point", "coordinates": [144.956054998069, -37.8196437827092]}}, {"type": "Feature", "properties": {"sensor_id": "61845", "sensor_type": "parking", "street_id": "20108", "method": "point_in_polygon", "dist_m": 0.0}, "geometry": {"type": "Point", "coordinates": [144.969668938234, -37.8146600531802]}}, {"type": "Feature", "properties": {"sensor_id": "62066", "sensor_type": "parking", "street_id": "20112", "method": "point_in_polygon", "dist_m": 0.0}, "geometry": {"type": "Point", "coordinates": [144.964491697873, -37.8161717083048]}}, {"type": "Feature", "properties": {"sensor_id": "62064", "sensor_type": "parking", "street_id": "20112", "method": "point_in_polygon", "dist_m": 0.0}, "geometry": {"type": "Point", "coordinates": [144.964616354417, -37.8161352999361]}}, {"type": "Feature", "properties": {"sensor_id": "62872", "sensor_type": "parking", "street_id": "20095", "method": "point_in_polygon", "dist_m": 0.0}, "geometry": {"type": "Point", "coordinates": [144.967708820387, -37.8140478690013]}}, {"type": "Feature", "properties": {"sensor_id": "60229", "sensor_type": "parking", "street_id": "20212", "method": "point_in_polygon", "dist_m": 0.0}, "geometry": {"type": "Point", "coordinates": [144.967879074441, -37.8172368356614]}}, {"type": "Feature", "properties": {"sensor_id": "60231", "sensor_type": "parking", "street_id": "20212", "method": "point_in_polygon", "dist_m": 0.0}, "geometry": {"type": "Point", "coordinates": [144.967726477189, -37.8172810990282]}}, {"type": "Feature", "properties": {"sensor_id": "61953", "sensor_type": "parking", "street_id": "20110", "method": "point_in_polygon", "dist_m": 0.0}, "geometry": {"type": "Point", "coordinates": [144.967869240494, -37.8151852039738]}}, {"type": "Feature", "properties": {"sensor_id": "67233", "sensor_type": "parking", "street_id": "20026", "method": "point_in_polygon", "dist_m": 0.0}, "geometry": {"type": "Point", "coordinates": [144.957743262059, -37.811442998569]}}, {"type": "Feature", "properties": {"sensor_id": "67232", "sensor_type": "parking", "street_id": "20026", "method": "point_in_polygon", "dist_m": 0.0}, "geometry": {"type": "Point", "coordinates": [144.957807255466, -37.811424979199]}}, {"type": "Feature", "properties": {"sensor_id": "67230", "sensor_type": "parking", "street_id": "20026", "method": "point_in_polygon", "dist_m": 0.0}, "geometry": {"type": "Point", "coordinates": [144.957938715486, -37.8113866179018]}}, {"type": "Feature", "properties": {"sensor_id": "64463", "sensor_type": "parking", "street_id": "20053", "method": "point_in_polygon", "dist_m": 0.0}, "geometry": {"type": "Point", "coordinates": [144.965899263976, -37.8123565293947]}}, {"type": "Feature", "properties": {"sensor_id": "64462", "sensor_type": "parking", "street_id": "20053", "method": "point_in_polygon", "dist_m": 0.0}, "geometry": {"type": "Point", "coordinates": [144.965966926767, -37.812336669427]}}, {"type": "Feature", "properties": {"sensor_id": "64457", "sensor_type": "parking", "street_id": "20053", "method": "point_in_polygon", "dist_m": 0.0}, "geometry": {"type": "Point", "coordinates": [144.96630512561, -37.8122376111379]}}, {"type": "Feature", "properties": {"sensor_id": "64237", "sensor_type": "parking", "street_id": "20049", "method": "point_in_polygon", "dist_m": 0.0}, "geometry": {"type": "Point", "coordinates": [144.970568018428, -37.8109384314154]}}, {"type": "Feature", "properties": {"sensor_id": "64249", "sensor_type": "parking", "street_id": "20049", "method": "point_in_polygon", "dist_m": 0.0}, "geometry": {"type": "Point", "coordinates": [144.972160298785, -37.8105209755795]}}, {"type": "Feature", "properties": {"sensor_id": "63554", "sensor_type": "parking", "street_id": "20078", "method": "point_in_polygon", "dist_m": 0.0}, "geometry": {"type": "Point", "coordinates": [144.969320396456, -37.8125295254952]}}, {"type": "Feature", "properties": {"sensor_id": "50657", "sensor_type": "parking", "street_id": "21847", "method": "point_in_polygon", "dist_m": 0.0}, "geometry": {"type": "Point", "coordinates": [144.971560850378, -37.8081396107329]}}, {"type": "Feature", "properties": {"sensor_id": "51440", "sensor_type": "parking", "street_id": "20145", "method": "point_in_polygon", "dist_m": 0.0}, "geometry": {"type": "Point", "coordinates": [144.968982969101, -37.8086242872967]}}, {"type": "Feature", "properties": {"sensor_id": "63238", "sensor_type": "parking", "street_id": "20103", "method": "point_in_polygon", "dist_m": 0.0}, "geometry": {"type": "Point", "coordinates": [144.957793097205, -37.8169304974711]}}, {"type": "Feature", "properties": {"sensor_id": "66434", "sensor_type": "parking", "street_id": "20046", "method": "point_in_polygon", "dist_m": 0.0}, "geometry": {"type": "Point", "coordinates": [144.956539784787, -37.8128590300644]}}, {"type": "Feature", "properties": {"sensor_id": "65086", "sensor_type": "parking", "street_id": "20001", "method": "point_in_polygon", "dist_m": 0.0}, "geometry": {"type": "Point", "coordinates": [144.971141254142, -37.809782337915]}}, {"type": "Feature", "properties": {"sensor_id": "65015", "sensor_type": "parking", "street_id": "20001", "method": "point_in_polygon", "dist_m": 0.0}, "geometry": {"type": "Point", "coordinates": [144.971252399814, -37.8095504293173]}}, {"type": "Feature", "properties": {"sensor_id": "54064", "sensor_type": "parking", "street_id": "20171", "method": "point_in_polygon", "dist_m": 0.0}, "geometry": {"type": "Point", "coordinates": [144.961655604147, -37.8173446792116]}}, {"type": "Feature", "properties": {"sensor_id": "54318", "sensor_type": "parking", "street_id": "20174", "method": "point_in_polygon", "dist_m": 0.0}, "geometry": {"type": "Point", "coordinates": [144.960506713509, -37.814309031871]}}, {"type": "Feature", "properties": {"sensor_id": "53223", "sensor_type": "parking", "street_id": "20167", "method": "point_in_polygon", "dist_m": 0.0}, "geometry": {"type": "Point", "coordinates": [144.962452383156, -37.8129340007837]}}, {"type": "Feature", "properties": {"sensor_id": "50664", "sensor_type": "parking", "street_id": "21848", "method": "point_in_polygon", "dist_m": 0.0}, "geometry": {"type": "Point", "coordinates": [144.971847853921, -37.809037522982]}}, {"type": "Feature", "properties": {"sensor_id": "50667", "sensor_type": "parking", "street_id": "21848", "method": "point_in_polygon", "dist_m": 0.0}, "geometry": {"type": "Point", "coordinates": [144.971778092764, -37.8088864110894]}}, {"type": "Feature", "properties": {"sensor_id": "65168", "sensor_type": "parking", "street_id": "20003", "method": "point_in_polygon", "dist_m": 0.0}, "geometry": {"type": "Point", "coordinates": [144.967829888024, -37.81065243138]}}, {"type": "Feature", "properties": {"sensor_id": "65213", "sensor_type": "parking", "street_id": "20005", "method": "point_in_polygon", "dist_m": 0.0}, "geometry": {"type": "Point", "coordinates": [144.966554178609, -37.8109294829408]}}, {"type": "Feature", "properties": {"sensor_id": "65837", "sensor_type": "parking", "street_id": "20034", "method": "point_in_polygon", "dist_m": 0.0}, "geometry": {"type": "Point", "coordinates": [144.96967358922, -37.8089711167024]}}, {"type": "Feature", "properties": {"sensor_id": "65067", "sensor_type": "parking", "street_id": "20001", "method": "point_in_polygon", "dist_m": 0.0}, "geometry": {"type": "Point", "coordinates": [144.97030922369, -37.8099249277888]}}, {"type": "Feature", "properties": {"sensor_id": "65061", "sensor_type": "parking", "street_id": "20001", "method": "point_in_polygon", "dist_m": 0.0}, "geometry": {"type": "Point", "coordinates": [144.970612542654, -37.8098361330475]}}, {"type": "Feature", "properties": {"sensor_id": "54629", "sensor_type": "parking", "street_id": "20177", "method": "point_in_polygon", "dist_m": 0.0}, "geometry": {"type": "Point", "coordinates": [144.959206973679, -37.811723924154]}}, {"type": "Feature", "properties": {"sensor_id": "62317", "sensor_type": "parking", "street_id": "20118", "method": "point_in_polygon", "dist_m": 0.0}, "geometry": {"type": "Point", "coordinates": [144.958149982084, -37.8178430109308]}}, {"type": "Feature", "properties": {"sensor_id": "62315", "sensor_type": "parking", "street_id": "20118", "method": "point_in_polygon", "dist_m": 0.0}, "geometry": {"type": "Point", "coordinates": [144.958284382692, -37.8178045033654]}}, {"type": "Feature", "properties": {"sensor_id": "62242", "sensor_type": "parking", "street_id": "20116", "method": "point_in_polygon", "dist_m": 0.0}, "geometry": {"type": "Point", "coordinates": [144.960745659469, -37.8172585350143]}}, {"type": "Feature", "properties": {"sensor_id": "61950", "sensor_type": "parking", "street_id": "20110", "method": "point_in_polygon", "dist_m": 0.0}, "geometry": {"type": "Point", "coordinates": [144.968062440454, -37.815128610767]}}, {"type": "Feature", "properties": {"sensor_id": "64041", "sensor_type": "parking", "street_id": "20088", "method": "point_in_polygon", "dist_m": 0.0}, "geometry": {"type": "Point", "coordinates": [144.957274626151, -37.8160270395724]}}, {"type": "Feature", "properties": {"sensor_id": "56722", "sensor_type": "parking", "street_id": "20189", "method": "point_in_polygon", "dist_m": 0.0}, "geometry": {"type": "Point", "coordinates": [144.956905313855, -37.8192216250759]}}, {"type": "Feature", "properties": {"sensor_id": "56912", "sensor_type": "parking", "street_id": "20191", "method": "point_in_polygon", "dist_m": 0.0}, "geometry": {"type": "Point", "coordinates": [144.95612358725, -37.8169778923757]}}, {"type": "Feature", "properties": {"sensor_id": "56618", "sensor_type": "parking", "street_id": "20188", "method": "point_in_polygon", "dist_m": 0.0}, "geometry": {"type": "Point", "coordinates": [144.957306056484, -37.819548572025]}}, {"type": "Feature", "properties": {"sensor_id": "57317", "sensor_type": "parking", "street_id": "20195", "method": "point_in_polygon", "dist_m": 0.0}, "geometry": {"type": "Point", "coordinates": [144.954213832349, -37.8128316126089]}}, {"type": "Feature", "properties": {"sensor_id": "57311", "sensor_type": "parking", "street_id": "20195", "method": "point_in_polygon", "dist_m": 0.0}, "geometry": {"type": "Point", "coordinates": [144.954355029289, -37.8131351201373]}}, {"type": "Feature", "properties": {"sensor_id": "51441", "sensor_type": "parking", "street_id": "20145", "method": "point_in_polygon", "dist_m": 0.0}, "geometry": {"type": "Point", "coordinates": [144.968970732631, -37.8085975951936]}}, {"type": "Feature", "properties": {"sensor_id": "60436", "sensor_type": "parking", "street_id": "20216", "method": "point_in_polygon", "dist_m": 0.0}, "geometry": {"type": "Point", "coordinates": [144.963677487307, -37.818653022737]}}, {"type": "Feature", "properties": {"sensor_id": "60133", "sensor_type": "parking", "street_id": "20210", "method": "point_in_polygon", "dist_m": 0.0}, "geometry": {"type": "Point", "coordinates": [144.971785784935, -37.8162806240602]}}, {"type": "Feature", "properties": {"sensor_id": "9603", "sensor_type": "parking", "street_id": "20992", "method": "point_in_polygon", "dist_m": 0.0}, "geometry": {"type": "Point", "coordinates": [144.949289796855, -37.8044041848149]}}, {"type": "Feature", "properties": {"sensor_id": "9624", "sensor_type": "parking", "street_id": "20994", "method": "point_in_polygon", "dist_m": 0.0}, "geometry": {"type": "Point", "coordinates": [144.948585056905, -37.8049688029751]}}, {"type": "Feature", "properties": {"sensor_id": "9626", "sensor_type": "parking", "street_id": "20994", "method": "point_in_polygon", "dist_m": 0.0}, "geometry": {"type": "Point", "coordinates": [144.9485153491, -37.8049610013845]}}, {"type": "Feature", "properties": {"sensor_id": "57640", "sensor_type": "parking", "street_id": "21518", "method": "point_in_polygon", "dist_m": 0.0}, "geometry": {"type": "Point", "coordinates": [144.952715083974, -37.8101412383385]}}, {"type": "Feature", "properties": {"sensor_id": "63213", "sensor_type": "parking", "street_id": "20103", "method": "point_in_polygon", "dist_m": 0.0}, "geometry": {"type": "Point", "coordinates": [144.958128078073, -37.8167411868241]}}, {"type": "Feature", "properties": {"sensor_id": "11879", "sensor_type": "parking", "street_id": "22686", "method": "point_in_polygon", "dist_m": 0.0}, "geometry": {"type": "Point", "coordinates": [144.956232324911, -37.8008785359475]}}, {"type": "Feature", "properties": {"sensor_id": "61848", "sensor_type": "parking", "street_id": "20108", "method": "point_in_polygon", "dist_m": 0.0}, "geometry": {"type": "Point", "coordinates": [144.969450714581, -37.814724620197]}}, {"type": "Feature", "properties": {"sensor_id": "60833", "sensor_type": "parking", "street_id": "20121", "method": "point_in_polygon", "dist_m": 0.0}, "geometry": {"type": "Point", "coordinates": [144.974030940306, -37.8144267970446]}}, {"type": "Feature", "properties": {"sensor_id": "65156", "sensor_type": "parking", "street_id": "20003", "method": "point_in_polygon", "dist_m": 0.0}, "geometry": {"type": "Point", "coordinates": [144.968295373642, -37.8105150629641]}}, {"type": "Feature", "properties": {"sensor_id": "54226", "sensor_type": "parking", "street_id": "20173", "method": "point_in_polygon", "dist_m": 0.0}, "geometry": {"type": "Point", "coordinates": [144.960991450741, -37.8156372860697]}}, {"type": "Feature", "properties": {"sensor_id": "54034", "sensor_type": "parking", "street_id": "20171", "method": "point_in_polygon", "dist_m": 0.0}, "geometry": {"type": "Point", "coordinates": [144.961808137202, -37.8174126109684]}}, {"type": "Feature", "properties": {"sensor_id": "53926", "sensor_type": "parking", "street_id": "20170", "method": "point_in_polygon", "dist_m": 0.0}, "geometry": {"type": "Point", "coordinates": [144.962296072969, -37.8184763091418]}}, {"type": "Feature", "properties": {"sensor_id": "54130", "sensor_type": "parking", "street_id": "20172", "method": "point_in_polygon", "dist_m": 0.0}, "geometry": {"type": "Point", "coordinates": [144.961342933776, -37.8164013261574]}}, {"type": "Feature", "properties": {"sensor_id": "54529", "sensor_type": "parking", "street_id": "20176", "method": "point_in_polygon", "dist_m": 0.0}, "geometry": {"type": "Point", "coordinates": [144.959551816499, -37.8124856734189]}}, {"type": "Feature", "properties": {"sensor_id": "54424", "sensor_type": "parking", "street_id": "20175", "method": "point_in_polygon", "dist_m": 0.0}, "geometry": {"type": "Point", "coordinates": [144.960170148174, -37.8138476000409]}}, {"type": "Feature", "properties": {"sensor_id": "65197", "sensor_type": "parking", "street_id": "20003", "method": "point_in_polygon", "dist_m": 0.0}, "geometry": {"type": "Point", "coordinates": [144.967756273598, -37.8107738412678]}}, {"type": "Feature", "properties": {"sensor_id": "15094", "sensor_type": "parking", "street_id": "23311", "method": "point_in_polygon", "dist_m": 0.0}, "geometry": {"type": "Point", "coordinates": [144.943727227715, -37.8213045750867]}}, {"type": "Feature", "properties": {"sensor_id": "15092", "sensor_type": "parking", "street_id": "23311", "method": "point_in_polygon", "dist_m": 0.0}, "geometry": {"type": "Point", "coordinates": [144.943586960323, -37.8212709675598]}}, {"type": "Feature", "properties": {"sensor_id": "61327", "sensor_type": "parking", "street_id": "20131", "method": "point_in_polygon", "dist_m": 0.0}, "geometry": {"type": "Point", "coordinates": [144.961191337319, -37.8181798643197]}}, {"type": "Feature", "properties": {"sensor_id": "60837", "sensor_type": "parking", "street_id": "20121", "method": "point_in_polygon", "dist_m": 0.0}, "geometry": {"type": "Point", "coordinates": [144.973648185453, -37.8145386494955]}}, {"type": "Feature", "properties": {"sensor_id": "60838", "sensor_type": "parking", "street_id": "20121", "method": "point_in_polygon", "dist_m": 0.0}, "geometry": {"type": "Point", "coordinates": [144.97356281055, -37.8145635335413]}}, {"type": "Feature", "properties": {"sensor_id": "13388", "sensor_type": "parking", "street_id": "22913", "method": "point_in_polygon", "dist_m": 0.0}, "geometry": {"type": "Point", "coordinates": [144.942955143088, -37.8200795440651]}}, {"type": "Feature", "properties": {"sensor_id": "13391", "sensor_type": "parking", "street_id": "22913", "method": "point_in_polygon", "dist_m": 0.0}, "geometry": {"type": "Point", "coordinates": [144.943038319138, -37.8200553529575]}}, {"type": "Feature", "properties": {"sensor_id": "13437", "sensor_type": "parking", "street_id": "22913", "method": "point_in_polygon", "dist_m": 0.0}, "geometry": {"type": "Point", "coordinates": [144.943276255865, -37.8200790103915]}}, {"type": "Feature", "properties": {"sensor_id": "51019", "sensor_type": "parking", "street_id": "20141", "method": "point_in_polygon", "dist_m": 0.0}, "geometry": {"type": "Point", "coordinates": [144.970809147913, -37.8124257888871]}}, {"type": "Feature", "properties": {"sensor_id": "23951", "sensor_type": "parking", "street_id": "23252", "method": "point_in_polygon", "dist_m": 0.0}, "geometry": {"type": "Point", "coordinates": [144.940074611871, -37.8138135965411]}}, {"type": "Feature", "properties": {"sensor_id": "14991", "sensor_type": "parking", "street_id": "23224", "method": "point_in_polygon", "dist_m": 0.0}, "geometry": {"type": "Point", "coordinates": [144.936743270103, -37.8131042916707]}}, {"type": "Feature", "properties": {"sensor_id": "14998", "sensor_type": "parking", "street_id": "23224", "method": "point_in_polygon", "dist_m": 0.0}, "geometry": {"type": "Point", "coordinates": [144.937364918094, -37.8141434282612]}}, {"type": "Feature", "properties": {"sensor_id": "14795", "sensor_type": "parking", "street_id": "23224", "method": "point_in_polygon", "dist_m": 0.0}, "geometry": {"type": "Point", "coordinates": [144.936526891245, -37.8127604453395]}}, {"type": "Feature", "properties": {"sensor_id": "14794", "sensor_type": "parking", "street_id": "23224", "method": "point_in_polygon", "dist_m": 0.0}, "geometry": {"type": "Point", "coordinates": [144.93649542397, -37.8127084684729]}}, {"type": "Feature", "properties": {"sensor_id": "16411", "sensor_type": "parking", "street_id": "20897", "method": "point_in_polygon", "dist_m": 0.0}, "geometry": {"type": "Point", "coordinates": [144.981123435917, -37.8095661574075]}}, {"type": "Feature", "properties": {"sensor_id": "17376", "sensor_type": "parking", "street_id": "20897", "method": "point_in_polygon", "dist_m": 0.0}, "geometry": {"type": "Point", "coordinates": [144.980941515494, -37.809614761763]}}, {"type": "Feature", "properties": {"sensor_id": "50678", "sensor_type": "parking", "street_id": "21847", "method": "point_in_polygon", "dist_m": 0.0}, "geometry": {"type": "Point", "coordinates": [144.971462153359, -37.8081987208162]}}, {"type": "Feature", "properties": {"sensor_id": "23979", "sensor_type": "parking", "street_id": "20939", "method": "point_in_polygon", "dist_m": 0.0}, "geometry": {"type": "Point", "coordinates": [144.957325164488, -37.8044715932234]}}, {"type": "Feature", "properties": {"sensor_id": "24280", "sensor_type": "parking", "street_id": "22439", "method": "point_in_polygon", "dist_m": 0.0}, "geometry": {"type": "Point", "coordinates": [144.941992963619, -37.813275365461]}}, {"type": "Feature", "properties": {"sensor_id": "51155", "sensor_type": "parking", "street_id": "20142", "method": "point_in_polygon", "dist_m": 0.0}, "geometry": {"type": "Point", "coordinates": [144.970142859112, -37.8113463581774]}}, {"type": "Feature", "properties": {"sensor_id": "20641", "sensor_type": "parking", "street_id": "20896", "method": "point_in_polygon", "dist_m": 0.0}, "geometry": {"type": "Point", "coordinates": [144.978330360873, -37.8092988562546]}}, {"type": "Feature", "properties": {"sensor_id": "67216", "sensor_type": "parking", "street_id": "20026", "method": "point_in_polygon", "dist_m": 0.0}, "geometry": {"type": "Point", "coordinates": [144.957946489674, -37.8112442692619]}}, {"type": "Feature", "properties": {"sensor_id": "54623", "sensor_type": "parking", "street_id": "20177", "method": "point_in_polygon", "dist_m": 0.0}, "geometry": {"type": "Point", "coordinates": [144.959282104135, -37.8118900623992]}}, {"type": "Feature", "properties": {"sensor_id": "62411", "sensor_type": "parking", "street_id": "20120", "method": "point_in_polygon", "dist_m": 0.0}, "geometry": {"type": "Point", "coordinates": [144.956050554361, -37.8184453547877]}}, {"type": "Feature", "properties": {"sensor_id": "57216", "sensor_type": "parking", "street_id": "20194", "method": "point_in_polygon", "dist_m": 0.0}, "geometry": {"type": "Point", "coordinates": [144.95464575261, -37.8137605941975]}}, {"type": "Feature", "properties": {"sensor_id": "53915", "sensor_type": "parking", "street_id": "20170", "method": "point_in_polygon", "dist_m": 0.0}, "geometry": {"type": "Point", "coordinates": [144.962356207495, -37.8183352010723]}}, {"type": "Feature", "properties": {"sensor_id": "9620", "sensor_type": "parking", "street_id": "20994", "method": "point_in_polygon", "dist_m": 0.0}, "geometry": {"type": "Point", "coordinates": [144.948697500735, -37.8049813587091]}}, {"type": "Feature", "properties": {"sensor_id": "63215", "sensor_type": "parking", "street_id": "20103", "method": "point_in_polygon", "dist_m": 0.0}, "geometry": {"type": "Point", "coordinates": [144.957997629151, -37.8167781568664]}}, {"type": "Feature", "properties": {"sensor_id": "56718", "sensor_type": "parking", "street_id": "20189", "method": "point_in_polygon", "dist_m": 0.0}, "geometry": {"type": "Point", "coordinates": [144.956914584826, -37.8187022331801]}}, {"type": "Feature", "properties": {"sensor_id": "12079", "sensor_type": "parking", "street_id": "21124", "method": "point_in_polygon", "dist_m": 0.0}, "geometry": {"type": "Point", "coordinates": [144.95372002436, -37.8005557589209]}}, {"type": "Feature", "properties": {"sensor_id": "22022", "sensor_type": "parking", "street_id": "21141", "method": "point_in_polygon", "dist_m": 0.0}, "geometry": {"type": "Point", "coordinates": [144.953619150837, -37.7992172844778]}}, {"type": "Feature", "properties": {"sensor_id": "65464", "sensor_type": "parking", "street_id": "20009", "method": "point_in_polygon", "dist_m": 0.0}, "geometry": {"type": "Point", "coordinates": [144.960469324238, -37.8127910332308]}}, {"type": "Feature", "properties": {"sensor_id": "54422", "sensor_type": "parking", "street_id": "20175", "method": "point_in_polygon", "dist_m": 0.0}, "geometry": {"type": "Point", "coordinates": [144.960008648464, -37.8132197757249]}}, {"type": "Feature", "properties": {"sensor_id": "17711", "sensor_type": "parking", "street_id": "23378", "method": "point_in_polygon", "dist_m": 0.0}, "geometry": {"type": "Point", "coordinates": [144.939387189729, -37.820177731803]}}, {"type": "Feature", "properties": {"sensor_id": "60221", "sensor_type": "parking", "street_id": "20212", "method": "point_in_polygon", "dist_m": 0.0}, "geometry": {"type": "Point", "coordinates": [144.968425688279, -37.8170758851003]}}, {"type": "Feature", "properties": {"sensor_id": "15326", "sensor_type": "parking", "street_id": "23252", "method": "point_in_polygon", "dist_m": 0.0}, "geometry": {"type": "Point", "coordinates": [144.940146896792, -37.813785369878]}}, {"type": "Feature", "properties": {"sensor_id": "15324", "sensor_type": "parking", "street_id": "23252", "method": "point_in_polygon", "dist_m": 0.0}, "geometry": {"type": "Point", "coordinates": [144.940010008032, -37.8138375267647]}}, {"type": "Feature", "properties": {"sensor_id": "63418", "sensor_type": "parking", "street_id": "20065", "method": "point_in_polygon", "dist_m": 0.0}, "geometry": {"type": "Point", "coordinates": [144.971692115023, -37.8116697721615]}}, {"type": "Feature", "properties": {"sensor_id": "63510", "sensor_type": "parking", "street_id": "20078", "method": "point_in_polygon", "dist_m": 0.0}, "geometry": {"type": "Point", "coordinates": [144.970112586377, -37.8121341464002]}}, {"type": "Feature", "properties": {"sensor_id": "58213", "sensor_type": "parking", "street_id": "20075", "method": "point_in_polygon", "dist_m": 0.0}, "geometry": {"type": "Point", "coordinates": [144.95297624709, -37.8162239483034]}}, {"type": "Feature", "properties": {"sensor_id": "58117", "sensor_type": "parking", "street_id": "20073", "method": "point_in_polygon", "dist_m": 0.0}, "geometry": {"type": "Point", "coordinates": [144.953535627646, -37.8174457821649]}}, {"type": "Feature", "properties": {"sensor_id": "62327", "sensor_type": "parking", "street_id": "20118", "method": "point_in_polygon", "dist_m": 0.0}, "geometry": {"type": "Point", "coordinates": [144.957321982518, -37.8180801287181]}}, {"type": "Feature", "properties": {"sensor_id": "60942", "sensor_type": "parking", "street_id": "20123", "method": "point_in_polygon", "dist_m": 0.0}, "geometry": {"type": "Point", "coordinates": [144.971493953213, -37.8151674267718]}}, {"type": "Feature", "properties": {"sensor_id": "50852", "sensor_type": "parking", "street_id": "20139", "method": "point_in_polygon", "dist_m": 0.0}, "geometry": {"type": "Point", "coordinates": [144.971595789052, -37.8144904807038]}}, {"type": "Feature", "properties": {"sensor_id": "64565", "sensor_type": "parking", "street_id": "20055", "method": "point_in_polygon", "dist_m": 0.0}, "geometry": {"type": "Point", "coordinates": [144.964040002308, -37.8128977060908]}}, {"type": "Feature", "properties": {"sensor_id": "62341", "sensor_type": "parking", "street_id": "20118", "method": "point_in_polygon", "dist_m": 0.0}, "geometry": {"type": "Point", "coordinates": [144.958489590424, -37.8179081425111]}}, {"type": "Feature", "properties": {"sensor_id": "51634", "sensor_type": "parking", "street_id": "20146", "method": "point_in_polygon", "dist_m": 0.0}, "geometry": {"type": "Point", "coordinates": [144.969595236084, -37.8163197375788]}}, {"type": "Feature", "properties": {"sensor_id": "62661", "sensor_type": "parking", "street_id": "20091", "method": "point_in_polygon", "dist_m": 0.0}, "geometry": {"type": "Point", "coordinates": [144.971720473375, -37.812869231261]}}, {"type": "Feature", "properties": {"sensor_id": "62662", "sensor_type": "parking", "street_id": "20091", "method": "point_in_polygon", "dist_m": 0.0}, "geometry": {"type": "Point", "coordinates": [144.971658176669, -37.8128875143772]}}, {"type": "Feature", "properties": {"sensor_id": "65481", "sensor_type": "parking", "street_id": "20009", "method": "point_in_polygon", "dist_m": 0.0}, "geometry": {"type": "Point", "coordinates": [144.961189046953, -37.8124957762273]}}, {"type": "Feature", "properties": {"sensor_id": "65474", "sensor_type": "parking", "street_id": "20009", "method": "point_in_polygon", "dist_m": 0.0}, "geometry": {"type": "Point", "coordinates": [144.961732643282, -37.8123375942108]}}, {"type": "Feature", "properties": {"sensor_id": "65476", "sensor_type": "parking", "street_id": "20009", "method": "point_in_polygon", "dist_m": 0.0}, "geometry": {"type": "Point", "coordinates": [144.961604643859, -37.8123748066211]}}, {"type": "Feature", "properties": {"sensor_id": "65479", "sensor_type": "parking", "street_id": "20009", "method": "point_in_polygon", "dist_m": 0.0}, "geometry": {"type": "Point", "coordinates": [144.961417274076, -37.8124293817761]}}, {"type": "Feature", "properties": {"sensor_id": "61844", "sensor_type": "parking", "street_id": "20108", "method": "point_in_polygon", "dist_m": 0.0}, "geometry": {"type": "Point", "coordinates": [144.969732796713, -37.8146411736541]}}, {"type": "Feature", "properties": {"sensor_id": "61847", "sensor_type": "parking", "street_id": "20108", "method": "point_in_polygon", "dist_m": 0.0}, "geometry": {"type": "Point", "coordinates": [144.96952517899, -37.8147025232115]}}, {"type": "Feature", "properties": {"sensor_id": "67231", "sensor_type": "parking", "street_id": "20026", "method": "point_in_polygon", "dist_m": 0.0}, "geometry": {"type": "Point", "coordinates": [144.957871197656, -37.8114059730196]}}, {"type": "Feature", "properties": {"sensor_id": "51617", "sensor_type": "parking", "street_id": "20146", "method": "point_in_polygon", "dist_m": 0.0}, "geometry": {"type": "Point", "coordinates": [144.969700701618, -37.8160145492016]}}, {"type": "Feature", "properties": {"sensor_id": "64224", "sensor_type": "parking", "street_id": "20049", "method": "point_in_polygon", "dist_m": 0.0}, "geometry": {"type": "Point", "coordinates": [144.971439210741, -37.8106822640535]}}, {"type": "Feature", "properties": {"sensor_id": "51012", "sensor_type": "parking", "street_id": "20141", "method": "point_in_polygon", "dist_m": 0.0}, "geometry": {"type": "Point", "coordinates": [144.970985058853, -37.8128069634356]}}, {"type": "Feature", "properties": {"sensor_id": "65951", "sensor_type": "parking", "street_id": "20036", "method": "point_in_polygon", "dist_m": 0.0}, "geometry": {"type": "Point", "coordinates": [144.968867306881, -37.8092429182143]}}, {"type": "Feature", "properties": {"sensor_id": "52313", "sensor_type": "parking", "street_id": "20153", "method": "point_in_polygon", "dist_m": 0.0}, "geometry": {"type": "Point", "coordinates": [144.966704101481, -37.8094850366942]}}, {"type": "Feature", "properties": {"sensor_id": "62217", "sensor_type": "parking", "street_id": "20116", "method": "point_in_polygon", "dist_m": 0.0}, "geometry": {"type": "Point", "coordinates": [144.960566934741, -37.8171475455812]}}, {"type": "Feature", "properties": {"sensor_id": "63142", "sensor_type": "parking", "street_id": "20101", "method": "point_in_polygon", "dist_m": 0.0}, "geometry": {"type": "Point", "coordinates": [144.959798568012, -37.8163586126259]}}, {"type": "Feature", "properties": {"sensor_id": "65328", "sensor_type": "parking", "street_id": "20007", "method": "point_in_polygon", "dist_m": 0.0}, "geometry": {"type": "Point", "coordinates": [144.962875227427, -37.8120060596168]}}, {"type": "Feature", "properties": {"sensor_id": "65016", "sensor_type": "parking", "street_id": "20001", "method": "point_in_polygon", "dist_m": 0.0}, "geometry": {"type": "Point", "coordinates": [144.971177948585, -37.8095721173798]}}, {"type": "Feature", "properties": {"sensor_id": "54417", "sensor_type": "parking", "street_id": "20175", "method": "point_in_polygon", "dist_m": 0.0}, "geometry": {"type": "Point", "coordinates": [144.960135162915, -37.8134969966321]}}, {"type": "Feature", "properties": {"sensor_id": "53920", "sensor_type": "parking", "street_id": "20170", "method": "point_in_polygon", "dist_m": 0.0}, "geometry": {"type": "Point", "coordinates": [144.962234005788, -37.818068458547]}}, {"type": "Feature", "properties": {"sensor_id": "62316", "sensor_type": "parking", "street_id": "20118", "method": "point_in_polygon", "dist_m": 0.0}, "geometry": {"type": "Point", "coordinates": [144.958220284696, -37.8178228429231]}}, {"type": "Feature", "properties": {"sensor_id": "53917", "sensor_type": "parking", "street_id": "20170", "method": "point_in_polygon", "dist_m": 0.0}, "geometry": {"type": "Point", "coordinates": [144.962307370281, -37.8182284823893]}}, {"type": "Feature", "properties": {"sensor_id": "64137", "sensor_type": "parking", "street_id": "20090", "method": "point_in_polygon", "dist_m": 0.0}, "geometry": {"type": "Point", "coordinates": [144.955260320884, -37.8166181420815]}}, {"type": "Feature", "properties": {"sensor_id": "65161", "sensor_type": "parking", "street_id": "20003", "method": "point_in_polygon", "dist_m": 0.0}, "geometry": {"type": "Point", "coordinates": [144.968115221712, -37.8105679515687]}}, {"type": "Feature", "properties": {"sensor_id": "67320", "sensor_type": "parking", "street_id": "20028", "method": "point_in_polygon", "dist_m": 0.0}, "geometry": {"type": "Point", "coordinates": [144.955142352779, -37.8120493166349]}}, {"type": "Feature", "properties": {"sensor_id": "66452", "sensor_type": "parking", "street_id": "20046", "method": "point_in_polygon", "dist_m": 0.0}, "geometry": {"type": "Point", "coordinates": [144.95524936628, -37.8132256147428]}}, {"type": "Feature", "properties": {"sensor_id": "65331", "sensor_type": "parking", "street_id": "20007", "method": "point_in_polygon", "dist_m": 0.0}, "geometry": {"type": "Point", "coordinates": [144.962679218971, -37.8120630408055]}}, {"type": "Feature", "properties": {"sensor_id": "65330", "sensor_type": "parking", "street_id": "20007", "method": "point_in_polygon", "dist_m": 0.0}, "geometry": {"type": "Point", "coordinates": [144.96274526504, -37.8120438257208]}}, {"type": "Feature", "properties": {"sensor_id": "60735", "sensor_type": "parking", "street_id": "20224", "method": "point_in_polygon", "dist_m": 0.0}, "geometry": {"type": "Point", "coordinates": [144.956577493431, -37.8207515635201]}}, {"type": "Feature", "properties": {"sensor_id": "51929", "sensor_type": "parking", "street_id": "20149", "method": "point_in_polygon", "dist_m": 0.0}, "geometry": {"type": "Point", "coordinates": [144.968386448678, -37.8134320611639]}}, {"type": "Feature", "properties": {"sensor_id": "65850", "sensor_type": "parking", "street_id": "20034", "method": "point_in_polygon", "dist_m": 0.0}, "geometry": {"type": "Point", "coordinates": [144.970679555815, -37.8087286939151]}}, {"type": "Feature", "properties": {"sensor_id": "52230", "sensor_type": "parking", "street_id": "20152", "method": "point_in_polygon", "dist_m": 0.0}, "geometry": {"type": "Point", "coordinates": [144.966923745227, -37.8102341470078]}}, {"type": "Feature", "properties": {"sensor_id": "62318", "sensor_type": "parking", "street_id": "20118", "method": "point_in_polygon", "dist_m": 0.0}, "geometry": {"type": "Point", "coordinates": [144.958073383282, -37.8178649261188]}}, {"type": "Feature", "properties": {"sensor_id": "61949", "sensor_type": "parking", "street_id": "20110", "method": "point_in_polygon", "dist_m": 0.0}, "geometry": {"type": "Point", "coordinates": [144.968126888427, -37.8151097460774]}}, {"type": "Feature", "properties": {"sensor_id": "61948", "sensor_type": "parking", "street_id": "20110", "method": "point_in_polygon", "dist_m": 0.0}, "geometry": {"type": "Point", "coordinates": [144.968190819883, -37.8150911298457]}}, {"type": "Feature", "properties": {"sensor_id": "62412", "sensor_type": "parking", "street_id": "20120", "method": "point_in_polygon", "dist_m": 0.0}, "geometry": {"type": "Point", "coordinates": [144.955987249251, -37.8184634711655]}}, {"type": "Feature", "properties": {"sensor_id": "64013", "sensor_type": "parking", "street_id": "20088", "method": "point_in_polygon", "dist_m": 0.0}, "geometry": {"type": "Point", "coordinates": [144.956970293228, -37.8159520360449]}}, {"type": "Feature", "properties": {"sensor_id": "63954", "sensor_type": "parking", "street_id": "20086", "method": "point_in_polygon", "dist_m": 0.0}, "geometry": {"type": "Point", "coordinates": [144.959354261351, -37.8154347523908]}}, {"type": "Feature", "properties": {"sensor_id": "56713", "sensor_type": "parking", "street_id": "20189", "method": "point_in_polygon", "dist_m": 0.0}, "geometry": {"type": "Point", "coordinates": [144.957032742518, -37.8189578188653]}}, {"type": "Feature", "properties": {"sensor_id": "57312", "sensor_type": "parking", "street_id": "20195", "method": "point_in_polygon", "dist_m": 0.0}, "geometry": {"type": "Point", "coordinates": [144.954331331877, -37.813084415601]}}, {"type": "Feature", "properties": {"sensor_id": "57225", "sensor_type": "parking", "street_id": "20194", "method": "point_in_polygon", "dist_m": 0.0}, "geometry": {"type": "Point", "coordinates": [144.954507901035, -37.8140091410404]}}, {"type": "Feature", "properties": {"sensor_id": "57224", "sensor_type": "parking", "street_id": "20194", "method": "point_in_polygon", "dist_m": 0.0}, "geometry": {"type": "Point", "coordinates": [144.954532952251, -37.8140629789723]}}, {"type": "Feature", "properties": {"sensor_id": "61246", "sensor_type": "parking", "street_id": "20129", "method": "point_in_polygon", "dist_m": 0.0}, "geometry": {"type": "Point", "coordinates": [144.96287666997, -37.8176844271916]}}, {"type": "Feature", "properties": {"sensor_id": "57927", "sensor_type": "parking", "street_id": "20069", "method": "point_in_polygon", "dist_m": 0.0}, "geometry": {"type": "Point", "coordinates": [144.954464019694, -37.8194633606949]}}, {"type": "Feature", "properties": {"sensor_id": "9585", "sensor_type": "parking", "street_id": "20992", "method": "point_in_polygon", "dist_m": 0.0}, "geometry": {"type": "Point", "coordinates": [144.949561430155, -37.8039477474861]}}, {"type": "Feature", "properties": {"sensor_id": "9600", "sensor_type": "parking", "street_id": "20992", "method": "point_in_polygon", "dist_m": 0.0}, "geometry": {"type": "Point", "coordinates": [144.949317627366, -37.8042462487415]}}, {"type": "Feature", "properties": {"sensor_id": "9611", "sensor_type": "parking", "street_id": "20992", "method": "point_in_polygon", "dist_m": 0.0}, "geometry": {"type": "Point", "coordinates": [144.949382197001, -37.80387968937]}}, {"type": "Feature", "properties": {"sensor_id": "9613", "sensor_type": "parking", "street_id": "20992", "method": "point_in_polygon", "dist_m": 0.0}, "geometry": {"type": "Point", "coordinates": [144.949363364185, -37.8039865390569]}}, {"type": "Feature", "properties": {"sensor_id": "62711", "sensor_type": "parking", "street_id": "20093", "method": "point_in_polygon", "dist_m": 0.0}, "geometry": {"type": "Point", "coordinates": [144.970602887482, -37.8131548329986]}}, {"type": "Feature", "properties": {"sensor_id": "60140", "sensor_type": "parking", "street_id": "20210", "method": "point_in_polygon", "dist_m": 0.0}, "geometry": {"type": "Point", "coordinates": [144.971323470313, -37.81641873782]}}, {"type": "Feature", "properties": {"sensor_id": "61653", "sensor_type": "parking", "street_id": "20137", "method": "point_in_polygon", "dist_m": 0.0}, "geometry": {"type": "Point", "coordinates": [144.955024062759, -37.8200352168038]}}, {"type": "Feature", "properties": {"sensor_id": "61248", "sensor_type": "parking", "street_id": "20129", "method": "point_in_polygon", "dist_m": 0.0}, "geometry": {"type": "Point", "coordinates": [144.962748443116, -37.8177210244604]}}, {"type": "Feature", "properties": {"sensor_id": "21543", "sensor_type": "parking", "street_id": "22308", "method": "point_in_polygon", "dist_m": 0.0}, "geometry": {"type": "Point", "coordinates": [144.97979550419, -37.8450889717396]}}, {"type": "Feature", "properties": {"sensor_id": "21545", "sensor_type": "parking", "street_id": "22308", "method": "point_in_polygon", "dist_m": 0.0}, "geometry": {"type": "Point", "coordinates": [144.979931110164, -37.8451068873923]}}, {"type": "Feature", "properties": {"sensor_id": "65440", "sensor_type": "parking", "street_id": "20009", "method": "point_in_polygon", "dist_m": 0.0}, "geometry": {"type": "Point", "coordinates": [144.96170640135, -37.8124296791756]}}, {"type": "Feature", "properties": {"sensor_id": "53933", "sensor_type": "parking", "street_id": "20170", "method": "point_in_polygon", "dist_m": 0.0}, "geometry": {"type": "Point", "coordinates": [144.962211118347, -37.8182906692088]}}, {"type": "Feature", "properties": {"sensor_id": "65462", "sensor_type": "parking", "street_id": "20009", "method": "point_in_polygon", "dist_m": 0.0}, "geometry": {"type": "Point", "coordinates": [144.960531109313, -37.8127732492965]}}, {"type": "Feature", "properties": {"sensor_id": "54437", "sensor_type": "parking", "street_id": "20175", "method": "point_in_polygon", "dist_m": 0.0}, "geometry": {"type": "Point", "coordinates": [144.960010372933, -37.8135013478347]}}, {"type": "Feature", "properties": {"sensor_id": "54440", "sensor_type": "parking", "street_id": "20175", "method": "point_in_polygon", "dist_m": 0.0}, "geometry": {"type": "Point", "coordinates": [144.959965381161, -37.8134044275036]}}, {"type": "Feature", "properties": {"sensor_id": "60426", "sensor_type": "parking", "street_id": "20216", "method": "point_in_polygon", "dist_m": 0.0}, "geometry": {"type": "Point", "coordinates": [144.963259206619, -37.8185797575195]}}, {"type": "Feature", "properties": {"sensor_id": "13402", "sensor_type": "parking", "street_id": "22913", "method": "point_in_polygon", "dist_m": 0.0}, "geometry": {"type": "Point", "coordinates": [144.943420148417, -37.819944312265]}}, {"type": "Feature", "properties": {"sensor_id": "50910", "sensor_type": "parking", "street_id": "20140", "method": "point_in_polygon", "dist_m": 0.0}, "geometry": {"type": "Point", "coordinates": [144.971401680755, -37.8137095093117]}}, {"type": "Feature", "properties": {"sensor_id": "50215", "sensor_type": "parking", "street_id": "20200", "method": "point_in_polygon", "dist_m": 0.0}, "geometry": {"type": "Point", "coordinates": [144.973691441, -37.8124976253941]}}, {"type": "Feature", "properties": {"sensor_id": "50213", "sensor_type": "parking", "street_id": "20200", "method": "point_in_polygon", "dist_m": 0.0}, "geometry": {"type": "Point", "coordinates": [144.973740550733, -37.8126057824053]}}, {"type": "Feature", "properties": {"sensor_id": "50676", "sensor_type": "parking", "street_id": "21847", "method": "point_in_polygon", "dist_m": 0.0}, "geometry": {"type": "Point", "coordinates": [144.971508122775, -37.8083030133991]}}, {"type": "Feature", "properties": {"sensor_id": "65491", "sensor_type": "parking", "street_id": "20009", "method": "point_in_polygon", "dist_m": 0.0}, "geometry": {"type": "Point", "coordinates": [144.960447231353, -37.8129086019866]}}, {"type": "Feature", "properties": {"sensor_id": "16788", "sensor_type": "parking", "street_id": "23224", "method": "point_in_polygon", "dist_m": 0.0}, "geometry": {"type": "Point", "coordinates": [144.936590394537, -37.8128670584369]}}, {"type": "Feature", "properties": {"sensor_id": "14796", "sensor_type": "parking", "street_id": "23224", "method": "point_in_polygon", "dist_m": 0.0}, "geometry": {"type": "Point", "coordinates": [144.936558359674, -37.8128124225893]}}, {"type": "Feature", "properties": {"sensor_id": "14990", "sensor_type": "parking", "street_id": "23224", "method": "point_in_polygon", "dist_m": 0.0}, "geometry": {"type": "Point", "coordinates": [144.936713802041, -37.8130555468626]}}, {"type": "Feature", "properties": {"sensor_id": "57328", "sensor_type": "parking", "street_id": "20195", "method": "point_in_polygon", "dist_m": 0.0}, "geometry": {"type": "Point", "coordinates": [144.953997811035, -37.8129072867053]}}, {"type": "Feature", "properties": {"sensor_id": "16423", "sensor_type": "parking", "street_id": "20897", "method": "point_in_polygon", "dist_m": 0.0}, "geometry": {"type": "Point", "coordinates": [144.981071205081, -37.8098814875909]}}, {"type": "Feature", "properties": {"sensor_id": "9463", "sensor_type": "parking", "street_id": "20931", "method": "point_in_polygon", "dist_m": 0.0}, "geometry": {"type": "Point", "coordinates": [144.957251940672, -37.8055312921778]}}, {"type": "Feature", "properties": {"sensor_id": "23975", "sensor_type": "parking", "street_id": "20939", "method": "point_in_polygon", "dist_m": 0.0}, "geometry": {"type": "Point", "coordinates": [144.957307198288, -37.8045733086828]}}, {"type": "Feature", "properties": {"sensor_id": "66417", "sensor_type": "parking", "street_id": "20046", "method": "point_in_polygon", "dist_m": 0.0}, "geometry": {"type": "Point", "coordinates": [144.955891176638, -37.812992343015]}}, {"type": "Feature", "properties": {"sensor_id": "51636", "sensor_type": "parking", "street_id": "20146", "method": "point_in_polygon", "dist_m": 0.0}, "geometry": {"type": "Point", "coordinates": [144.969534616709, -37.8161881068085]}}, {"type": "Feature", "properties": {"sensor_id": "60731", "sensor_type": "parking", "street_id": "20224", "method": "point_in_polygon", "dist_m": 0.0}, "geometry": {"type": "Point", "coordinates": [144.957074546218, -37.820604996555]}}, {"type": "Feature", "properties": {"sensor_id": "61925", "sensor_type": "parking", "street_id": "20110", "method": "point_in_polygon", "dist_m": 0.0}, "geometry": {"type": "Point", "coordinates": [144.967595227204, -37.8151029622444]}}, {"type": "Feature", "properties": {"sensor_id": "56613", "sensor_type": "parking", "street_id": "20188", "method": "point_in_polygon", "dist_m": 0.0}, "geometry": {"type": "Point", "coordinates": [144.957439157928, -37.819837521751]}}, {"type": "Feature", "properties": {"sensor_id": "57315", "sensor_type": "parking", "street_id": "20195", "method": "point_in_polygon", "dist_m": 0.0}, "geometry": {"type": "Point", "coordinates": [144.954260759655, -37.812932272699]}}, {"type": "Feature", "properties": {"sensor_id": "53935", "sensor_type": "parking", "street_id": "20170", "method": "point_in_polygon", "dist_m": 0.0}, "geometry": {"type": "Point", "coordinates": [144.962175903018, -37.8182141721689]}}, {"type": "Feature", "properties": {"sensor_id": "60223", "sensor_type": "parking", "street_id": "20212", "method": "point_in_polygon", "dist_m": 0.0}, "geometry": {"type": "Point", "coordinates": [144.968300487931, -37.8171127384066]}}, {"type": "Feature", "properties": {"sensor_id": "24274", "sensor_type": "parking", "street_id": "22439", "method": "point_in_polygon", "dist_m": 0.0}, "geometry": {"type": "Point", "coordinates": [144.94236122619, -37.8131348327412]}}, {"type": "Feature", "properties": {"sensor_id": "17963", "sensor_type": "parking", "street_id": "21553", "method": "point_in_polygon", "dist_m": 0.0}, "geometry": {"type": "Point", "coordinates": [144.972719461187, -37.8100987252043]}}, {"type": "Feature", "properties": {"sensor_id": "58114", "sensor_type": "parking", "street_id": "20073", "method": "point_in_polygon", "dist_m": 0.0}, "geometry": {"type": "Point", "coordinates": [144.953614367085, -37.8176139035203]}}, {"type": "Feature", "properties": {"sensor_id": "7845", "sensor_type": "parking", "street_id": "20891", "method": "point_in_polygon", "dist_m": 0.0}, "geometry": {"type": "Point", "coordinates": [144.976918089219, -37.8097503060651]}}, {"type": "Feature", "properties": {"sensor_id": "62325", "sensor_type": "parking", "street_id": "20118", "method": "point_in_polygon", "dist_m": 0.0}, "geometry": {"type": "Point", "coordinates": [144.957450161499, -37.8180434146011]}}, {"type": "Feature", "properties": {"sensor_id": "60940", "sensor_type": "parking", "street_id": "20123", "method": "point_in_polygon", "dist_m": 0.0}, "geometry": {"type": "Point", "coordinates": [144.971623623457, -37.8151293011556]}}, {"type": "Feature", "properties": {"sensor_id": "64571", "sensor_type": "parking", "street_id": "20055", "method": "point_in_polygon", "dist_m": 0.0}, "geometry": {"type": "Point", "coordinates": [144.963384237469, -37.8130890077984]}}, {"type": "Feature", "properties": {"sensor_id": "64562", "sensor_type": "parking", "street_id": "20055", "method": "point_in_polygon", "dist_m": 0.0}, "geometry": {"type": "Point", "coordinates": [144.96425294977, -37.812835207046]}}, {"type": "Feature", "properties": {"sensor_id": "63620", "sensor_type": "parking", "street_id": "20080", "method": "point_in_polygon", "dist_m": 0.0}, "geometry": {"type": "Point", "coordinates": [144.967053940987, -37.8130590739036]}}, {"type": "Feature", "properties": {"sensor_id": "54613", "sensor_type": "parking", "street_id": "20177", "method": "point_in_polygon", "dist_m": 0.0}, "geometry": {"type": "Point", "coordinates": [144.959308159317, -37.8116747256271]}}, {"type": "Feature", "properties": {"sensor_id": "65475", "sensor_type": "parking", "street_id": "20009", "method": "point_in_polygon", "dist_m": 0.0}, "geometry": {"type": "Point", "coordinates": [144.961668744353, -37.8123562270786]}}, {"type": "Feature", "properties": {"sensor_id": "65478", "sensor_type": "parking", "street_id": "20009", "method": "point_in_polygon", "dist_m": 0.0}, "geometry": {"type": "Point", "coordinates": [144.961476800054, -37.8124120622123]}}, {"type": "Feature", "properties": {"sensor_id": "63447", "sensor_type": "parking", "street_id": "20065", "method": "point_in_polygon", "dist_m": 0.0}, "geometry": {"type": "Point", "coordinates": [144.97125871134, -37.8119594515099]}}, {"type": "Feature", "properties": {"sensor_id": "61947", "sensor_type": "parking", "street_id": "20110", "method": "point_in_polygon", "dist_m": 0.0}, "geometry": {"type": "Point", "coordinates": [144.968254777991, -37.8150723824405]}}, {"type": "Feature", "properties": {"sensor_id": "62032", "sensor_type": "parking", "street_id": "20112", "method": "point_in_polygon", "dist_m": 0.0}, "geometry": {"type": "Point", "coordinates": [144.964382113125, -37.8160435145096]}}, {"type": "Feature", "properties": {"sensor_id": "62875", "sensor_type": "parking", "street_id": "20095", "method": "point_in_polygon", "dist_m": 0.0}, "geometry": {"type": "Point", "coordinates": [144.967506113924, -37.8141077494979]}}, {"type": "Feature", "properties": {"sensor_id": "60131", "sensor_type": "parking", "street_id": "20210", "method": "point_in_polygon", "dist_m": 0.0}, "geometry": {"type": "Point", "coordinates": [144.97191332473, -37.8162425143857]}}, {"type": "Feature", "properties": {"sensor_id": "51821", "sensor_type": "parking", "street_id": "20148", "method": "point_in_polygon", "dist_m": 0.0}, "geometry": {"type": "Point", "coordinates": [144.968731189015, -37.8139092593481]}}, {"type": "Feature", "properties": {"sensor_id": "63532", "sensor_type": "parking", "street_id": "20078", "method": "point_in_polygon", "dist_m": 0.0}, "geometry": {"type": "Point", "coordinates": [144.96844726345, -37.8126245996564]}}, {"type": "Feature", "properties": {"sensor_id": "62644", "sensor_type": "parking", "street_id": "20091", "method": "point_in_polygon", "dist_m": 0.0}, "geometry": {"type": "Point", "coordinates": [144.972896782231, -37.8125251320584]}}, {"type": "Feature", "properties": {"sensor_id": "50220", "sensor_type": "parking", "street_id": "20200", "method": "point_in_polygon", "dist_m": 0.0}, "geometry": {"type": "Point", "coordinates": [144.973631729186, -37.8129172213006]}}, {"type": "Feature", "properties": {"sensor_id": "64458", "sensor_type": "parking", "street_id": "20053", "method": "point_in_polygon", "dist_m": 0.0}, "geometry": {"type": "Point", "coordinates": [144.966237558632, -37.812257526692]}}, {"type": "Feature", "properties": {"sensor_id": "63553", "sensor_type": "parking", "street_id": "20078", "method": "point_in_polygon", "dist_m": 0.0}, "geometry": {"type": "Point", "coordinates": [144.96938431595, -37.8125107470815]}}, {"type": "Feature", "properties": {"sensor_id": "63225", "sensor_type": "parking", "street_id": "20103", "method": "point_in_polygon", "dist_m": 0.0}, "geometry": {"type": "Point", "coordinates": [144.95715952528, -37.8170408921169]}}, {"type": "Feature", "properties": {"sensor_id": "62234", "sensor_type": "parking", "street_id": "20116", "method": "point_in_polygon", "dist_m": 0.0}, "geometry": {"type": "Point", "coordinates": [144.961294068888, -37.8171007317243]}}, {"type": "Feature", "properties": {"sensor_id": "57921", "sensor_type": "parking", "street_id": "20069", "method": "point_in_polygon", "dist_m": 0.0}, "geometry": {"type": "Point", "coordinates": [144.954599234083, -37.8197589050082]}}, {"type": "Feature", "properties": {"sensor_id": "65018", "sensor_type": "parking", "street_id": "20001", "method": "point_in_polygon", "dist_m": 0.0}, "geometry": {"type": "Point", "coordinates": [144.971026138089, -37.8096168866152]}}, {"type": "Feature", "properties": {"sensor_id": "54319", "sensor_type": "parking", "street_id": "20174", "method": "point_in_polygon", "dist_m": 0.0}, "geometry": {"type": "Point", "coordinates": [144.960482969465, -37.8142569534706]}}, {"type": "Feature", "properties": {"sensor_id": "63074", "sensor_type": "parking", "street_id": "20099", "method": "point_in_polygon", "dist_m": 0.0}, "geometry": {"type": "Point", "coordinates": [144.961885918773, -37.8157636691409]}}, {"type": "Feature", "properties": {"sensor_id": "50632", "sensor_type": "parking", "street_id": "21848", "method": "point_in_polygon", "dist_m": 0.0}, "geometry": {"type": "Point", "coordinates": [144.971897138884, -37.8088730804976]}}, {"type": "Feature", "properties": {"sensor_id": "65136", "sensor_type": "parking", "street_id": "20003", "method": "point_in_polygon", "dist_m": 0.0}, "geometry": {"type": "Point", "coordinates": [144.96894199589, -37.8103255686669]}}, {"type": "Feature", "properties": {"sensor_id": "65129", "sensor_type": "parking", "street_id": "20003", "method": "point_in_polygon", "dist_m": 0.0}, "geometry": {"type": "Point", "coordinates": [144.969183816559, -37.8102547664058]}}, {"type": "Feature", "properties": {"sensor_id": "52120", "sensor_type": "parking", "street_id": "20151", "method": "point_in_polygon", "dist_m": 0.0}, "geometry": {"type": "Point", "coordinates": [144.967457474673, -37.8111309961159]}}, {"type": "Feature", "properties": {"sensor_id": "65019", "sensor_type": "parking", "street_id": "20001", "method": "point_in_polygon", "dist_m": 0.0}, "geometry": {"type": "Point", "coordinates": [144.97091693532, -37.809648937056]}}, {"type": "Feature", "properties": {"sensor_id": "52229", "sensor_type": "parking", "street_id": "20152", "method": "point_in_polygon", "dist_m": 0.0}, "geometry": {"type": "Point", "coordinates": [144.966934514975, -37.8102574039794]}}, {"type": "Feature", "properties": {"sensor_id": "54625", "sensor_type": "parking", "street_id": "20177", "method": "point_in_polygon", "dist_m": 0.0}, "geometry": {"type": "Point", "coordinates": [144.959260504985, -37.811842933414]}}, {"type": "Feature", "properties": {"sensor_id": "61720", "sensor_type": "parking", "street_id": "20106", "method": "point_in_polygon", "dist_m": 0.0}, "geometry": {"type": "Point", "coordinates": [144.972083970251, -37.8137851741171]}}, {"type": "Feature", "properties": {"sensor_id": "61717", "sensor_type": "parking", "street_id": "20106", "method": "point_in_polygon", "dist_m": 0.0}, "geometry": {"type": "Point", "coordinates": [144.972275837201, -37.8137290278363]}}, {"type": "Feature", "properties": {"sensor_id": "52314", "sensor_type": "parking", "street_id": "20153", "method": "point_in_polygon", "dist_m": 0.0}, "geometry": {"type": "Point", "coordinates": [144.966680250531, -37.809433453399]}}, {"type": "Feature", "properties": {"sensor_id": "50012", "sensor_type": "parking", "street_id": "20196", "method": "point_in_polygon", "dist_m": 0.0}, "geometry": {"type": "Point", "coordinates": [144.974775376354, -37.8148467465236]}}, {"type": "Feature", "properties": {"sensor_id": "56828", "sensor_type": "parking", "street_id": "20190", "method": "point_in_polygon", "dist_m": 0.0}, "geometry": {"type": "Point", "coordinates": [144.956195114485, -37.8176771324168]}}, {"type": "Feature", "properties": {"sensor_id": "57227", "sensor_type": "parking", "street_id": "20194", "method": "point_in_polygon", "dist_m": 0.0}, "geometry": {"type": "Point", "coordinates": [144.954458404515, -37.8139030030852]}}, {"type": "Feature", "properties": {"sensor_id": "51431", "sensor_type": "parking", "street_id": "20145", "method": "point_in_polygon", "dist_m": 0.0}, "geometry": {"type": "Point", "coordinates": [144.969119738358, -37.8089215455986]}}, {"type": "Feature", "properties": {"sensor_id": "61547", "sensor_type": "parking", "street_id": "20135", "method": "point_in_polygon", "dist_m": 0.0}, "geometry": {"type": "Point", "coordinates": [144.957582364037, -37.8193042862116]}}, {"type": "Feature", "properties": {"sensor_id": "66331", "sensor_type": "parking", "street_id": "20044", "method": "point_in_polygon", "dist_m": 0.0}, "geometry": {"type": "Point", "coordinates": [144.95745637063, -37.8125444329194]}}, {"type": "Feature", "properties": {"sensor_id": "11481", "sensor_type": "parking", "street_id": "20990", "method": "point_in_polygon", "dist_m": 0.0}, "geometry": {"type": "Point", "coordinates": [144.950438634856, -37.8031427648843]}}, {"type": "Feature", "properties": {"sensor_id": "12030", "sensor_type": "parking", "street_id": "21182", "method": "point_in_polygon", "dist_m": 0.0}, "geometry": {"type": "Point", "coordinates": [144.953087775171, -37.798373342376]}}, {"type": "Feature", "properties": {"sensor_id": "64215", "sensor_type": "parking", "street_id": "20049", "method": "point_in_polygon", "dist_m": 0.0}, "geometry": {"type": "Point", "coordinates": [144.972105110026, -37.8104861629617]}}, {"type": "Feature", "properties": {"sensor_id": "12081", "sensor_type": "parking", "street_id": "21124", "method": "point_in_polygon", "dist_m": 0.0}, "geometry": {"type": "Point", "coordinates": [144.953821585234, -37.800475718439]}}, {"type": "Feature", "properties": {"sensor_id": "51447", "sensor_type": "parking", "street_id": "20145", "method": "point_in_polygon", "dist_m": 0.0}, "geometry": {"type": "Point", "coordinates": [144.968897131906, -37.8084376400021]}}, {"type": "Feature", "properties": {"sensor_id": "62021", "sensor_type": "parking", "street_id": "20112", "method": "point_in_polygon", "dist_m": 0.0}, "geometry": {"type": "Point", "coordinates": [144.965284288787, -37.8157792039096]}}, {"type": "Feature", "properties": {"sensor_id": "21743", "sensor_type": "parking", "street_id": "22311", "method": "point_in_polygon", "dist_m": 0.0}, "geometry": {"type": "Point", "coordinates": [144.982386701514, -37.8479902032593]}}, {"type": "Feature", "properties": {"sensor_id": "65442", "sensor_type": "parking", "street_id": "20009", "method": "point_in_polygon", "dist_m": 0.0}, "geometry": {"type": "Point", "coordinates": [144.961602405185, -37.8124604359893]}}, {"type": "Feature", "properties": {"sensor_id": "54322", "sensor_type": "parking", "street_id": "20174", "method": "point_in_polygon", "dist_m": 0.0}, "geometry": {"type": "Point", "coordinates": [144.960520934211, -37.8146156180099]}}, {"type": "Feature", "properties": {"sensor_id": "15095", "sensor_type": "parking", "street_id": "23311", "method": "point_in_polygon", "dist_m": 0.0}, "geometry": {"type": "Point", "coordinates": [144.943801189496, -37.8213222873785]}}, {"type": "Feature", "properties": {"sensor_id": "56923", "sensor_type": "parking", "street_id": "20191", "method": "point_in_polygon", "dist_m": 0.0}, "geometry": {"type": "Point", "coordinates": [144.955907422471, -37.8170493202976]}}, {"type": "Feature", "properties": {"sensor_id": "17487", "sensor_type": "parking", "street_id": "23293", "method": "point_in_polygon", "dist_m": 0.0}, "geometry": {"type": "Point", "coordinates": [144.942087174259, -37.8204210749276]}}, {"type": "Feature", "properties": {"sensor_id": "50655", "sensor_type": "parking", "street_id": "21847", "method": "point_in_polygon", "dist_m": 0.0}, "geometry": {"type": "Point", "coordinates": [144.971581219822, -37.808186243557]}}, {"type": "Feature", "properties": {"sensor_id": "61421", "sensor_type": "parking", "street_id": "20133", "method": "point_in_polygon", "dist_m": 0.0}, "geometry": {"type": "Point", "coordinates": [144.960298334854, -37.818323661637]}}, {"type": "Feature", "properties": {"sensor_id": "50658", "sensor_type": "parking", "street_id": "21847", "method": "point_in_polygon", "dist_m": 0.0}, "geometry": {"type": "Point", "coordinates": [144.971551501657, -37.8081177966638]}}, {"type": "Feature", "properties": {"sensor_id": "23813", "sensor_type": "parking", "street_id": "21117", "method": "point_in_polygon", "dist_m": 0.0}, "geometry": {"type": "Point", "coordinates": [144.956530964579, -37.8017658194609]}}, {"type": "Feature", "properties": {"sensor_id": "62328", "sensor_type": "parking", "street_id": "20118", "method": "point_in_polygon", "dist_m": 0.0}, "geometry": {"type": "Point", "coordinates": [144.957256811223, -37.8180987493915]}}, {"type": "Feature", "properties": {"sensor_id": "65445", "sensor_type": "parking", "street_id": "20009", "method": "point_in_polygon", "dist_m": 0.0}, "geometry": {"type": "Point", "coordinates": [144.961546809334, -37.8125022936536]}}, {"type": "Feature", "properties": {"sensor_id": "65447", "sensor_type": "parking", "street_id": "20009", "method": "point_in_polygon", "dist_m": 0.0}, "geometry": {"type": "Point", "coordinates": [144.961477433757, -37.8125222927133]}}, {"type": "Feature", "properties": {"sensor_id": "14792", "sensor_type": "parking", "street_id": "23224", "method": "point_in_polygon", "dist_m": 0.0}, "geometry": {"type": "Point", "coordinates": [144.936435684428, -37.8126097957537]}}, {"type": "Feature", "properties": {"sensor_id": "9428", "sensor_type": "parking", "street_id": "20939", "method": "point_in_polygon", "dist_m": 0.0}, "geometry": {"type": "Point", "coordinates": [144.957423858919, -37.8045593765845]}}, {"type": "Feature", "properties": {"sensor_id": "21492", "sensor_type": "parking", "street_id": "23225", "method": "point_in_polygon", "dist_m": 0.0}, "geometry": {"type": "Point", "coordinates": [144.93928156838, -37.8133152711034]}}, {"type": "Feature", "properties": {"sensor_id": "24273", "sensor_type": "parking", "street_id": "22439", "method": "point_in_polygon", "dist_m": 0.0}, "geometry": {"type": "Point", "coordinates": [144.942422788201, -37.8131116916225]}}, {"type": "Feature", "properties": {"sensor_id": "66433", "sensor_type": "parking", "street_id": "20046", "method": "point_in_polygon", "dist_m": 0.0}, "geometry": {"type": "Point", "coordinates": [144.956604132559, -37.812841201959]}}, {"type": "Feature", "properties": {"sensor_id": "57314", "sensor_type": "parking", "street_id": "20195", "method": "point_in_polygon", "dist_m": 0.0}, "geometry": {"type": "Point", "coordinates": [144.95428429383, -37.8129829596672]}}, {"type": "Feature", "properties": {"sensor_id": "53914", "sensor_type": "parking", "street_id": "20170", "method": "point_in_polygon", "dist_m": 0.0}, "geometry": {"type": "Point", "coordinates": [144.962392436968, -37.8184125214775]}}, {"type": "Feature", "properties": {"sensor_id": "11180", "sensor_type": "parking", "street_id": "20998", "method": "point_in_polygon", "dist_m": 0.0}, "geometry": {"type": "Point", "coordinates": [144.948178475801, -37.8033618938906]}}, {"type": "Feature", "properties": {"sensor_id": "50520", "sensor_type": "parking", "street_id": "20206", "method": "point_in_polygon", "dist_m": 0.0}, "geometry": {"type": "Point", "coordinates": [144.972273948833, -37.8099651767365]}}, {"type": "Feature", "properties": {"sensor_id": "13392", "sensor_type": "parking", "street_id": "22913", "method": "point_in_polygon", "dist_m": 0.0}, "geometry": {"type": "Point", "coordinates": [144.943066045208, -37.8200472901522]}}, {"type": "Feature", "properties": {"sensor_id": "62330", "sensor_type": "parking", "street_id": "20118", "method": "point_in_polygon", "dist_m": 0.0}, "geometry": {"type": "Point", "coordinates": [144.957124325082, -37.8181366832181]}}, {"type": "Feature", "properties": {"sensor_id": "63516", "sensor_type": "parking", "street_id": "20078", "method": "point_in_polygon", "dist_m": 0.0}, "geometry": {"type": "Point", "coordinates": [144.969687220931, -37.8122593593266]}}, {"type": "Feature", "properties": {"sensor_id": "63545", "sensor_type": "parking", "street_id": "20078", "method": "point_in_polygon", "dist_m": 0.0}, "geometry": {"type": "Point", "coordinates": [144.969896326403, -37.8123601277897]}}, {"type": "Feature", "properties": {"sensor_id": "64465", "sensor_type": "parking", "street_id": "20053", "method": "point_in_polygon", "dist_m": 0.0}, "geometry": {"type": "Point", "coordinates": [144.965764032555, -37.8123963860078]}}, {"type": "Feature", "properties": {"sensor_id": "63063", "sensor_type": "parking", "street_id": "20099", "method": "point_in_polygon", "dist_m": 0.0}, "geometry": {"type": "Point", "coordinates": [144.962698779777, -37.8155266024782]}}, {"type": "Feature", "properties": {"sensor_id": "63016", "sensor_type": "parking", "street_id": "20099", "method": "point_in_polygon", "dist_m": 0.0}, "geometry": {"type": "Point", "coordinates": [144.962972735827, -37.8153852612963]}}, {"type": "Feature", "properties": {"sensor_id": "50850", "sensor_type": "parking", "street_id": "20139", "method": "point_in_polygon", "dist_m": 0.0}, "geometry": {"type": "Point", "coordinates": [144.97165950326, -37.8146286357895]}}, {"type": "Feature", "properties": {"sensor_id": "64563", "sensor_type": "parking", "street_id": "20055", "method": "point_in_polygon", "dist_m": 0.0}, "geometry": {"type": "Point", "coordinates": [144.964178457396, -37.8128570889299]}}, {"type": "Feature", "properties": {"sensor_id": "64564", "sensor_type": "parking", "street_id": "20055", "method": "point_in_polygon", "dist_m": 0.0}, "geometry": {"type": "Point", "coordinates": [144.96410391459, -37.8128789639225]}}, {"type": "Feature", "properties": {"sensor_id": "63626", "sensor_type": "parking", "street_id": "20080", "method": "point_in_polygon", "dist_m": 0.0}, "geometry": {"type": "Point", "coordinates": [144.966668454504, -37.8131724230895]}}, {"type": "Feature", "properties": {"sensor_id": "51751", "sensor_type": "parking", "street_id": "20147", "method": "point_in_polygon", "dist_m": 0.0}, "geometry": {"type": "Point", "coordinates": [144.969079164704, -37.8151958605704]}}, {"type": "Feature", "properties": {"sensor_id": "60839", "sensor_type": "parking", "street_id": "20121", "method": "point_in_polygon", "dist_m": 0.0}, "geometry": {"type": "Point", "coordinates": [144.973330640481, -37.81463150943]}}, {"type": "Feature", "properties": {"sensor_id": "61739", "sensor_type": "parking", "street_id": "20106", "method": "point_in_polygon", "dist_m": 0.0}, "geometry": {"type": "Point", "coordinates": [144.972386789824, -37.8138582918849]}}, {"type": "Feature", "properties": {"sensor_id": "50219", "sensor_type": "parking", "street_id": "20200", "method": "point_in_polygon", "dist_m": 0.0}, "geometry": {"type": "Point", "coordinates": [144.973653273529, -37.8129648367682]}}, {"type": "Feature", "properties": {"sensor_id": "64459", "sensor_type": "parking", "street_id": "20053", "method": "point_in_polygon", "dist_m": 0.0}, "geometry": {"type": "Point", "coordinates": [144.966169896364, -37.8122773507694]}}, {"type": "Feature", "properties": {"sensor_id": "64226", "sensor_type": "parking", "street_id": "20049", "method": "point_in_polygon", "dist_m": 0.0}, "geometry": {"type": "Point", "coordinates": [144.971300248578, -37.8107233271713]}}, {"type": "Feature", "properties": {"sensor_id": "52246", "sensor_type": "parking", "street_id": "20152", "method": "point_in_polygon", "dist_m": 0.0}, "geometry": {"type": "Point", "coordinates": [144.966862159884, -37.8103803005292]}}, {"type": "Feature", "properties": {"sensor_id": "53226", "sensor_type": "parking", "street_id": "20167", "method": "point_in_polygon", "dist_m": 0.0}, "geometry": {"type": "Point", "coordinates": [144.962382310513, -37.8127816825642]}}, {"type": "Feature", "properties": {"sensor_id": "53216", "sensor_type": "parking", "street_id": "20167", "method": "point_in_polygon", "dist_m": 0.0}, "geometry": {"type": "Point", "coordinates": [144.962504863168, -37.8125940822955]}}, {"type": "Feature", "properties": {"sensor_id": "65134", "sensor_type": "parking", "street_id": "20003", "method": "point_in_polygon", "dist_m": 0.0}, "geometry": {"type": "Point", "coordinates": [144.969034638388, -37.8102982716243]}}, {"type": "Feature", "properties": {"sensor_id": "54416", "sensor_type": "parking", "street_id": "20175", "method": "point_in_polygon", "dist_m": 0.0}, "geometry": {"type": "Point", "coordinates": [144.960156036756, -37.8135427436851]}}, {"type": "Feature", "properties": {"sensor_id": "60733", "sensor_type": "parking", "street_id": "20224", "method": "point_in_polygon", "dist_m": 0.0}, "geometry": {"type": "Point", "coordinates": [144.956943224082, -37.8206414881955]}}, {"type": "Feature", "properties": {"sensor_id": "51938", "sensor_type": "parking", "street_id": "20149", "method": "point_in_polygon", "dist_m": 0.0}, "geometry": {"type": "Point", "coordinates": [144.968282582532, -37.813204770245]}}, {"type": "Feature", "properties": {"sensor_id": "65852", "sensor_type": "parking", "street_id": "20034", "method": "point_in_polygon", "dist_m": 0.0}, "geometry": {"type": "Point", "coordinates": [144.970551687721, -37.8087656523819]}}, {"type": "Feature", "properties": {"sensor_id": "65822", "sensor_type": "parking", "street_id": "20034", "method": "point_in_polygon", "dist_m": 0.0}, "geometry": {"type": "Point", "coordinates": [144.970706433478, -37.8086713340263]}}, {"type": "Feature", "properties": {"sensor_id": "65098", "sensor_type": "parking", "street_id": "20001", "method": "point_in_polygon", "dist_m": 0.0}, "geometry": {"type": "Point", "coordinates": [144.970167890806, -37.8100665104561]}}, {"type": "Feature", "properties": {"sensor_id": "65093", "sensor_type": "parking", "street_id": "20001", "method": "point_in_polygon", "dist_m": 0.0}, "geometry": {"type": "Point", "coordinates": [144.970567066813, -37.8099495440652]}}, {"type": "Feature", "properties": {"sensor_id": "52231", "sensor_type": "parking", "street_id": "20152", "method": "point_in_polygon", "dist_m": 0.0}, "geometry": {"type": "Point", "coordinates": [144.966912975511, -37.8102108909361]}}, {"type": "Feature", "properties": {"sensor_id": "61737", "sensor_type": "parking", "street_id": "20106", "method": "point_in_polygon", "dist_m": 0.0}, "geometry": {"type": "Point", "coordinates": [144.972512522594, -37.8138216465038]}}, {"type": "Feature", "properties": {"sensor_id": "61912", "sensor_type": "parking", "street_id": "20110", "method": "point_in_polygon", "dist_m": 0.0}, "geometry": {"type": "Point", "coordinates": [144.968429990362, -37.8148583618696]}}, {"type": "Feature", "properties": {"sensor_id": "61943", "sensor_type": "parking", "street_id": "20110", "method": "point_in_polygon", "dist_m": 0.0}, "geometry": {"type": "Point", "coordinates": [144.968543466775, -37.8149876071909]}}, {"type": "Feature", "properties": {"sensor_id": "61952", "sensor_type": "parking", "street_id": "20110", "method": "point_in_polygon", "dist_m": 0.0}, "geometry": {"type": "Point", "coordinates": [144.967933090817, -37.8151664795699]}}, {"type": "Feature", "properties": {"sensor_id": "63539", "sensor_type": "parking", "street_id": "20078", "method": "point_in_polygon", "dist_m": 0.0}, "geometry": {"type": "Point", "coordinates": [144.970279661698, -37.8122473661557]}}, {"type": "Feature", "properties": {"sensor_id": "53225", "sensor_type": "parking", "street_id": "20167", "method": "point_in_polygon", "dist_m": 0.0}, "geometry": {"type": "Point", "coordinates": [144.962405701199, -37.812832452614]}}, {"type": "Feature", "properties": {"sensor_id": "56825", "sensor_type": "parking", "street_id": "20190", "method": "point_in_polygon", "dist_m": 0.0}, "geometry": {"type": "Point", "coordinates": [144.956352133226, -37.8180209063104]}}, {"type": "Feature", "properties": {"sensor_id": "57319", "sensor_type": "parking", "street_id": "20195", "method": "point_in_polygon", "dist_m": 0.0}, "geometry": {"type": "Point", "coordinates": [144.954165233915, -37.8127273292411]}}, {"type": "Feature", "properties": {"sensor_id": "57215", "sensor_type": "parking", "street_id": "20194", "method": "point_in_polygon", "dist_m": 0.0}, "geometry": {"type": "Point", "coordinates": [144.954669360484, -37.8138111504627]}}, {"type": "Feature", "properties": {"sensor_id": "9576", "sensor_type": "parking", "street_id": "20992", "method": "point_in_polygon", "dist_m": 0.0}, "geometry": {"type": "Point", "coordinates": [144.949460328674, -37.8045204612916]}}, {"type": "Feature", "properties": {"sensor_id": "9627", "sensor_type": "parking", "street_id": "20994", "method": "point_in_polygon", "dist_m": 0.0}, "geometry": {"type": "Point", "coordinates": [144.948487241747, -37.8049578213005]}}, {"type": "Feature", "properties": {"sensor_id": "63214", "sensor_type": "parking", "street_id": "20103", "method": "point_in_polygon", "dist_m": 0.0}, "geometry": {"type": "Point", "coordinates": [144.958062884724, -37.816759786443]}}, {"type": "Feature", "properties": {"sensor_id": "63211", "sensor_type": "parking", "street_id": "20103", "method": "point_in_polygon", "dist_m": 0.0}, "geometry": {"type": "Point", "coordinates": [144.958258467529, -37.8167039920993]}}, {"type": "Feature", "properties": {"sensor_id": "61649", "sensor_type": "parking", "street_id": "20137", "method": "point_in_polygon", "dist_m": 0.0}, "geometry": {"type": "Point", "coordinates": [144.95529233776, -37.8199593358693]}}, {"type": "Feature", "properties": {"sensor_id": "21539", "sensor_type": "parking", "street_id": "22308", "method": "point_in_polygon", "dist_m": 0.0}, "geometry": {"type": "Point", "coordinates": [144.979593215812, -37.8450622478349]}}, {"type": "Feature", "properties": {"sensor_id": "51733", "sensor_type": "parking", "street_id": "20147", "method": "point_in_polygon", "dist_m": 0.0}, "geometry": {"type": "Point", "coordinates": [144.969179894172, -37.8151535038713]}}, {"type": "Feature", "properties": {"sensor_id": "53934", "sensor_type": "parking", "street_id": "20170", "method": "point_in_polygon", "dist_m": 0.0}, "geometry": {"type": "Point", "coordinates": [144.962185864946, -37.8182358335372]}}, {"type": "Feature", "properties": {"sensor_id": "21512", "sensor_type": "parking", "street_id": "22199", "method": "point_in_polygon", "dist_m": 0.0}, "geometry": {"type": "Point", "coordinates": [144.975484256184, -37.8347745605505]}}, {"type": "Feature", "properties": {"sensor_id": "21513", "sensor_type": "parking", "street_id": "22199", "method": "point_in_polygon", "dist_m": 0.0}, "geometry": {"type": "Point", "coordinates": [144.975551885571, -37.8347833916472]}}, {"type": "Feature", "properties": {"sensor_id": "15097", "sensor_type": "parking", "street_id": "23311", "method": "point_in_polygon", "dist_m": 0.0}, "geometry": {"type": "Point", "coordinates": [144.943931552341, -37.8213535506261]}}, {"type": "Feature", "properties": {"sensor_id": "64014", "sensor_type": "parking", "street_id": "20088", "method": "point_in_polygon", "dist_m": 0.0}, "geometry": {"type": "Point", "coordinates": [144.956905820318, -37.8159706967326]}}, {"type": "Feature", "properties": {"sensor_id": "50912", "sensor_type": "parking", "street_id": "20140", "method": "point_in_polygon", "dist_m": 0.0}, "geometry": {"type": "Point", "coordinates": [144.971357568741, -37.8136139110748]}}, {"type": "Feature", "properties": {"sensor_id": "53949", "sensor_type": "parking", "street_id": "20170", "method": "point_in_polygon", "dist_m": 0.0}, "geometry": {"type": "Point", "coordinates": [144.962096942223, -37.8183134106813]}}, {"type": "Feature", "properties": {"sensor_id": "53950", "sensor_type": "parking", "street_id": "20170", "method": "point_in_polygon", "dist_m": 0.0}, "geometry": {"type": "Point", "coordinates": [144.962069327339, -37.8182542716343]}}, {"type": "Feature", "properties": {"sensor_id": "50656", "sensor_type": "parking", "street_id": "21847", "method": "point_in_polygon", "dist_m": 0.0}, "geometry": {"type": "Point", "coordinates": [144.971570394443, -37.8081624016505]}}, {"type": "Feature", "properties": {"sensor_id": "18615", "sensor_type": "parking", "street_id": "22956", "method": "point_in_polygon", "dist_m": 0.0}, "geometry": {"type": "Point", "coordinates": [144.944679501112, -37.8213541983769]}}, {"type": "Feature", "properties": {"sensor_id": "18616", "sensor_type": "parking", "street_id": "22956", "method": "point_in_polygon", "dist_m": 0.0}, "geometry": {"type": "Point", "coordinates": [144.944742559472, -37.8213667747686]}}, {"type": "Feature", "properties": {"sensor_id": "60226", "sensor_type": "parking", "street_id": "20212", "method": "point_in_polygon", "dist_m": 0.0}, "geometry": {"type": "Point", "coordinates": [144.968108425593, -37.8171693725112]}}, {"type": "Feature", "properties": {"sensor_id": "16410", "sensor_type": "parking", "street_id": "20897", "method": "point_in_polygon", "dist_m": 0.0}, "geometry": {"type": "Point", "coordinates": [144.981118417912, -37.8095965262713]}}, {"type": "Feature", "properties": {"sensor_id": "9429", "sensor_type": "parking", "street_id": "20939", "method": "point_in_polygon", "dist_m": 0.0}, "geometry": {"type": "Point", "coordinates": [144.957419287651, -37.8045852753621]}}, {"type": "Feature", "properties": {"sensor_id": "56914", "sensor_type": "parking", "street_id": "20191", "method": "point_in_polygon", "dist_m": 0.0}, "geometry": {"type": "Point", "coordinates": [144.95607844612, -37.8168777954895]}}, {"type": "Feature", "properties": {"sensor_id": "58012", "sensor_type": "parking", "street_id": "20434", "method": "point_in_polygon", "dist_m": 0.0}, "geometry": {"type": "Point", "coordinates": [144.954185192188, -37.8177300149345]}}, {"type": "Feature", "properties": {"sensor_id": "67322", "sensor_type": "parking", "street_id": "20028", "method": "point_in_polygon", "dist_m": 0.0}, "geometry": {"type": "Point", "coordinates": [144.955014002245, -37.8120856520508]}}, {"type": "Feature", "properties": {"sensor_id": "61411", "sensor_type": "parking", "street_id": "20133", "method": "point_in_polygon", "dist_m": 0.0}, "geometry": {"type": "Point", "coordinates": [144.960311938318, -37.8184685574692]}}, {"type": "Feature", "properties": {"sensor_id": "61913", "sensor_type": "parking", "street_id": "20110", "method": "point_in_polygon", "dist_m": 0.0}, "geometry": {"type": "Point", "coordinates": [144.968366016054, -37.8148771170236]}}, {"type": "Feature", "properties": {"sensor_id": "53222", "sensor_type": "parking", "street_id": "20167", "method": "point_in_polygon", "dist_m": 0.0}, "geometry": {"type": "Point", "coordinates": [144.962474521053, -37.8129822632017]}}, {"type": "Feature", "properties": {"sensor_id": "56616", "sensor_type": "parking", "street_id": "20188", "method": "point_in_polygon", "dist_m": 0.0}, "geometry": {"type": "Point", "coordinates": [144.957355844823, -37.8196570391775]}}, {"type": "Feature", "properties": {"sensor_id": "65143", "sensor_type": "parking", "street_id": "20003", "method": "point_in_polygon", "dist_m": 0.0}, "geometry": {"type": "Point", "coordinates": [144.96870376895, -37.8103954099043]}}, {"type": "Feature", "properties": {"sensor_id": "13398", "sensor_type": "parking", "street_id": "22913", "method": "point_in_polygon", "dist_m": 0.0}, "geometry": {"type": "Point", "coordinates": [144.943270863068, -37.8199877270547]}}, {"type": "Feature", "properties": {"sensor_id": "51017", "sensor_type": "parking", "street_id": "20141", "method": "point_in_polygon", "dist_m": 0.0}, "geometry": {"type": "Point", "coordinates": [144.970861912409, -37.8125400329122]}}, {"type": "Feature", "properties": {"sensor_id": "56913", "sensor_type": "parking", "street_id": "20191", "method": "point_in_polygon", "dist_m": 0.0}, "geometry": {"type": "Point", "coordinates": [144.956101793003, -37.8169295325854]}}, {"type": "Feature", "properties": {"sensor_id": "24276", "sensor_type": "parking", "street_id": "22439", "method": "point_in_polygon", "dist_m": 0.0}, "geometry": {"type": "Point", "coordinates": [144.942238391287, -37.8131815759385]}}, {"type": "Feature", "properties": {"sensor_id": "66442", "sensor_type": "parking", "street_id": "20046", "method": "point_in_polygon", "dist_m": 0.0}, "geometry": {"type": "Point", "coordinates": [144.955943709414, -37.8130278993544]}}, {"type": "Feature", "properties": {"sensor_id": "61242", "sensor_type": "parking", "street_id": "20129", "method": "point_in_polygon", "dist_m": 0.0}, "geometry": {"type": "Point", "coordinates": [144.96313312388, -37.8176111986184]}}, {"type": "Feature", "properties": {"sensor_id": "17961", "sensor_type": "parking", "street_id": "21553", "method": "point_in_polygon", "dist_m": 0.0}, "geometry": {"type": "Point", "coordinates": [144.972735595989, -37.809991277464]}}, {"type": "Feature", "properties": {"sensor_id": "17962", "sensor_type": "parking", "street_id": "21553", "method": "point_in_polygon", "dist_m": 0.0}, "geometry": {"type": "Point", "coordinates": [144.972727473333, -37.8100447209248]}}, {"type": "Feature", "properties": {"sensor_id": "25016", "sensor_type": "parking", "street_id": "20889", "method": "point_in_polygon", "dist_m": 0.0}, "geometry": {"type": "Point", "coordinates": [144.974564677055, -37.8094933895097]}}, {"type": "Feature", "properties": {"sensor_id": "7929", "sensor_type": "parking", "street_id": "20898", "method": "point_in_polygon", "dist_m": 0.0}, "geometry": {"type": "Point", "coordinates": [144.983042889345, -37.8102854657974]}}, {"type": "Feature", "properties": {"sensor_id": "61139", "sensor_type": "parking", "street_id": "20127", "method": "point_in_polygon", "dist_m": 0.0}, "geometry": {"type": "Point", "coordinates": [144.965919870336, -37.8168037793565]}}, {"type": "Feature", "properties": {"sensor_id": "64570", "sensor_type": "parking", "street_id": "20055", "method": "point_in_polygon", "dist_m": 0.0}, "geometry": {"type": "Point", "coordinates": [144.963452795098, -37.8130688195349]}}, {"type": "Feature", "properties": {"sensor_id": "63624", "sensor_type": "parking", "street_id": "20080", "method": "point_in_polygon", "dist_m": 0.0}, "geometry": {"type": "Point", "coordinates": [144.96679623974, -37.8131348489944]}}, {"type": "Feature", "properties": {"sensor_id": "63622", "sensor_type": "parking", "street_id": "20080", "method": "point_in_polygon", "dist_m": 0.0}, "geometry": {"type": "Point", "coordinates": [144.966924024849, -37.8130972747564]}}, {"type": "Feature", "properties": {"sensor_id": "63618", "sensor_type": "parking", "street_id": "20080", "method": "point_in_polygon", "dist_m": 0.0}, "geometry": {"type": "Point", "coordinates": [144.967181727001, -37.8130214984963]}}, {"type": "Feature", "properties": {"sensor_id": "62059", "sensor_type": "parking", "street_id": "20112", "method": "point_in_polygon", "dist_m": 0.0}, "geometry": {"type": "Point", "coordinates": [144.965001194463, -37.8160235782319]}}, {"type": "Feature", "properties": {"sensor_id": "62031", "sensor_type": "parking", "street_id": "20112", "method": "point_in_polygon", "dist_m": 0.0}, "geometry": {"type": "Point", "coordinates": [144.964458788527, -37.8160209837731]}}, {"type": "Feature", "properties": {"sensor_id": "51815", "sensor_type": "parking", "street_id": "20148", "method": "point_in_polygon", "dist_m": 0.0}, "geometry": {"type": "Point", "coordinates": [144.968870916457, -37.8142140782597]}}, {"type": "Feature", "properties": {"sensor_id": "62712", "sensor_type": "parking", "street_id": "20093", "method": "point_in_polygon", "dist_m": 0.0}, "geometry": {"type": "Point", "coordinates": [144.97053897698, -37.8131735812824]}}, {"type": "Feature", "properties": {"sensor_id": "64045", "sensor_type": "parking", "street_id": "20088", "method": "point_in_polygon", "dist_m": 0.0}, "geometry": {"type": "Point", "coordinates": [144.956758192104, -37.8161763551824]}}, {"type": "Feature", "properties": {"sensor_id": "66435", "sensor_type": "parking", "street_id": "20046", "method": "point_in_polygon", "dist_m": 0.0}, "geometry": {"type": "Point", "coordinates": [144.956475525142, -37.812877010769]}}, {"type": "Feature", "properties": {"sensor_id": "65327", "sensor_type": "parking", "street_id": "20007", "method": "point_in_polygon", "dist_m": 0.0}, "geometry": {"type": "Point", "coordinates": [144.962939093037, -37.8119874990466]}}, {"type": "Feature", "properties": {"sensor_id": "53918", "sensor_type": "parking", "street_id": "20170", "method": "point_in_polygon", "dist_m": 0.0}, "geometry": {"type": "Point", "coordinates": [144.962282915737, -37.818175142634]}}, {"type": "Feature", "properties": {"sensor_id": "50633", "sensor_type": "parking", "street_id": "21848", "method": "point_in_polygon", "dist_m": 0.0}, "geometry": {"type": "Point", "coordinates": [144.971886196122, -37.8088492667739]}}, {"type": "Feature", "properties": {"sensor_id": "65183", "sensor_type": "parking", "street_id": "20003", "method": "point_in_polygon", "dist_m": 0.0}, "geometry": {"type": "Point", "coordinates": [144.968729927865, -37.8104870865106]}}, {"type": "Feature", "properties": {"sensor_id": "65159", "sensor_type": "parking", "street_id": "20003", "method": "point_in_polygon", "dist_m": 0.0}, "geometry": {"type": "Point", "coordinates": [144.968170663096, -37.8105518155479]}}, {"type": "Feature", "properties": {"sensor_id": "65133", "sensor_type": "parking", "street_id": "20003", "method": "point_in_polygon", "dist_m": 0.0}, "geometry": {"type": "Point", "coordinates": [144.969063379254, -37.8102899641774]}}, {"type": "Feature", "properties": {"sensor_id": "67327", "sensor_type": "parking", "street_id": "20028", "method": "point_in_polygon", "dist_m": 0.0}, "geometry": {"type": "Point", "coordinates": [144.95469308791, -37.8121764915526]}}, {"type": "Feature", "properties": {"sensor_id": "65212", "sensor_type": "parking", "street_id": "20005", "method": "point_in_polygon", "dist_m": 0.0}, "geometry": {"type": "Point", "coordinates": [144.966623461977, -37.8109090648697]}}, {"type": "Feature", "properties": {"sensor_id": "65059", "sensor_type": "parking", "street_id": "20001", "method": "point_in_polygon", "dist_m": 0.0}, "geometry": {"type": "Point", "coordinates": [144.970664771737, -37.8098208430386]}}, {"type": "Feature", "properties": {"sensor_id": "52215", "sensor_type": "parking", "street_id": "20152", "method": "point_in_polygon", "dist_m": 0.0}, "geometry": {"type": "Point", "coordinates": [144.967066383557, -37.8102710305253]}}, {"type": "Feature", "properties": {"sensor_id": "52227", "sensor_type": "parking", "street_id": "20152", "method": "point_in_polygon", "dist_m": 0.0}, "geometry": {"type": "Point", "coordinates": [144.966955760613, -37.8103032824743]}}, {"type": "Feature", "properties": {"sensor_id": "62236", "sensor_type": "parking", "street_id": "20116", "method": "point_in_polygon", "dist_m": 0.0}, "geometry": {"type": "Point", "coordinates": [144.961143867341, -37.8171437326181]}}, {"type": "Feature", "properties": {"sensor_id": "62417", "sensor_type": "parking", "street_id": "20120", "method": "point_in_polygon", "dist_m": 0.0}, "geometry": {"type": "Point", "coordinates": [144.955663986217, -37.8185561346571]}}, {"type": "Feature", "properties": {"sensor_id": "63963", "sensor_type": "parking", "street_id": "20086", "method": "point_in_polygon", "dist_m": 0.0}, "geometry": {"type": "Point", "coordinates": [144.958775704656, -37.8156014318808]}}, {"type": "Feature", "properties": {"sensor_id": "56617", "sensor_type": "parking", "street_id": "20188", "method": "point_in_polygon", "dist_m": 0.0}, "geometry": {"type": "Point", "coordinates": [144.957330459132, -37.8196020289016]}}, {"type": "Feature", "properties": {"sensor_id": "57316", "sensor_type": "parking", "street_id": "20195", "method": "point_in_polygon", "dist_m": 0.0}, "geometry": {"type": "Point", "coordinates": [144.954237201044, -37.8128817277909]}}, {"type": "Feature", "properties": {"sensor_id": "57223", "sensor_type": "parking", "street_id": "20194", "method": "point_in_polygon", "dist_m": 0.0}, "geometry": {"type": "Point", "coordinates": [144.954558027611, -37.8141169712749]}}, {"type": "Feature", "properties": {"sensor_id": "51443", "sensor_type": "parking", "street_id": "20145", "method": "point_in_polygon", "dist_m": 0.0}, "geometry": {"type": "Point", "coordinates": [144.968946208885, -37.8085442646082]}}, {"type": "Feature", "properties": {"sensor_id": "66328", "sensor_type": "parking", "street_id": "20044", "method": "point_in_polygon", "dist_m": 0.0}, "geometry": {"type": "Point", "coordinates": [144.95765108109, -37.8124881289111]}}, {"type": "Feature", "properties": {"sensor_id": "66327", "sensor_type": "parking", "street_id": "20044", "method": "point_in_polygon", "dist_m": 0.0}, "geometry": {"type": "Point", "coordinates": [144.957715055968, -37.8124696116317]}}, {"type": "Feature", "properties": {"sensor_id": "9625", "sensor_type": "parking", "street_id": "20994", "method": "point_in_polygon", "dist_m": 0.0}, "geometry": {"type": "Point", "coordinates": [144.948543458146, -37.8049641549493]}}, {"type": "Feature", "properties": {"sensor_id": "11878", "sensor_type": "parking", "street_id": "22686", "method": "point_in_polygon", "dist_m": 0.0}, "geometry": {"type": "Point", "coordinates": [144.956185866014, -37.8008420292125]}}, {"type": "Feature", "properties": {"sensor_id": "11932", "sensor_type": "parking", "street_id": "21122", "method": "point_in_polygon", "dist_m": 0.0}, "geometry": {"type": "Point", "coordinates": [144.954988805232, -37.8012370172128]}}, {"type": "Feature", "properties": {"sensor_id": "63126", "sensor_type": "parking", "street_id": "20101", "method": "point_in_polygon", "dist_m": 0.0}, "geometry": {"type": "Point", "coordinates": [144.959832935884, -37.8162993817779]}}, {"type": "Feature", "properties": {"sensor_id": "64233", "sensor_type": "parking", "street_id": "20049", "method": "point_in_polygon", "dist_m": 0.0}, "geometry": {"type": "Point", "coordinates": [144.970813745038, -37.8108657709793]}}, {"type": "Feature", "properties": {"sensor_id": "51438", "sensor_type": "parking", "street_id": "20145", "method": "point_in_polygon", "dist_m": 0.0}, "geometry": {"type": "Point", "coordinates": [144.969007541112, -37.8086775732196]}}, {"type": "Feature", "properties": {"sensor_id": "54129", "sensor_type": "parking", "street_id": "20172", "method": "point_in_polygon", "dist_m": 0.0}, "geometry": {"type": "Point", "coordinates": [144.961352876317, -37.8164229039077]}}, {"type": "Feature", "properties": {"sensor_id": "54128", "sensor_type": "parking", "street_id": "20172", "method": "point_in_polygon", "dist_m": 0.0}, "geometry": {"type": "Point", "coordinates": [144.961363207969, -37.8164453287587]}}, {"type": "Feature", "properties": {"sensor_id": "54528", "sensor_type": "parking", "street_id": "20176", "method": "point_in_polygon", "dist_m": 0.0}, "geometry": {"type": "Point", "coordinates": [144.959562633275, -37.8125093959585]}}, {"type": "Feature", "properties": {"sensor_id": "18630", "sensor_type": "parking", "street_id": "23311", "method": "point_in_polygon", "dist_m": 0.0}, "geometry": {"type": "Point", "coordinates": [144.943658369325, -37.8211106737731]}}, {"type": "Feature", "properties": {"sensor_id": "17489", "sensor_type": "parking", "street_id": "23293", "method": "point_in_polygon", "dist_m": 0.0}, "geometry": {"type": "Point", "coordinates": [144.94226546964, -37.8203696967754]}}, {"type": "Feature", "properties": {"sensor_id": "13430", "sensor_type": "parking", "street_id": "22913", "method": "point_in_polygon", "dist_m": 0.0}, "geometry": {"type": "Point", "coordinates": [144.943287681013, -37.8198937370014]}}, {"type": "Feature", "properties": {"sensor_id": "56917", "sensor_type": "parking", "street_id": "20191", "method": "point_in_polygon", "dist_m": 0.0}, "geometry": {"type": "Point", "coordinates": [144.956000708412, -37.8167079586097]}}, {"type": "Feature", "properties": {"sensor_id": "66437", "sensor_type": "parking", "street_id": "20046", "method": "point_in_polygon", "dist_m": 0.0}, "geometry": {"type": "Point", "coordinates": [144.956263618984, -37.8129368711654]}}, {"type": "Feature", "properties": {"sensor_id": "51638", "sensor_type": "parking", "street_id": "20146", "method": "point_in_polygon", "dist_m": 0.0}, "geometry": {"type": "Point", "coordinates": [144.96948415229, -37.8160785137767]}}, {"type": "Feature", "properties": {"sensor_id": "50818", "sensor_type": "parking", "street_id": "20139", "method": "point_in_polygon", "dist_m": 0.0}, "geometry": {"type": "Point", "coordinates": [144.971746363062, -37.8144488300329]}}, {"type": "Feature", "properties": {"sensor_id": "65024", "sensor_type": "parking", "street_id": "20001", "method": "point_in_polygon", "dist_m": 0.0}, "geometry": {"type": "Point", "coordinates": [144.970611873943, -37.8097387218562]}}, {"type": "Feature", "properties": {"sensor_id": "61831", "sensor_type": "parking", "street_id": "20108", "method": "point_in_polygon", "dist_m": 0.0}, "geometry": {"type": "Point", "coordinates": [144.96934803853, -37.8145890631444]}}, {"type": "Feature", "properties": {"sensor_id": "64234", "sensor_type": "parking", "street_id": "20049", "method": "point_in_polygon", "dist_m": 0.0}, "geometry": {"type": "Point", "coordinates": [144.970753099292, -37.8108835730743]}}, {"type": "Feature", "properties": {"sensor_id": "60425", "sensor_type": "parking", "street_id": "20216", "method": "point_in_polygon", "dist_m": 0.0}, "geometry": {"type": "Point", "coordinates": [144.963323294823, -37.8185613105092]}}, {"type": "Feature", "properties": {"sensor_id": "13427", "sensor_type": "parking", "street_id": "22913", "method": "point_in_polygon", "dist_m": 0.0}, "geometry": {"type": "Point", "coordinates": [144.943095737517, -37.8199495572197]}}, {"type": "Feature", "properties": {"sensor_id": "66444", "sensor_type": "parking", "street_id": "20046", "method": "point_in_polygon", "dist_m": 0.0}, "geometry": {"type": "Point", "coordinates": [144.955820768652, -37.8130629060237]}}, {"type": "Feature", "properties": {"sensor_id": "63512", "sensor_type": "parking", "street_id": "20078", "method": "point_in_polygon", "dist_m": 0.0}, "geometry": {"type": "Point", "coordinates": [144.969976864568, -37.8121741093504]}}, {"type": "Feature", "properties": {"sensor_id": "7837", "sensor_type": "parking", "street_id": "20891", "method": "point_in_polygon", "dist_m": 0.0}, "geometry": {"type": "Point", "coordinates": [144.977613224617, -37.8098259076491]}}, {"type": "Feature", "properties": {"sensor_id": "62326", "sensor_type": "parking", "street_id": "20118", "method": "point_in_polygon", "dist_m": 0.0}, "geometry": {"type": "Point", "coordinates": [144.957386071456, -37.8180617830255]}}, {"type": "Feature", "properties": {"sensor_id": "63066", "sensor_type": "parking", "street_id": "20099", "method": "point_in_polygon", "dist_m": 0.0}, "geometry": {"type": "Point", "coordinates": [144.962407126299, -37.8156115541243]}}, {"type": "Feature", "properties": {"sensor_id": "65848", "sensor_type": "parking", "street_id": "20034", "method": "point_in_polygon", "dist_m": 0.0}, "geometry": {"type": "Point", "coordinates": [144.970802218956, -37.8086932024259]}}, {"type": "Feature", "properties": {"sensor_id": "60027", "sensor_type": "parking", "street_id": "20208", "method": "point_in_polygon", "dist_m": 0.0}, "geometry": {"type": "Point", "coordinates": [144.97281184325, -37.8157839351501]}}, {"type": "Feature", "properties": {"sensor_id": "64568", "sensor_type": "parking", "street_id": "20055", "method": "point_in_polygon", "dist_m": 0.0}, "geometry": {"type": "Point", "coordinates": [144.963602452185, -37.8130247602738]}}, {"type": "Feature", "properties": {"sensor_id": "63627", "sensor_type": "parking", "street_id": "20080", "method": "point_in_polygon", "dist_m": 0.0}, "geometry": {"type": "Point", "coordinates": [144.966604561827, -37.813191196905]}}, {"type": "Feature", "properties": {"sensor_id": "63619", "sensor_type": "parking", "street_id": "20080", "method": "point_in_polygon", "dist_m": 0.0}, "geometry": {"type": "Point", "coordinates": [144.967117833417, -37.813040286208]}}, {"type": "Feature", "properties": {"sensor_id": "63533", "sensor_type": "parking", "street_id": "20078", "method": "point_in_polygon", "dist_m": 0.0}, "geometry": {"type": "Point", "coordinates": [144.968383385658, -37.8126433463086]}}, {"type": "Feature", "properties": {"sensor_id": "62020", "sensor_type": "parking", "street_id": "20112", "method": "point_in_polygon", "dist_m": 0.0}, "geometry": {"type": "Point", "coordinates": [144.965355602147, -37.8157581832805]}}, {"type": "Feature", "properties": {"sensor_id": "65326", "sensor_type": "parking", "street_id": "20007", "method": "point_in_polygon", "dist_m": 0.0}, "geometry": {"type": "Point", "coordinates": [144.963002959184, -37.8119689379903]}}, {"type": "Feature", "properties": {"sensor_id": "65228", "sensor_type": "parking", "street_id": "20005", "method": "point_in_polygon", "dist_m": 0.0}, "geometry": {"type": "Point", "coordinates": [144.965552573713, -37.8112250538815]}}, {"type": "Feature", "properties": {"sensor_id": "51620", "sensor_type": "parking", "street_id": "20146", "method": "point_in_polygon", "dist_m": 0.0}, "geometry": {"type": "Point", "coordinates": [144.969628986244, -37.8158596556499]}}, {"type": "Feature", "properties": {"sensor_id": "61412", "sensor_type": "parking", "street_id": "20133", "method": "point_in_polygon", "dist_m": 0.0}, "geometry": {"type": "Point", "coordinates": [144.960248066455, -37.8184873366293]}}, {"type": "Feature", "properties": {"sensor_id": "65066", "sensor_type": "parking", "street_id": "20001", "method": "point_in_polygon", "dist_m": 0.0}, "geometry": {"type": "Point", "coordinates": [144.970333809354, -37.8099177307622]}}, {"type": "Feature", "properties": {"sensor_id": "65036", "sensor_type": "parking", "street_id": "20001", "method": "point_in_polygon", "dist_m": 0.0}, "geometry": {"type": "Point", "coordinates": [144.971637146535, -37.809536178265]}}, {"type": "Feature", "properties": {"sensor_id": "9623", "sensor_type": "parking", "street_id": "20994", "method": "point_in_polygon", "dist_m": 0.0}, "geometry": {"type": "Point", "coordinates": [144.94861316806, -37.8049719417008]}}, {"type": "Feature", "properties": {"sensor_id": "64559", "sensor_type": "parking", "street_id": "20055", "method": "point_in_polygon", "dist_m": 0.0}, "geometry": {"type": "Point", "coordinates": [144.964482096331, -37.8127675989766]}}, {"type": "Feature", "properties": {"sensor_id": "54323", "sensor_type": "parking", "street_id": "20174", "method": "point_in_polygon", "dist_m": 0.0}, "geometry": {"type": "Point", "coordinates": [144.960510063986, -37.8145918707313]}}, {"type": "Feature", "properties": {"sensor_id": "54037", "sensor_type": "parking", "street_id": "20171", "method": "point_in_polygon", "dist_m": 0.0}, "geometry": {"type": "Point", "coordinates": [144.96176027268, -37.8173075872133]}}, {"type": "Feature", "properties": {"sensor_id": "54531", "sensor_type": "parking", "street_id": "20176", "method": "point_in_polygon", "dist_m": 0.0}, "geometry": {"type": "Point", "coordinates": [144.959530182966, -37.812438228337]}}, {"type": "Feature", "properties": {"sensor_id": "64015", "sensor_type": "parking", "street_id": "20088", "method": "point_in_polygon", "dist_m": 0.0}, "geometry": {"type": "Point", "coordinates": [144.956841231235, -37.8159893128509]}}, {"type": "Feature", "properties": {"sensor_id": "17500", "sensor_type": "parking", "street_id": "23293", "method": "point_in_polygon", "dist_m": 0.0}, "geometry": {"type": "Point", "coordinates": [144.942231688118, -37.8202014704135]}}, {"type": "Feature", "properties": {"sensor_id": "13406", "sensor_type": "parking", "street_id": "22913", "method": "point_in_polygon", "dist_m": 0.0}, "geometry": {"type": "Point", "coordinates": [144.943910872256, -37.8198038977823]}}, {"type": "Feature", "properties": {"sensor_id": "66447", "sensor_type": "parking", "street_id": "20046", "method": "point_in_polygon", "dist_m": 0.0}, "geometry": {"type": "Point", "coordinates": [144.955567359907, -37.8131351804093]}}, {"type": "Feature", "properties": {"sensor_id": "63339", "sensor_type": "parking", "street_id": "20105", "method": "point_in_polygon", "dist_m": 0.0}, "geometry": {"type": "Point", "coordinates": [144.955571138628, -37.8175866342111]}}, {"type": "Feature", "properties": {"sensor_id": "63515", "sensor_type": "parking", "street_id": "20078", "method": "point_in_polygon", "dist_m": 0.0}, "geometry": {"type": "Point", "coordinates": [144.969761764761, -37.8122374116894]}}, {"type": "Feature", "properties": {"sensor_id": "7869", "sensor_type": "parking", "street_id": "20893", "method": "point_in_polygon", "dist_m": 0.0}, "geometry": {"type": "Point", "coordinates": [144.979792259666, -37.8100704420167]}}, {"type": "Feature", "properties": {"sensor_id": "7882", "sensor_type": "parking", "street_id": "20893", "method": "point_in_polygon", "dist_m": 0.0}, "geometry": {"type": "Point", "coordinates": [144.980660317534, -37.8101661796304]}}, {"type": "Feature", "properties": {"sensor_id": "64225", "sensor_type": "parking", "street_id": "20049", "method": "point_in_polygon", "dist_m": 0.0}, "geometry": {"type": "Point", "coordinates": [144.971369382846, -37.8107029708553]}}, {"type": "Feature", "properties": {"sensor_id": "50641", "sensor_type": "parking", "street_id": "21848", "method": "point_in_polygon", "dist_m": 0.0}, "geometry": {"type": "Point", "coordinates": [144.971788587524, -37.8086367659023]}}, {"type": "Feature", "properties": {"sensor_id": "65087", "sensor_type": "parking", "street_id": "20001", "method": "point_in_polygon", "dist_m": 0.0}, "geometry": {"type": "Point", "coordinates": [144.971039871305, -37.809811799126]}}, {"type": "Feature", "properties": {"sensor_id": "52232", "sensor_type": "parking", "street_id": "20152", "method": "point_in_polygon", "dist_m": 0.0}, "geometry": {"type": "Point", "coordinates": [144.966902205789, -37.8101876339628]}}, {"type": "Feature", "properties": {"sensor_id": "61915", "sensor_type": "parking", "street_id": "20110", "method": "point_in_polygon", "dist_m": 0.0}, "geometry": {"type": "Point", "coordinates": [144.968237829731, -37.8149146616571]}}, {"type": "Feature", "properties": {"sensor_id": "61924", "sensor_type": "parking", "street_id": "20110", "method": "point_in_polygon", "dist_m": 0.0}, "geometry": {"type": "Point", "coordinates": [144.967662261607, -37.8150833108585]}}, {"type": "Feature", "properties": {"sensor_id": "62416", "sensor_type": "parking", "street_id": "20120", "method": "point_in_polygon", "dist_m": 0.0}, "geometry": {"type": "Point", "coordinates": [144.95573016418, -37.818537179419]}}, {"type": "Feature", "properties": {"sensor_id": "56928", "sensor_type": "parking", "street_id": "20191", "method": "point_in_polygon", "dist_m": 0.0}, "geometry": {"type": "Point", "coordinates": [144.955791553083, -37.8167965822459]}}, {"type": "Feature", "properties": {"sensor_id": "21542", "sensor_type": "parking", "street_id": "22308", "method": "point_in_polygon", "dist_m": 0.0}, "geometry": {"type": "Point", "coordinates": [144.979727702353, -37.8450800108462]}}, {"type": "Feature", "properties": {"sensor_id": "54329", "sensor_type": "parking", "street_id": "20174", "method": "point_in_polygon", "dist_m": 0.0}, "geometry": {"type": "Point", "coordinates": [144.96043346809, -37.8144249931935]}}, {"type": "Feature", "properties": {"sensor_id": "54333", "sensor_type": "parking", "street_id": "20174", "method": "point_in_polygon", "dist_m": 0.0}, "geometry": {"type": "Point", "coordinates": [144.960378865451, -37.8143061633649]}}, {"type": "Feature", "properties": {"sensor_id": "64047", "sensor_type": "parking", "street_id": "20088", "method": "point_in_polygon", "dist_m": 0.0}, "geometry": {"type": "Point", "coordinates": [144.956630151502, -37.8162133492465]}}, {"type": "Feature", "properties": {"sensor_id": "54519", "sensor_type": "parking", "street_id": "20176", "method": "point_in_polygon", "dist_m": 0.0}, "geometry": {"type": "Point", "coordinates": [144.959536248234, -37.8121836997252]}}, {"type": "Feature", "properties": {"sensor_id": "54425", "sensor_type": "parking", "street_id": "20175", "method": "point_in_polygon", "dist_m": 0.0}, "geometry": {"type": "Point", "coordinates": [144.960159365453, -37.813824235639]}}, {"type": "Feature", "properties": {"sensor_id": "18621", "sensor_type": "parking", "street_id": "23311", "method": "point_in_polygon", "dist_m": 0.0}, "geometry": {"type": "Point", "coordinates": [144.942886055219, -37.8211035283502]}}, {"type": "Feature", "properties": {"sensor_id": "50624", "sensor_type": "parking", "street_id": "21847", "method": "point_in_polygon", "dist_m": 0.0}, "geometry": {"type": "Point", "coordinates": [144.971748898653, -37.8082830428663]}}, {"type": "Feature", "properties": {"sensor_id": "65454", "sensor_type": "parking", "street_id": "20009", "method": "point_in_polygon", "dist_m": 0.0}, "geometry": {"type": "Point", "coordinates": [144.961163990319, -37.8125886764664]}}, {"type": "Feature", "properties": {"sensor_id": "52315", "sensor_type": "parking", "street_id": "20153", "method": "point_in_polygon", "dist_m": 0.0}, "geometry": {"type": "Point", "coordinates": [144.966656400662, -37.8093818532983]}}, {"type": "Feature", "properties": {"sensor_id": "60435", "sensor_type": "parking", "street_id": "20216", "method": "point_in_polygon", "dist_m": 0.0}, "geometry": {"type": "Point", "coordinates": [144.963741500713, -37.8186344644903]}}, {"type": "Feature", "properties": {"sensor_id": "18066", "sensor_type": "parking", "street_id": "23225", "method": "point_in_polygon", "dist_m": 0.0}, "geometry": {"type": "Point", "coordinates": [144.939399851089, -37.8135093818743]}}, {"type": "Feature", "properties": {"sensor_id": "61933", "sensor_type": "parking", "street_id": "20110", "method": "point_in_polygon", "dist_m": 0.0}, "geometry": {"type": "Point", "coordinates": [144.967006217902, -37.8152760668224]}}, {"type": "Feature", "properties": {"sensor_id": "50679", "sensor_type": "parking", "street_id": "21847", "method": "point_in_polygon", "dist_m": 0.0}, "geometry": {"type": "Point", "coordinates": [144.971434692528, -37.8081391782475]}}, {"type": "Feature", "properties": {"sensor_id": "65230", "sensor_type": "parking", "street_id": "20005", "method": "point_in_polygon", "dist_m": 0.0}, "geometry": {"type": "Point", "coordinates": [144.965375345069, -37.8112773661501]}}, {"type": "Feature", "properties": {"sensor_id": "65132", "sensor_type": "parking", "street_id": "20003", "method": "point_in_polygon", "dist_m": 0.0}, "geometry": {"type": "Point", "coordinates": [144.969093214965, -37.8102812171956]}}, {"type": "Feature", "properties": {"sensor_id": "52110", "sensor_type": "parking", "street_id": "20151", "method": "point_in_polygon", "dist_m": 0.0}, "geometry": {"type": "Point", "coordinates": [144.967687306637, -37.8116315514259]}}, {"type": "Feature", "properties": {"sensor_id": "67325", "sensor_type": "parking", "street_id": "20028", "method": "point_in_polygon", "dist_m": 0.0}, "geometry": {"type": "Point", "coordinates": [144.954821427387, -37.8121401560359]}}, {"type": "Feature", "properties": {"sensor_id": "66451", "sensor_type": "parking", "street_id": "20046", "method": "point_in_polygon", "dist_m": 0.0}, "geometry": {"type": "Point", "coordinates": [144.955314572281, -37.8132070786673]}}, {"type": "Feature", "properties": {"sensor_id": "62350", "sensor_type": "parking", "street_id": "20118", "method": "point_in_polygon", "dist_m": 0.0}, "geometry": {"type": "Point", "coordinates": [144.957399469941, -37.8182218913354]}}, {"type": "Feature", "properties": {"sensor_id": "50013", "sensor_type": "parking", "street_id": "20196", "method": "point_in_polygon", "dist_m": 0.0}, "geometry": {"type": "Point", "coordinates": [144.974753502531, -37.8147971090364]}}, {"type": "Feature", "properties": {"sensor_id": "60138", "sensor_type": "parking", "street_id": "20210", "method": "point_in_polygon", "dist_m": 0.0}, "geometry": {"type": "Point", "coordinates": [144.971466942623, -37.8163758816054]}}, {"type": "Feature", "properties": {"sensor_id": "63212", "sensor_type": "parking", "street_id": "20103", "method": "point_in_polygon", "dist_m": 0.0}, "geometry": {"type": "Point", "coordinates": [144.958193299287, -37.8167226054118]}}, {"type": "Feature", "properties": {"sensor_id": "65144", "sensor_type": "parking", "street_id": "20003", "method": "point_in_polygon", "dist_m": 0.0}, "geometry": {"type": "Point", "coordinates": [144.968673958843, -37.8104041477182]}}, {"type": "Feature", "properties": {"sensor_id": "65469", "sensor_type": "parking", "street_id": "20009", "method": "point_in_polygon", "dist_m": 0.0}, "geometry": {"type": "Point", "coordinates": [144.96017808239, -37.8129013831406]}}, {"type": "Feature", "properties": {"sensor_id": "53925", "sensor_type": "parking", "street_id": "20170", "method": "point_in_polygon", "dist_m": 0.0}, "geometry": {"type": "Point", "coordinates": [144.962305961665, -37.81849790257]}}, {"type": "Feature", "properties": {"sensor_id": "65194", "sensor_type": "parking", "street_id": "20003", "method": "point_in_polygon", "dist_m": 0.0}, "geometry": {"type": "Point", "coordinates": [144.96794950355, -37.8107169527589]}}, {"type": "Feature", "properties": {"sensor_id": "50919", "sensor_type": "parking", "street_id": "20140", "method": "point_in_polygon", "dist_m": 0.0}, "geometry": {"type": "Point", "coordinates": [144.971190497557, -37.8132516695261]}}, {"type": "Feature", "properties": {"sensor_id": "17694", "sensor_type": "parking", "street_id": "23314", "method": "point_in_polygon", "dist_m": 0.0}, "geometry": {"type": "Point", "coordinates": [144.940286689108, -37.8205461183116]}}, {"type": "Feature", "properties": {"sensor_id": "13420", "sensor_type": "parking", "street_id": "22913", "method": "point_in_polygon", "dist_m": 0.0}, "geometry": {"type": "Point", "coordinates": [144.944330353254, -37.8196817686634]}}, {"type": "Feature", "properties": {"sensor_id": "50931", "sensor_type": "parking", "street_id": "20140", "method": "point_in_polygon", "dist_m": 0.0}, "geometry": {"type": "Point", "coordinates": [144.971210441885, -37.8136597879391]}}, {"type": "Feature", "properties": {"sensor_id": "56711", "sensor_type": "parking", "street_id": "20189", "method": "point_in_polygon", "dist_m": 0.0}, "geometry": {"type": "Point", "coordinates": [144.957079397955, -37.8190589683055]}}, {"type": "Feature", "properties": {"sensor_id": "64731", "sensor_type": "parking", "street_id": "20059", "method": "point_in_polygon", "dist_m": 0.0}, "geometry": {"type": "Point", "coordinates": [144.959922391639, -37.8141062575346]}}, {"type": "Feature", "properties": {"sensor_id": "24279", "sensor_type": "parking", "street_id": "22439", "method": "point_in_polygon", "dist_m": 0.0}, "geometry": {"type": "Point", "coordinates": [144.942054172856, -37.8132518726949]}}, {"type": "Feature", "properties": {"sensor_id": "7853", "sensor_type": "parking", "street_id": "22619", "method": "point_in_polygon", "dist_m": 0.0}, "geometry": {"type": "Point", "coordinates": [144.976310541589, -37.8096842260353]}}, {"type": "Feature", "properties": {"sensor_id": "54612", "sensor_type": "parking", "street_id": "20177", "method": "point_in_polygon", "dist_m": 0.0}, "geometry": {"type": "Point", "coordinates": [144.959329207854, -37.8117213688892]}}, {"type": "Feature", "properties": {"sensor_id": "65482", "sensor_type": "parking", "street_id": "20009", "method": "point_in_polygon", "dist_m": 0.0}, "geometry": {"type": "Point", "coordinates": [144.961125065664, -37.8125143803328]}}, {"type": "Feature", "properties": {"sensor_id": "61642", "sensor_type": "parking", "street_id": "20137", "method": "point_in_polygon", "dist_m": 0.0}, "geometry": {"type": "Point", "coordinates": [144.955875576093, -37.8197946427912]}}, {"type": "Feature", "properties": {"sensor_id": "65097", "sensor_type": "parking", "street_id": "20001", "method": "point_in_polygon", "dist_m": 0.0}, "geometry": {"type": "Point", "coordinates": [144.970237149619, -37.8100463496191]}}, {"type": "Feature", "properties": {"sensor_id": "65130", "sensor_type": "parking", "street_id": "20003", "method": "point_in_polygon", "dist_m": 0.0}, "geometry": {"type": "Point", "coordinates": [144.969154184159, -37.8102634271054]}}, {"type": "Feature", "properties": {"sensor_id": "51935", "sensor_type": "parking", "street_id": "20149", "method": "point_in_polygon", "dist_m": 0.0}, "geometry": {"type": "Point", "coordinates": [144.968313660081, -37.8132727652242]}}, {"type": "Feature", "properties": {"sensor_id": "65046", "sensor_type": "parking", "street_id": "20001", "method": "point_in_polygon", "dist_m": 0.0}, "geometry": {"type": "Point", "coordinates": [144.971307733589, -37.8096326687745]}}, {"type": "Feature", "properties": {"sensor_id": "52228", "sensor_type": "parking", "street_id": "20152", "method": "point_in_polygon", "dist_m": 0.0}, "geometry": {"type": "Point", "coordinates": [144.966945186577, -37.8102804488313]}}, {"type": "Feature", "properties": {"sensor_id": "62218", "sensor_type": "parking", "street_id": "20116", "method": "point_in_polygon", "dist_m": 0.0}, "geometry": {"type": "Point", "coordinates": [144.960500511389, -37.8171667718127]}}, {"type": "Feature", "properties": {"sensor_id": "53913", "sensor_type": "parking", "street_id": "20170", "method": "point_in_polygon", "dist_m": 0.0}, "geometry": {"type": "Point", "coordinates": [144.962415650437, -37.8184633489033]}}, {"type": "Feature", "properties": {"sensor_id": "54527", "sensor_type": "parking", "street_id": "20176", "method": "point_in_polygon", "dist_m": 0.0}, "geometry": {"type": "Point", "coordinates": [144.959584425347, -37.812557189843]}}, {"type": "Feature", "properties": {"sensor_id": "64733", "sensor_type": "parking", "street_id": "20059", "method": "point_in_polygon", "dist_m": 0.0}, "geometry": {"type": "Point", "coordinates": [144.959792923276, -37.8141437887043]}}, {"type": "Feature", "properties": {"sensor_id": "50816", "sensor_type": "parking", "street_id": "20139", "method": "point_in_polygon", "dist_m": 0.0}, "geometry": {"type": "Point", "coordinates": [144.971804832202, -37.8145750833256]}}, {"type": "Feature", "properties": {"sensor_id": "9469", "sensor_type": "parking", "street_id": "20931", "method": "point_in_polygon", "dist_m": 0.0}, "geometry": {"type": "Point", "coordinates": [144.957215997266, -37.8057346625359]}}, {"type": "Feature", "properties": {"sensor_id": "13408", "sensor_type": "parking", "street_id": "22913", "method": "point_in_polygon", "dist_m": 0.0}, "geometry": {"type": "Point", "coordinates": [144.943979962106, -37.819783791793]}}, {"type": "Feature", "properties": {"sensor_id": "51631", "sensor_type": "parking", "street_id": "20146", "method": "point_in_polygon", "dist_m": 0.0}, "geometry": {"type": "Point", "coordinates": [144.96967673347, -37.8164965888054]}}, {"type": "Feature", "properties": {"sensor_id": "65166", "sensor_type": "parking", "street_id": "20003", "method": "point_in_polygon", "dist_m": 0.0}, "geometry": {"type": "Point", "coordinates": [144.967888746211, -37.8106352321293]}}, {"type": "Feature", "properties": {"sensor_id": "56915", "sensor_type": "parking", "street_id": "20191", "method": "point_in_polygon", "dist_m": 0.0}, "geometry": {"type": "Point", "coordinates": [144.956052014798, -37.8168205745906]}}, {"type": "Feature", "properties": {"sensor_id": "63513", "sensor_type": "parking", "street_id": "20078", "method": "point_in_polygon", "dist_m": 0.0}, "geometry": {"type": "Point", "coordinates": [144.969906567097, -37.812194789068]}}, {"type": "Feature", "properties": {"sensor_id": "63547", "sensor_type": "parking", "street_id": "20078", "method": "point_in_polygon", "dist_m": 0.0}, "geometry": {"type": "Point", "coordinates": [144.969768547709, -37.8123977144281]}}, {"type": "Feature", "properties": {"sensor_id": "7485", "sensor_type": "parking", "street_id": "20891", "method": "point_in_polygon", "dist_m": 0.0}, "geometry": {"type": "Point", "coordinates": [144.977323121693, -37.809794357413]}}, {"type": "Feature", "properties": {"sensor_id": "7875", "sensor_type": "parking", "street_id": "20893", "method": "point_in_polygon", "dist_m": 0.0}, "geometry": {"type": "Point", "coordinates": [144.980206795775, -37.8101160181041]}}, {"type": "Feature", "properties": {"sensor_id": "63014", "sensor_type": "parking", "street_id": "20099", "method": "point_in_polygon", "dist_m": 0.0}, "geometry": {"type": "Point", "coordinates": [144.963095048409, -37.8153493128121]}}, {"type": "Feature", "properties": {"sensor_id": "64569", "sensor_type": "parking", "street_id": "20055", "method": "point_in_polygon", "dist_m": 0.0}, "geometry": {"type": "Point", "coordinates": [144.963527678631, -37.8130467733215]}}, {"type": "Feature", "properties": {"sensor_id": "51743", "sensor_type": "parking", "street_id": "20147", "method": "point_in_polygon", "dist_m": 0.0}, "geometry": {"type": "Point", "coordinates": [144.969249705403, -37.8155621645857]}}, {"type": "Feature", "properties": {"sensor_id": "17709", "sensor_type": "parking", "street_id": "23378", "method": "point_in_polygon", "dist_m": 0.0}, "geometry": {"type": "Point", "coordinates": [144.939668138351, -37.8202451368409]}}, {"type": "Feature", "properties": {"sensor_id": "61946", "sensor_type": "parking", "street_id": "20110", "method": "point_in_polygon", "dist_m": 0.0}, "geometry": {"type": "Point", "coordinates": [144.968318754828, -37.8150536480409]}}, {"type": "Feature", "properties": {"sensor_id": "52014", "sensor_type": "parking", "street_id": "20150", "method": "point_in_polygon", "dist_m": 0.0}, "geometry": {"type": "Point", "coordinates": [144.967990018516, -37.8122962866852]}}, {"type": "Feature", "properties": {"sensor_id": "65333", "sensor_type": "parking", "street_id": "20007", "method": "point_in_polygon", "dist_m": 0.0}, "geometry": {"type": "Point", "coordinates": [144.96253917934, -37.8121037793941]}}, {"type": "Feature", "properties": {"sensor_id": "54516", "sensor_type": "parking", "street_id": "20176", "method": "point_in_polygon", "dist_m": 0.0}, "geometry": {"type": "Point", "coordinates": [144.959608302355, -37.8123412263886]}}, {"type": "Feature", "properties": {"sensor_id": "50638", "sensor_type": "parking", "street_id": "21848", "method": "point_in_polygon", "dist_m": 0.0}, "geometry": {"type": "Point", "coordinates": [144.971831869534, -37.8087310378303]}}, {"type": "Feature", "properties": {"sensor_id": "65158", "sensor_type": "parking", "street_id": "20003", "method": "point_in_polygon", "dist_m": 0.0}, "geometry": {"type": "Point", "coordinates": [144.968200444614, -37.810543111271]}}, {"type": "Feature", "properties": {"sensor_id": "66458", "sensor_type": "parking", "street_id": "20046", "method": "point_in_polygon", "dist_m": 0.0}, "geometry": {"type": "Point", "coordinates": [144.954781929886, -37.8133598556601]}}, {"type": "Feature", "properties": {"sensor_id": "51922", "sensor_type": "parking", "street_id": "20149", "method": "point_in_polygon", "dist_m": 0.0}, "geometry": {"type": "Point", "coordinates": [144.968484234419, -37.8136455410932]}}, {"type": "Feature", "properties": {"sensor_id": "51925", "sensor_type": "parking", "street_id": "20149", "method": "point_in_polygon", "dist_m": 0.0}, "geometry": {"type": "Point", "coordinates": [144.968442717551, -37.8135538306492]}}, {"type": "Feature", "properties": {"sensor_id": "65835", "sensor_type": "parking", "street_id": "20034", "method": "point_in_polygon", "dist_m": 0.0}, "geometry": {"type": "Point", "coordinates": [144.969801580698, -37.8089340203111]}}, {"type": "Feature", "properties": {"sensor_id": "65823", "sensor_type": "parking", "street_id": "20034", "method": "point_in_polygon", "dist_m": 0.0}, "geometry": {"type": "Point", "coordinates": [144.970646830771, -37.8086887139005]}}, {"type": "Feature", "properties": {"sensor_id": "54631", "sensor_type": "parking", "street_id": "20177", "method": "point_in_polygon", "dist_m": 0.0}, "geometry": {"type": "Point", "coordinates": [144.959185384983, -37.8116766811585]}}, {"type": "Feature", "properties": {"sensor_id": "61718", "sensor_type": "parking", "street_id": "20106", "method": "point_in_polygon", "dist_m": 0.0}, "geometry": {"type": "Point", "coordinates": [144.972211883601, -37.8137477162929]}}, {"type": "Feature", "properties": {"sensor_id": "52011", "sensor_type": "parking", "street_id": "20150", "method": "point_in_polygon", "dist_m": 0.0}, "geometry": {"type": "Point", "coordinates": [144.968063219502, -37.812458103956]}}, {"type": "Feature", "properties": {"sensor_id": "53224", "sensor_type": "parking", "street_id": "20167", "method": "point_in_polygon", "dist_m": 0.0}, "geometry": {"type": "Point", "coordinates": [144.962429081958, -37.8128831854736]}}, {"type": "Feature", "properties": {"sensor_id": "60136", "sensor_type": "parking", "street_id": "20210", "method": "point_in_polygon", "dist_m": 0.0}, "geometry": {"type": "Point", "coordinates": [144.971594478718, -37.8163377863763]}}, {"type": "Feature", "properties": {"sensor_id": "66332", "sensor_type": "parking", "street_id": "20044", "method": "point_in_polygon", "dist_m": 0.0}, "geometry": {"type": "Point", "coordinates": [144.957371957969, -37.8125688706]}}, {"type": "Feature", "properties": {"sensor_id": "63245", "sensor_type": "parking", "street_id": "20103", "method": "point_in_polygon", "dist_m": 0.0}, "geometry": {"type": "Point", "coordinates": [144.957246417828, -37.8170854664456]}}, {"type": "Feature", "properties": {"sensor_id": "11877", "sensor_type": "parking", "street_id": "22686", "method": "point_in_polygon", "dist_m": 0.0}, "geometry": {"type": "Point", "coordinates": [144.956139782357, -37.800805588909]}}, {"type": "Feature", "properties": {"sensor_id": "61928", "sensor_type": "parking", "street_id": "20110", "method": "point_in_polygon", "dist_m": 0.0}, "geometry": {"type": "Point", "coordinates": [144.967385372284, -37.8151644985155]}}, {"type": "Feature", "properties": {"sensor_id": "65459", "sensor_type": "parking", "street_id": "20009", "method": "point_in_polygon", "dist_m": 0.0}, "geometry": {"type": "Point", "coordinates": [144.960634553589, -37.8127686112105]}}, {"type": "Feature", "properties": {"sensor_id": "65465", "sensor_type": "parking", "street_id": "20009", "method": "point_in_polygon", "dist_m": 0.0}, "geometry": {"type": "Point", "coordinates": [144.960421148588, -37.812830482904]}}, {"type": "Feature", "properties": {"sensor_id": "65446", "sensor_type": "parking", "street_id": "20009", "method": "point_in_polygon", "dist_m": 0.0}, "geometry": {"type": "Point", "coordinates": [144.961466723179, -37.8124999455714]}}, {"type": "Feature", "properties": {"sensor_id": "54228", "sensor_type": "parking", "street_id": "20173", "method": "point_in_polygon", "dist_m": 0.0}, "geometry": {"type": "Point", "coordinates": [144.960967222325, -37.815584454243]}}, {"type": "Feature", "properties": {"sensor_id": "54421", "sensor_type": "parking", "street_id": "20175", "method": "point_in_polygon", "dist_m": 0.0}, "geometry": {"type": "Point", "coordinates": [144.960031828964, -37.8132705558468]}}, {"type": "Feature", "properties": {"sensor_id": "56920", "sensor_type": "parking", "street_id": "20191", "method": "point_in_polygon", "dist_m": 0.0}, "geometry": {"type": "Point", "coordinates": [144.955984261902, -37.8172173348031]}}, {"type": "Feature", "properties": {"sensor_id": "50223", "sensor_type": "parking", "street_id": "20200", "method": "point_in_polygon", "dist_m": 0.0}, "geometry": {"type": "Point", "coordinates": [144.973530285285, -37.8126882359544]}}, {"type": "Feature", "properties": {"sensor_id": "50625", "sensor_type": "parking", "street_id": "21847", "method": "point_in_polygon", "dist_m": 0.0}, "geometry": {"type": "Point", "coordinates": [144.971725853423, -37.8082324209973]}}, {"type": "Feature", "properties": {"sensor_id": "65211", "sensor_type": "parking", "street_id": "20005", "method": "point_in_polygon", "dist_m": 0.0}, "geometry": {"type": "Point", "coordinates": [144.966689917898, -37.8108893960319]}}, {"type": "Feature", "properties": {"sensor_id": "65025", "sensor_type": "parking", "street_id": "20001", "method": "point_in_polygon", "dist_m": 0.0}, "geometry": {"type": "Point", "coordinates": [144.970529036184, -37.8097630579857]}}, {"type": "Feature", "properties": {"sensor_id": "16789", "sensor_type": "parking", "street_id": "23224", "method": "point_in_polygon", "dist_m": 0.0}, "geometry": {"type": "Point", "coordinates": [144.936622182319, -37.8129198695429]}}, {"type": "Feature", "properties": {"sensor_id": "61243", "sensor_type": "parking", "street_id": "20129", "method": "point_in_polygon", "dist_m": 0.0}, "geometry": {"type": "Point", "coordinates": [144.96306901288, -37.8176295014472]}}, {"type": "Feature", "properties": {"sensor_id": "7874", "sensor_type": "parking", "street_id": "20893", "method": "point_in_polygon", "dist_m": 0.0}, "geometry": {"type": "Point", "coordinates": [144.980141481107, -37.8101088014567]}}, {"type": "Feature", "properties": {"sensor_id": "63064", "sensor_type": "parking", "street_id": "20099", "method": "point_in_polygon", "dist_m": 0.0}, "geometry": {"type": "Point", "coordinates": [144.962639188337, -37.8155440955744]}}, {"type": "Feature", "properties": {"sensor_id": "63015", "sensor_type": "parking", "street_id": "20099", "method": "point_in_polygon", "dist_m": 0.0}, "geometry": {"type": "Point", "coordinates": [144.963033046811, -37.8153675004093]}}, {"type": "Feature", "properties": {"sensor_id": "51632", "sensor_type": "parking", "street_id": "20146", "method": "point_in_polygon", "dist_m": 0.0}, "geometry": {"type": "Point", "coordinates": [144.969651203846, -37.8164411749284]}}, {"type": "Feature", "properties": {"sensor_id": "52245", "sensor_type": "parking", "street_id": "20152", "method": "point_in_polygon", "dist_m": 0.0}, "geometry": {"type": "Point", "coordinates": [144.966885388417, -37.8104311206399]}}, {"type": "Feature", "properties": {"sensor_id": "62216", "sensor_type": "parking", "street_id": "20116", "method": "point_in_polygon", "dist_m": 0.0}, "geometry": {"type": "Point", "coordinates": [144.96063600948, -37.817127651763]}}, {"type": "Feature", "properties": {"sensor_id": "65229", "sensor_type": "parking", "street_id": "20005", "method": "point_in_polygon", "dist_m": 0.0}, "geometry": {"type": "Point", "coordinates": [144.965449784085, -37.8112553628086]}}, {"type": "Feature", "properties": {"sensor_id": "65091", "sensor_type": "parking", "street_id": "20001", "method": "point_in_polygon", "dist_m": 0.0}, "geometry": {"type": "Point", "coordinates": [144.970695489726, -37.8099120358206]}}, {"type": "Feature", "properties": {"sensor_id": "65162", "sensor_type": "parking", "street_id": "20003", "method": "point_in_polygon", "dist_m": 0.0}, "geometry": {"type": "Point", "coordinates": [144.968086842224, -37.8105763047267]}}, {"type": "Feature", "properties": {"sensor_id": "67321", "sensor_type": "parking", "street_id": "20028", "method": "point_in_polygon", "dist_m": 0.0}, "geometry": {"type": "Point", "coordinates": [144.955078177489, -37.8120674845909]}}, {"type": "Feature", "properties": {"sensor_id": "65329", "sensor_type": "parking", "street_id": "20007", "method": "point_in_polygon", "dist_m": 0.0}, "geometry": {"type": "Point", "coordinates": [144.962810770502, -37.8120247759328]}}, {"type": "Feature", "properties": {"sensor_id": "65043", "sensor_type": "parking", "street_id": "20001", "method": "point_in_polygon", "dist_m": 0.0}, "geometry": {"type": "Point", "coordinates": [144.971422410771, -37.8095990437858]}}, {"type": "Feature", "properties": {"sensor_id": "52217", "sensor_type": "parking", "street_id": "20152", "method": "point_in_polygon", "dist_m": 0.0}, "geometry": {"type": "Point", "coordinates": [144.967019049521, -37.8101677729631]}}, {"type": "Feature", "properties": {"sensor_id": "54632", "sensor_type": "parking", "street_id": "20177", "method": "point_in_polygon", "dist_m": 0.0}, "geometry": {"type": "Point", "coordinates": [144.959163012857, -37.81162774178]}}, {"type": "Feature", "properties": {"sensor_id": "64026", "sensor_type": "parking", "street_id": "20088", "method": "point_in_polygon", "dist_m": 0.0}, "geometry": {"type": "Point", "coordinates": [144.956033132084, -37.8162220993582]}}, {"type": "Feature", "properties": {"sensor_id": "60135", "sensor_type": "parking", "street_id": "20210", "method": "point_in_polygon", "dist_m": 0.0}, "geometry": {"type": "Point", "coordinates": [144.971658251309, -37.816318731879]}}, {"type": "Feature", "properties": {"sensor_id": "63246", "sensor_type": "parking", "street_id": "20103", "method": "point_in_polygon", "dist_m": 0.0}, "geometry": {"type": "Point", "coordinates": [144.957186836448, -37.8171024994817]}}, {"type": "Feature", "properties": {"sensor_id": "51446", "sensor_type": "parking", "street_id": "20145", "method": "point_in_polygon", "dist_m": 0.0}, "geometry": {"type": "Point", "coordinates": [144.968909396128, -37.8084642985003]}}, {"type": "Feature", "properties": {"sensor_id": "21688", "sensor_type": "parking", "street_id": "22311", "method": "point_in_polygon", "dist_m": 0.0}, "geometry": {"type": "Point", "coordinates": [144.983239483922, -37.8482054914002]}}, {"type": "Feature", "properties": {"sensor_id": "65463", "sensor_type": "parking", "street_id": "20009", "method": "point_in_polygon", "dist_m": 0.0}, "geometry": {"type": "Point", "coordinates": [144.960479709811, -37.8128134990927]}}, {"type": "Feature", "properties": {"sensor_id": "54428", "sensor_type": "parking", "street_id": "20175", "method": "point_in_polygon", "dist_m": 0.0}, "geometry": {"type": "Point", "coordinates": [144.960127435876, -37.8137549472399]}}, {"type": "Feature", "properties": {"sensor_id": "50221", "sensor_type": "parking", "street_id": "20200", "method": "point_in_polygon", "dist_m": 0.0}, "geometry": {"type": "Point", "coordinates": [144.973574799777, -37.8127860616531]}}, {"type": "Feature", "properties": {"sensor_id": "23809", "sensor_type": "parking", "street_id": "21117", "method": "point_in_polygon", "dist_m": 0.0}, "geometry": {"type": "Point", "coordinates": [144.956568105214, -37.8015539144375]}}, {"type": "Feature", "properties": {"sensor_id": "14793", "sensor_type": "parking", "street_id": "23224", "method": "point_in_polygon", "dist_m": 0.0}, "geometry": {"type": "Point", "coordinates": [144.936463956171, -37.8126564934201]}}, {"type": "Feature", "properties": {"sensor_id": "66416", "sensor_type": "parking", "street_id": "20046", "method": "point_in_polygon", "dist_m": 0.0}, "geometry": {"type": "Point", "coordinates": [144.955949930165, -37.8129755337613]}}, {"type": "Feature", "properties": {"sensor_id": "66443", "sensor_type": "parking", "street_id": "20046", "method": "point_in_polygon", "dist_m": 0.0}, "geometry": {"type": "Point", "coordinates": [144.955882249024, -37.813045401579]}}, {"type": "Feature", "properties": {"sensor_id": "65455", "sensor_type": "parking", "street_id": "20009", "method": "point_in_polygon", "dist_m": 0.0}, "geometry": {"type": "Point", "coordinates": [144.961174355381, -37.8126108578702]}}, {"type": "Feature", "properties": {"sensor_id": "51816", "sensor_type": "parking", "street_id": "20148", "method": "point_in_polygon", "dist_m": 0.0}, "geometry": {"type": "Point", "coordinates": [144.968847623017, -37.8141632751098]}}, {"type": "Feature", "properties": {"sensor_id": "51154", "sensor_type": "parking", "street_id": "20142", "method": "point_in_polygon", "dist_m": 0.0}, "geometry": {"type": "Point", "coordinates": [144.970166932095, -37.8113988512791]}}, {"type": "Feature", "properties": {"sensor_id": "51640", "sensor_type": "parking", "street_id": "20146", "method": "point_in_polygon", "dist_m": 0.0}, "geometry": {"type": "Point", "coordinates": [144.969434294424, -37.8159702906006]}}, {"type": "Feature", "properties": {"sensor_id": "9614", "sensor_type": "parking", "street_id": "20992", "method": "point_in_polygon", "dist_m": 0.0}, "geometry": {"type": "Point", "coordinates": [144.949353848454, -37.8040405128275]}}, {"type": "Feature", "properties": {"sensor_id": "50932", "sensor_type": "parking", "street_id": "20140", "method": "point_in_polygon", "dist_m": 0.0}, "geometry": {"type": "Point", "coordinates": [144.971186849254, -37.8136090732288]}}, {"type": "Feature", "properties": {"sensor_id": "63546", "sensor_type": "parking", "street_id": "20078", "method": "point_in_polygon", "dist_m": 0.0}, "geometry": {"type": "Point", "coordinates": [144.969832437362, -37.8123789211365]}}, {"type": "Feature", "properties": {"sensor_id": "60029", "sensor_type": "parking", "street_id": "20208", "method": "point_in_polygon", "dist_m": 0.0}, "geometry": {"type": "Point", "coordinates": [144.97268387669, -37.8158211612428]}}, {"type": "Feature", "properties": {"sensor_id": "64567", "sensor_type": "parking", "street_id": "20055", "method": "point_in_polygon", "dist_m": 0.0}, "geometry": {"type": "Point", "coordinates": [144.96367552375, -37.8130032454665]}}, {"type": "Feature", "properties": {"sensor_id": "51633", "sensor_type": "parking", "street_id": "20146", "method": "point_in_polygon", "dist_m": 0.0}, "geometry": {"type": "Point", "coordinates": [144.96962372258, -37.8163815140012]}}, {"type": "Feature", "properties": {"sensor_id": "51742", "sensor_type": "parking", "street_id": "20147", "method": "point_in_polygon", "dist_m": 0.0}, "geometry": {"type": "Point", "coordinates": [144.969273263789, -37.8156129481124]}}, {"type": "Feature", "properties": {"sensor_id": "63449", "sensor_type": "parking", "street_id": "20065", "method": "point_in_polygon", "dist_m": 0.0}, "geometry": {"type": "Point", "coordinates": [144.971118641046, -37.8120003988271]}}, {"type": "Feature", "properties": {"sensor_id": "60028", "sensor_type": "parking", "street_id": "20208", "method": "point_in_polygon", "dist_m": 0.0}, "geometry": {"type": "Point", "coordinates": [144.972747927909, -37.8158025893207]}}, {"type": "Feature", "properties": {"sensor_id": "62645", "sensor_type": "parking", "street_id": "20091", "method": "point_in_polygon", "dist_m": 0.0}, "geometry": {"type": "Point", "coordinates": [144.972832852977, -37.8125438393767]}}, {"type": "Feature", "properties": {"sensor_id": "51444", "sensor_type": "parking", "street_id": "20145", "method": "point_in_polygon", "dist_m": 0.0}, "geometry": {"type": "Point", "coordinates": [144.968934162731, -37.8085176150525]}}, {"type": "Feature", "properties": {"sensor_id": "65062", "sensor_type": "parking", "street_id": "20001", "method": "point_in_polygon", "dist_m": 0.0}, "geometry": {"type": "Point", "coordinates": [144.970586428395, -37.80984383399]}}, {"type": "Feature", "properties": {"sensor_id": "65048", "sensor_type": "parking", "street_id": "20001", "method": "point_in_polygon", "dist_m": 0.0}, "geometry": {"type": "Point", "coordinates": [144.971218187207, -37.8096589104528]}}, {"type": "Feature", "properties": {"sensor_id": "52212", "sensor_type": "parking", "street_id": "20152", "method": "point_in_polygon", "dist_m": 0.0}, "geometry": {"type": "Point", "coordinates": [144.967137326649, -37.8104260505635]}}, {"type": "Feature", "properties": {"sensor_id": "52225", "sensor_type": "parking", "street_id": "20152", "method": "point_in_polygon", "dist_m": 0.0}, "geometry": {"type": "Point", "coordinates": [144.966976908718, -37.8103489506583]}}, {"type": "Feature", "properties": {"sensor_id": "54630", "sensor_type": "parking", "street_id": "20177", "method": "point_in_polygon", "dist_m": 0.0}, "geometry": {"type": "Point", "coordinates": [144.959196138022, -37.811700207957]}}, {"type": "Feature", "properties": {"sensor_id": "62211", "sensor_type": "parking", "street_id": "20116", "method": "point_in_polygon", "dist_m": 0.0}, "geometry": {"type": "Point", "coordinates": [144.96096887234, -37.8170316606636]}}, {"type": "Feature", "properties": {"sensor_id": "61914", "sensor_type": "parking", "street_id": "20110", "method": "point_in_polygon", "dist_m": 0.0}, "geometry": {"type": "Point", "coordinates": [144.968302038297, -37.8148958321379]}}, {"type": "Feature", "properties": {"sensor_id": "61941", "sensor_type": "parking", "street_id": "20110", "method": "point_in_polygon", "dist_m": 0.0}, "geometry": {"type": "Point", "coordinates": [144.968675360348, -37.8149490016473]}}, {"type": "Feature", "properties": {"sensor_id": "62410", "sensor_type": "parking", "street_id": "20120", "method": "point_in_polygon", "dist_m": 0.0}, "geometry": {"type": "Point", "coordinates": [144.956115143356, -37.8184268183098]}}, {"type": "Feature", "properties": {"sensor_id": "52319", "sensor_type": "parking", "street_id": "20153", "method": "point_in_polygon", "dist_m": 0.0}, "geometry": {"type": "Point", "coordinates": [144.966560988159, -37.8091754623796]}}, {"type": "Feature", "properties": {"sensor_id": "56827", "sensor_type": "parking", "street_id": "20190", "method": "point_in_polygon", "dist_m": 0.0}, "geometry": {"type": "Point", "coordinates": [144.956217953519, -37.8177274636624]}}, {"type": "Feature", "properties": {"sensor_id": "57313", "sensor_type": "parking", "street_id": "20195", "method": "point_in_polygon", "dist_m": 0.0}, "geometry": {"type": "Point", "coordinates": [144.954307772858, -37.8130336884958]}}, {"type": "Feature", "properties": {"sensor_id": "57222", "sensor_type": "parking", "street_id": "20194", "method": "point_in_polygon", "dist_m": 0.0}, "geometry": {"type": "Point", "coordinates": [144.954583219003, -37.8141714759111]}}, {"type": "Feature", "properties": {"sensor_id": "51442", "sensor_type": "parking", "street_id": "20145", "method": "point_in_polygon", "dist_m": 0.0}, "geometry": {"type": "Point", "coordinates": [144.968958455964, -37.8085709349976]}}, {"type": "Feature", "properties": {"sensor_id": "57651", "sensor_type": "parking", "street_id": "21518", "method": "point_in_polygon", "dist_m": 0.0}, "geometry": {"type": "Point", "coordinates": [144.952427877183, -37.8095913366171]}}, {"type": "Feature", "properties": {"sensor_id": "10717", "sensor_type": "parking", "street_id": "20980", "method": "point_in_polygon", "dist_m": 0.0}, "geometry": {"type": "Point", "coordinates": [144.951076101578, -37.804023952339]}}, {"type": "Feature", "properties": {"sensor_id": "62646", "sensor_type": "parking", "street_id": "20091", "method": "point_in_polygon", "dist_m": 0.0}, "geometry": {"type": "Point", "coordinates": [144.972772117523, -37.8125616058443]}}, {"type": "Feature", "properties": {"sensor_id": "63124", "sensor_type": "parking", "street_id": "20101", "method": "point_in_polygon", "dist_m": 0.0}, "geometry": {"type": "Point", "coordinates": [144.959968201984, -37.8162606195337]}}, {"type": "Feature", "properties": {"sensor_id": "64269", "sensor_type": "parking", "street_id": "20049", "method": "point_in_polygon", "dist_m": 0.0}, "geometry": {"type": "Point", "coordinates": [144.970597666564, -37.8109806197354]}}, {"type": "Feature", "properties": {"sensor_id": "65220", "sensor_type": "parking", "street_id": "20005", "method": "point_in_polygon", "dist_m": 0.0}, "geometry": {"type": "Point", "coordinates": [144.966077953453, -37.8110700297105]}}, {"type": "Feature", "properties": {"sensor_id": "13149", "sensor_type": "parking", "street_id": "22308", "method": "point_in_polygon", "dist_m": 0.0}, "geometry": {"type": "Point", "coordinates": [144.979871702389, -37.8449128856739]}}, {"type": "Feature", "properties": {"sensor_id": "54326", "sensor_type": "parking", "street_id": "20174", "method": "point_in_polygon", "dist_m": 0.0}, "geometry": {"type": "Point", "coordinates": [144.96047755754, -37.814521147767]}}, {"type": "Feature", "properties": {"sensor_id": "54138", "sensor_type": "parking", "street_id": "20172", "method": "point_in_polygon", "dist_m": 0.0}, "geometry": {"type": "Point", "coordinates": [144.961241420525, -37.816180757774]}}, {"type": "Feature", "properties": {"sensor_id": "52210", "sensor_type": "parking", "street_id": "20152", "method": "point_in_polygon", "dist_m": 0.0}, "geometry": {"type": "Point", "coordinates": [144.96718260789, -37.8105270266054]}}, {"type": "Feature", "properties": {"sensor_id": "54439", "sensor_type": "parking", "street_id": "20175", "method": "point_in_polygon", "dist_m": 0.0}, "geometry": {"type": "Point", "coordinates": [144.959976911221, -37.8134288186353]}}, {"type": "Feature", "properties": {"sensor_id": "54134", "sensor_type": "parking", "street_id": "20172", "method": "point_in_polygon", "dist_m": 0.0}, "geometry": {"type": "Point", "coordinates": [144.961291731894, -37.8162903565786]}}, {"type": "Feature", "properties": {"sensor_id": "13445", "sensor_type": "parking", "street_id": "22913", "method": "point_in_polygon", "dist_m": 0.0}, "geometry": {"type": "Point", "coordinates": [144.944312380822, -37.8195952099644]}}, {"type": "Feature", "properties": {"sensor_id": "61244", "sensor_type": "parking", "street_id": "20129", "method": "point_in_polygon", "dist_m": 0.0}, "geometry": {"type": "Point", "coordinates": [144.963004911587, -37.8176478072159]}}, {"type": "Feature", "properties": {"sensor_id": "67436", "sensor_type": "parking", "street_id": "20030", "method": "point_in_polygon", "dist_m": 0.0}, "geometry": {"type": "Point", "coordinates": [144.953434470474, -37.8126746190853]}}, {"type": "Feature", "properties": {"sensor_id": "65460", "sensor_type": "parking", "street_id": "20009", "method": "point_in_polygon", "dist_m": 0.0}, "geometry": {"type": "Point", "coordinates": [144.96062414113, -37.812745913285]}}, {"type": "Feature", "properties": {"sensor_id": "7489", "sensor_type": "parking", "street_id": "20891", "method": "point_in_polygon", "dist_m": 0.0}, "geometry": {"type": "Point", "coordinates": [144.977815735001, -37.8098479318613]}}, {"type": "Feature", "properties": {"sensor_id": "55319", "sensor_type": "parking", "street_id": "21521", "method": "point_in_polygon", "dist_m": 0.0}, "geometry": {"type": "Point", "coordinates": [144.957420688243, -37.8110100538872]}}, {"type": "Feature", "properties": {"sensor_id": "63152", "sensor_type": "parking", "street_id": "20101", "method": "point_in_polygon", "dist_m": 0.0}, "geometry": {"type": "Point", "coordinates": [144.959126737875, -37.8165514783013]}}, {"type": "Feature", "properties": {"sensor_id": "61618", "sensor_type": "parking", "street_id": "20137", "method": "point_in_polygon", "dist_m": 0.0}, "geometry": {"type": "Point", "coordinates": [144.955926652323, -37.8196801886006]}}, {"type": "Feature", "properties": {"sensor_id": "60840", "sensor_type": "parking", "street_id": "20121", "method": "point_in_polygon", "dist_m": 0.0}, "geometry": {"type": "Point", "coordinates": [144.973264059629, -37.8146509508469]}}, {"type": "Feature", "properties": {"sensor_id": "61741", "sensor_type": "parking", "street_id": "20106", "method": "point_in_polygon", "dist_m": 0.0}, "geometry": {"type": "Point", "coordinates": [144.972254556511, -37.8138969238806]}}, {"type": "Feature", "properties": {"sensor_id": "52121", "sensor_type": "parking", "street_id": "20151", "method": "point_in_polygon", "dist_m": 0.0}, "geometry": {"type": "Point", "coordinates": [144.967435200544, -37.8110827780845]}}, {"type": "Feature", "properties": {"sensor_id": "50673", "sensor_type": "parking", "street_id": "21848", "method": "point_in_polygon", "dist_m": 0.0}, "geometry": {"type": "Point", "coordinates": [144.971639491597, -37.808586370255]}}, {"type": "Feature", "properties": {"sensor_id": "66427", "sensor_type": "parking", "street_id": "20046", "method": "point_in_polygon", "dist_m": 0.0}, "geometry": {"type": "Point", "coordinates": [144.955085347463, -37.8132220035642]}}, {"type": "Feature", "properties": {"sensor_id": "65163", "sensor_type": "parking", "street_id": "20003", "method": "point_in_polygon", "dist_m": 0.0}, "geometry": {"type": "Point", "coordinates": [144.968057197491, -37.8105850097677]}}, {"type": "Feature", "properties": {"sensor_id": "65851", "sensor_type": "parking", "street_id": "20034", "method": "point_in_polygon", "dist_m": 0.0}, "geometry": {"type": "Point", "coordinates": [144.970615601199, -37.8087471415161]}}, {"type": "Feature", "properties": {"sensor_id": "65071", "sensor_type": "parking", "street_id": "20001", "method": "point_in_polygon", "dist_m": 0.0}, "geometry": {"type": "Point", "coordinates": [144.970170834098, -37.8099654397368]}}, {"type": "Feature", "properties": {"sensor_id": "65039", "sensor_type": "parking", "street_id": "20001", "method": "point_in_polygon", "dist_m": 0.0}, "geometry": {"type": "Point", "coordinates": [144.971560749789, -37.8095585438842]}}, {"type": "Feature", "properties": {"sensor_id": "54634", "sensor_type": "parking", "street_id": "20177", "method": "point_in_polygon", "dist_m": 0.0}, "geometry": {"type": "Point", "coordinates": [144.959142206715, -37.8115822078758]}}, {"type": "Feature", "properties": {"sensor_id": "54628", "sensor_type": "parking", "street_id": "20177", "method": "point_in_polygon", "dist_m": 0.0}, "geometry": {"type": "Point", "coordinates": [144.959217425837, -37.811746793301]}}, {"type": "Feature", "properties": {"sensor_id": "52318", "sensor_type": "parking", "street_id": "20153", "method": "point_in_polygon", "dist_m": 0.0}, "geometry": {"type": "Point", "coordinates": [144.966584841909, -37.8092270602258]}}, {"type": "Feature", "properties": {"sensor_id": "50126", "sensor_type": "parking", "street_id": "20198", "method": "point_in_polygon", "dist_m": 0.0}, "geometry": {"type": "Point", "coordinates": [144.9741384033, -37.8139343095527]}}, {"type": "Feature", "properties": {"sensor_id": "50524", "sensor_type": "parking", "street_id": "20206", "method": "point_in_polygon", "dist_m": 0.0}, "geometry": {"type": "Point", "coordinates": [144.972175005525, -37.8097520846421]}}, {"type": "Feature", "properties": {"sensor_id": "57329", "sensor_type": "parking", "street_id": "20195", "method": "point_in_polygon", "dist_m": 0.0}, "geometry": {"type": "Point", "coordinates": [144.953974862935, -37.8128580261256]}}, {"type": "Feature", "properties": {"sensor_id": "57218", "sensor_type": "parking", "street_id": "20194", "method": "point_in_polygon", "dist_m": 0.0}, "geometry": {"type": "Point", "coordinates": [144.954598822135, -37.8136592701573]}}, {"type": "Feature", "properties": {"sensor_id": "51432", "sensor_type": "parking", "street_id": "20145", "method": "point_in_polygon", "dist_m": 0.0}, "geometry": {"type": "Point", "coordinates": [144.969107473421, -37.8088948858568]}}, {"type": "Feature", "properties": {"sensor_id": "55314", "sensor_type": "parking", "street_id": "21521", "method": "point_in_polygon", "dist_m": 0.0}, "geometry": {"type": "Point", "coordinates": [144.957487491203, -37.8111553714681]}}, {"type": "Feature", "properties": {"sensor_id": "66333", "sensor_type": "parking", "street_id": "20044", "method": "point_in_polygon", "dist_m": 0.0}, "geometry": {"type": "Point", "coordinates": [144.957306255361, -37.812587931837]}}, {"type": "Feature", "properties": {"sensor_id": "63315", "sensor_type": "parking", "street_id": "20105", "method": "point_in_polygon", "dist_m": 0.0}, "geometry": {"type": "Point", "coordinates": [144.955319488939, -37.8175765969391]}}, {"type": "Feature", "properties": {"sensor_id": "63241", "sensor_type": "parking", "street_id": "20103", "method": "point_in_polygon", "dist_m": 0.0}, "geometry": {"type": "Point", "coordinates": [144.957600154219, -37.81698561653]}}, {"type": "Feature", "properties": {"sensor_id": "50518", "sensor_type": "parking", "street_id": "20206", "method": "point_in_polygon", "dist_m": 0.0}, "geometry": {"type": "Point", "coordinates": [144.972321298458, -37.8100665581144]}}, {"type": "Feature", "properties": {"sensor_id": "65457", "sensor_type": "parking", "street_id": "20009", "method": "point_in_polygon", "dist_m": 0.0}, "geometry": {"type": "Point", "coordinates": [144.960694148313, -37.8127512072772]}}, {"type": "Feature", "properties": {"sensor_id": "61716", "sensor_type": "parking", "street_id": "20106", "method": "point_in_polygon", "dist_m": 0.0}, "geometry": {"type": "Point", "coordinates": [144.972367394626, -37.8137022497371]}}, {"type": "Feature", "properties": {"sensor_id": "65198", "sensor_type": "parking", "street_id": "20003", "method": "point_in_polygon", "dist_m": 0.0}, "geometry": {"type": "Point", "coordinates": [144.967691345768, -37.8107929762547]}}, {"type": "Feature", "properties": {"sensor_id": "56925", "sensor_type": "parking", "street_id": "20191", "method": "point_in_polygon", "dist_m": 0.0}, "geometry": {"type": "Point", "coordinates": [144.955861691568, -37.8169498697607]}}, {"type": "Feature", "properties": {"sensor_id": "23952", "sensor_type": "parking", "street_id": "23252", "method": "point_in_polygon", "dist_m": 0.0}, "geometry": {"type": "Point", "coordinates": [144.940208421499, -37.8137619729632]}}, {"type": "Feature", "properties": {"sensor_id": "51637", "sensor_type": "parking", "street_id": "20146", "method": "point_in_polygon", "dist_m": 0.0}, "geometry": {"type": "Point", "coordinates": [144.969509277262, -37.8161331022756]}}, {"type": "Feature", "properties": {"sensor_id": "63226", "sensor_type": "parking", "street_id": "20103", "method": "point_in_polygon", "dist_m": 0.0}, "geometry": {"type": "Point", "coordinates": [144.957098681499, -37.8170585211209]}}, {"type": "Feature", "properties": {"sensor_id": "12082", "sensor_type": "parking", "street_id": "21124", "method": "point_in_polygon", "dist_m": 0.0}, "geometry": {"type": "Point", "coordinates": [144.953872293645, -37.8004356875953]}}, {"type": "Feature", "properties": {"sensor_id": "50211", "sensor_type": "parking", "street_id": "20200", "method": "point_in_polygon", "dist_m": 0.0}, "geometry": {"type": "Point", "coordinates": [144.973785820315, -37.8127051938564]}}, {"type": "Feature", "properties": {"sensor_id": "7876", "sensor_type": "parking", "street_id": "20893", "method": "point_in_polygon", "dist_m": 0.0}, "geometry": {"type": "Point", "coordinates": [144.980272072868, -37.8101232490888]}}, {"type": "Feature", "properties": {"sensor_id": "7880", "sensor_type": "parking", "street_id": "20893", "method": "point_in_polygon", "dist_m": 0.0}, "geometry": {"type": "Point", "coordinates": [144.980532952461, -37.8101521841075]}}, {"type": "Feature", "properties": {"sensor_id": "63072", "sensor_type": "parking", "street_id": "20099", "method": "point_in_polygon", "dist_m": 0.0}, "geometry": {"type": "Point", "coordinates": [144.962015185947, -37.8157258044097]}}, {"type": "Feature", "properties": {"sensor_id": "63625", "sensor_type": "parking", "street_id": "20080", "method": "point_in_polygon", "dist_m": 0.0}, "geometry": {"type": "Point", "coordinates": [144.966732347125, -37.8131536356094]}}, {"type": "Feature", "properties": {"sensor_id": "62027", "sensor_type": "parking", "street_id": "20112", "method": "point_in_polygon", "dist_m": 0.0}, "geometry": {"type": "Point", "coordinates": [144.964746374641, -37.8159365301631]}}, {"type": "Feature", "properties": {"sensor_id": "64461", "sensor_type": "parking", "street_id": "20053", "method": "point_in_polygon", "dist_m": 0.0}, "geometry": {"type": "Point", "coordinates": [144.966034569467, -37.8123168682826]}}, {"type": "Feature", "properties": {"sensor_id": "50523", "sensor_type": "parking", "street_id": "20206", "method": "point_in_polygon", "dist_m": 0.0}, "geometry": {"type": "Point", "coordinates": [144.972202607916, -37.8098112284618]}}, {"type": "Feature", "properties": {"sensor_id": "63140", "sensor_type": "parking", "street_id": "20101", "method": "point_in_polygon", "dist_m": 0.0}, "geometry": {"type": "Point", "coordinates": [144.959926887099, -37.8163221836783]}}, {"type": "Feature", "properties": {"sensor_id": "65334", "sensor_type": "parking", "street_id": "20007", "method": "point_in_polygon", "dist_m": 0.0}, "geometry": {"type": "Point", "coordinates": [144.962481576006, -37.812120495267]}}, {"type": "Feature", "properties": {"sensor_id": "50663", "sensor_type": "parking", "street_id": "21848", "method": "point_in_polygon", "dist_m": 0.0}, "geometry": {"type": "Point", "coordinates": [144.971871344875, -37.8090882836067]}}, {"type": "Feature", "properties": {"sensor_id": "50636", "sensor_type": "parking", "street_id": "21848", "method": "point_in_polygon", "dist_m": 0.0}, "geometry": {"type": "Point", "coordinates": [144.971853661151, -37.8087784622954]}}, {"type": "Feature", "properties": {"sensor_id": "65160", "sensor_type": "parking", "street_id": "20003", "method": "point_in_polygon", "dist_m": 0.0}, "geometry": {"type": "Point", "coordinates": [144.968142883152, -37.8105600050226]}}, {"type": "Feature", "properties": {"sensor_id": "60740", "sensor_type": "parking", "street_id": "20224", "method": "point_in_polygon", "dist_m": 0.0}, "geometry": {"type": "Point", "coordinates": [144.956278731133, -37.8208380098673]}}, {"type": "Feature", "properties": {"sensor_id": "60732", "sensor_type": "parking", "street_id": "20224", "method": "point_in_polygon", "dist_m": 0.0}, "geometry": {"type": "Point", "coordinates": [144.957009361956, -37.820623113451]}}, {"type": "Feature", "properties": {"sensor_id": "51926", "sensor_type": "parking", "street_id": "20149", "method": "point_in_polygon", "dist_m": 0.0}, "geometry": {"type": "Point", "coordinates": [144.968432449812, -37.8135311170629]}}, {"type": "Feature", "properties": {"sensor_id": "65027", "sensor_type": "parking", "street_id": "20001", "method": "point_in_polygon", "dist_m": 0.0}, "geometry": {"type": "Point", "coordinates": [144.970404602069, -37.8097998525962]}}, {"type": "Feature", "properties": {"sensor_id": "62319", "sensor_type": "parking", "street_id": "20118", "method": "point_in_polygon", "dist_m": 0.0}, "geometry": {"type": "Point", "coordinates": [144.957996713911, -37.8178869260043]}}, {"type": "Feature", "properties": {"sensor_id": "62241", "sensor_type": "parking", "street_id": "20116", "method": "point_in_polygon", "dist_m": 0.0}, "geometry": {"type": "Point", "coordinates": [144.960809766573, -37.8172399262235]}}, {"type": "Feature", "properties": {"sensor_id": "64012", "sensor_type": "parking", "street_id": "20088", "method": "point_in_polygon", "dist_m": 0.0}, "geometry": {"type": "Point", "coordinates": [144.95703614472, -37.8159330563772]}}, {"type": "Feature", "properties": {"sensor_id": "53213", "sensor_type": "parking", "street_id": "20167", "method": "point_in_polygon", "dist_m": 0.0}, "geometry": {"type": "Point", "coordinates": [144.962577143138, -37.8127514209951]}}, {"type": "Feature", "properties": {"sensor_id": "51433", "sensor_type": "parking", "street_id": "20145", "method": "point_in_polygon", "dist_m": 0.0}, "geometry": {"type": "Point", "coordinates": [144.969095792186, -37.808869495576]}}, {"type": "Feature", "properties": {"sensor_id": "9619", "sensor_type": "parking", "street_id": "20994", "method": "point_in_polygon", "dist_m": 0.0}, "geometry": {"type": "Point", "coordinates": [144.948725613285, -37.8049845113301]}}, {"type": "Feature", "properties": {"sensor_id": "63216", "sensor_type": "parking", "street_id": "20103", "method": "point_in_polygon", "dist_m": 0.0}, "geometry": {"type": "Point", "coordinates": [144.957932265381, -37.8167964265807]}}, {"type": "Feature", "properties": {"sensor_id": "65184", "sensor_type": "parking", "street_id": "20003", "method": "point_in_polygon", "dist_m": 0.0}, "geometry": {"type": "Point", "coordinates": [144.968666054695, -37.8105059101596]}}, {"type": "Feature", "properties": {"sensor_id": "50510", "sensor_type": "parking", "street_id": "20206", "method": "point_in_polygon", "dist_m": 0.0}, "geometry": {"type": "Point", "coordinates": [144.97237175564, -37.8099349778354]}}, {"type": "Feature", "properties": {"sensor_id": "50521", "sensor_type": "parking", "street_id": "20206", "method": "point_in_polygon", "dist_m": 0.0}, "geometry": {"type": "Point", "coordinates": [144.972250426986, -37.809914442708]}}, {"type": "Feature", "properties": {"sensor_id": "65243", "sensor_type": "parking", "street_id": "20005", "method": "point_in_polygon", "dist_m": 0.0}, "geometry": {"type": "Point", "coordinates": [144.966590280615, -37.8111065808861]}}, {"type": "Feature", "properties": {"sensor_id": "65148", "sensor_type": "parking", "street_id": "20003", "method": "point_in_polygon", "dist_m": 0.0}, "geometry": {"type": "Point", "coordinates": [144.968556531937, -37.8104382783791]}}, {"type": "Feature", "properties": {"sensor_id": "21541", "sensor_type": "parking", "street_id": "22308", "method": "point_in_polygon", "dist_m": 0.0}, "geometry": {"type": "Point", "coordinates": [144.979660440671, -37.8450711291148]}}, {"type": "Feature", "properties": {"sensor_id": "51735", "sensor_type": "parking", "street_id": "20147", "method": "point_in_polygon", "dist_m": 0.0}, "geometry": {"type": "Point", "coordinates": [144.969160260327, -37.8151098153706]}}, {"type": "Feature", "properties": {"sensor_id": "53936", "sensor_type": "parking", "street_id": "20170", "method": "point_in_polygon", "dist_m": 0.0}, "geometry": {"type": "Point", "coordinates": [144.962165976028, -37.8181925821177]}}, {"type": "Feature", "properties": {"sensor_id": "53924", "sensor_type": "parking", "street_id": "20170", "method": "point_in_polygon", "dist_m": 0.0}, "geometry": {"type": "Point", "coordinates": [144.962315850947, -37.8185194964381]}}, {"type": "Feature", "properties": {"sensor_id": "65470", "sensor_type": "parking", "street_id": "20009", "method": "point_in_polygon", "dist_m": 0.0}, "geometry": {"type": "Point", "coordinates": [144.960167629914, -37.8128788287685]}}, {"type": "Feature", "properties": {"sensor_id": "61712", "sensor_type": "parking", "street_id": "20106", "method": "point_in_polygon", "dist_m": 0.0}, "geometry": {"type": "Point", "coordinates": [144.972622922773, -37.8136270509416]}}, {"type": "Feature", "properties": {"sensor_id": "61413", "sensor_type": "parking", "street_id": "20133", "method": "point_in_polygon", "dist_m": 0.0}, "geometry": {"type": "Point", "coordinates": [144.960184160199, -37.8185061080994]}}, {"type": "Feature", "properties": {"sensor_id": "60427", "sensor_type": "parking", "street_id": "20216", "method": "point_in_polygon", "dist_m": 0.0}, "geometry": {"type": "Point", "coordinates": [144.963195147677, -37.8185981500661]}}, {"type": "Feature", "properties": {"sensor_id": "50659", "sensor_type": "parking", "street_id": "21847", "method": "point_in_polygon", "dist_m": 0.0}, "geometry": {"type": "Point", "coordinates": [144.971540607067, -37.8080927945015]}}, {"type": "Feature", "properties": {"sensor_id": "17382", "sensor_type": "parking", "street_id": "20897", "method": "point_in_polygon", "dist_m": 0.0}, "geometry": {"type": "Point", "coordinates": [144.980895326059, -37.8098913871316]}}, {"type": "Feature", "properties": {"sensor_id": "16420", "sensor_type": "parking", "street_id": "20897", "method": "point_in_polygon", "dist_m": 0.0}, "geometry": {"type": "Point", "coordinates": [144.98105969189, -37.8099511644713]}}, {"type": "Feature", "properties": {"sensor_id": "9422", "sensor_type": "parking", "street_id": "20939", "method": "point_in_polygon", "dist_m": 0.0}, "geometry": {"type": "Point", "coordinates": [144.95744673087, -37.8044300322324]}}, {"type": "Feature", "properties": {"sensor_id": "18205", "sensor_type": "parking", "street_id": "23225", "method": "point_in_polygon", "dist_m": 0.0}, "geometry": {"type": "Point", "coordinates": [144.939212544374, -37.8133971155463]}}, {"type": "Feature", "properties": {"sensor_id": "51817", "sensor_type": "parking", "street_id": "20148", "method": "point_in_polygon", "dist_m": 0.0}, "geometry": {"type": "Point", "coordinates": [144.968824335915, -37.8141124719753]}}, {"type": "Feature", "properties": {"sensor_id": "66329", "sensor_type": "parking", "street_id": "20044", "method": "point_in_polygon", "dist_m": 0.0}, "geometry": {"type": "Point", "coordinates": [144.957587056778, -37.8125066220982]}}, {"type": "Feature", "properties": {"sensor_id": "63544", "sensor_type": "parking", "street_id": "20078", "method": "point_in_polygon", "dist_m": 0.0}, "geometry": {"type": "Point", "coordinates": [144.969960162172, -37.8123413263197]}}, {"type": "Feature", "properties": {"sensor_id": "24996", "sensor_type": "parking", "street_id": "20889", "method": "point_in_polygon", "dist_m": 0.0}, "geometry": {"type": "Point", "coordinates": [144.974331466129, -37.809329416021]}}, {"type": "Feature", "properties": {"sensor_id": "7879", "sensor_type": "parking", "street_id": "20893", "method": "point_in_polygon", "dist_m": 0.0}, "geometry": {"type": "Point", "coordinates": [144.980467934614, -37.8101449618365]}}, {"type": "Feature", "properties": {"sensor_id": "60941", "sensor_type": "parking", "street_id": "20123", "method": "point_in_polygon", "dist_m": 0.0}, "geometry": {"type": "Point", "coordinates": [144.971559657875, -37.8151480782986]}}, {"type": "Feature", "properties": {"sensor_id": "50848", "sensor_type": "parking", "street_id": "20139", "method": "point_in_polygon", "dist_m": 0.0}, "geometry": {"type": "Point", "coordinates": [144.971706705827, -37.8147300440956]}}, {"type": "Feature", "properties": {"sensor_id": "63448", "sensor_type": "parking", "street_id": "20065", "method": "point_in_polygon", "dist_m": 0.0}, "geometry": {"type": "Point", "coordinates": [144.971191096163, -37.8119792285592]}}, {"type": "Feature", "properties": {"sensor_id": "52013", "sensor_type": "parking", "street_id": "20150", "method": "point_in_polygon", "dist_m": 0.0}, "geometry": {"type": "Point", "coordinates": [144.968014162635, -37.8123496600798]}}, {"type": "Feature", "properties": {"sensor_id": "52248", "sensor_type": "parking", "street_id": "20152", "method": "point_in_polygon", "dist_m": 0.0}, "geometry": {"type": "Point", "coordinates": [144.966815702367, -37.8102786612161]}}, {"type": "Feature", "properties": {"sensor_id": "66426", "sensor_type": "parking", "street_id": "20046", "method": "point_in_polygon", "dist_m": 0.0}, "geometry": {"type": "Point", "coordinates": [144.955154863166, -37.8132022702103]}}, {"type": "Feature", "properties": {"sensor_id": "62214", "sensor_type": "parking", "street_id": "20116", "method": "point_in_polygon", "dist_m": 0.0}, "geometry": {"type": "Point", "coordinates": [144.960774142219, -37.8170877786139]}}, {"type": "Feature", "properties": {"sensor_id": "63132", "sensor_type": "parking", "street_id": "20101", "method": "point_in_polygon", "dist_m": 0.0}, "geometry": {"type": "Point", "coordinates": [144.960549530575, -37.8161454204139]}}, {"type": "Feature", "properties": {"sensor_id": "62238", "sensor_type": "parking", "street_id": "20116", "method": "point_in_polygon", "dist_m": 0.0}, "geometry": {"type": "Point", "coordinates": [144.961012142269, -37.8171814950053]}}, {"type": "Feature", "properties": {"sensor_id": "11935", "sensor_type": "parking", "street_id": "21122", "method": "point_in_polygon", "dist_m": 0.0}, "geometry": {"type": "Point", "coordinates": [144.955228808721, -37.8010468450934]}}, {"type": "Feature", "properties": {"sensor_id": "50511", "sensor_type": "parking", "street_id": "20206", "method": "point_in_polygon", "dist_m": 0.0}, "geometry": {"type": "Point", "coordinates": [144.972349326706, -37.8098863003875]}}, {"type": "Feature", "properties": {"sensor_id": "65953", "sensor_type": "parking", "street_id": "20036", "method": "point_in_polygon", "dist_m": 0.0}, "geometry": {"type": "Point", "coordinates": [144.968742724348, -37.8092795577476]}}, {"type": "Feature", "properties": {"sensor_id": "54040", "sensor_type": "parking", "street_id": "20171", "method": "point_in_polygon", "dist_m": 0.0}, "geometry": {"type": "Point", "coordinates": [144.961730540423, -37.8172425867132]}}, {"type": "Feature", "properties": {"sensor_id": "60217", "sensor_type": "parking", "street_id": "20212", "method": "point_in_polygon", "dist_m": 0.0}, "geometry": {"type": "Point", "coordinates": [144.96871639927, -37.8169902464111]}}, {"type": "Feature", "properties": {"sensor_id": "9470", "sensor_type": "parking", "street_id": "20931", "method": "point_in_polygon", "dist_m": 0.0}, "geometry": {"type": "Point", "coordinates": [144.957211520026, -37.8057600930248]}}, {"type": "Feature", "properties": {"sensor_id": "13423", "sensor_type": "parking", "street_id": "22913", "method": "point_in_polygon", "dist_m": 0.0}, "geometry": {"type": "Point", "coordinates": [144.944417256598, -37.8196564656311]}}, {"type": "Feature", "properties": {"sensor_id": "63076", "sensor_type": "parking", "street_id": "20099", "method": "point_in_polygon", "dist_m": 0.0}, "geometry": {"type": "Point", "coordinates": [144.961596406068, -37.8158484357243]}}, {"type": "Feature", "properties": {"sensor_id": "67330", "sensor_type": "parking", "street_id": "20028", "method": "point_in_polygon", "dist_m": 0.0}, "geometry": {"type": "Point", "coordinates": [144.954500601555, -37.8122309186953]}}, {"type": "Feature", "properties": {"sensor_id": "11946", "sensor_type": "parking", "street_id": "21122", "method": "point_in_polygon", "dist_m": 0.0}, "geometry": {"type": "Point", "coordinates": [144.95503587414, -37.8014625780963]}}, {"type": "Feature", "properties": {"sensor_id": "54433", "sensor_type": "parking", "street_id": "20175", "method": "point_in_polygon", "dist_m": 0.0}, "geometry": {"type": "Point", "coordinates": [144.9600620395, -37.8136132703905]}}, {"type": "Feature", "properties": {"sensor_id": "61635", "sensor_type": "parking", "street_id": "20137", "method": "point_in_polygon", "dist_m": 0.0}, "geometry": {"type": "Point", "coordinates": [144.956520965444, -37.819611947099]}}, {"type": "Feature", "properties": {"sensor_id": "51014", "sensor_type": "parking", "street_id": "20141", "method": "point_in_polygon", "dist_m": 0.0}, "geometry": {"type": "Point", "coordinates": [144.970939197723, -37.8127075488062]}}, {"type": "Feature", "properties": {"sensor_id": "23981", "sensor_type": "parking", "street_id": "20939", "method": "point_in_polygon", "dist_m": 0.0}, "geometry": {"type": "Point", "coordinates": [144.957334146148, -37.8044207325149]}}, {"type": "Feature", "properties": {"sensor_id": "61932", "sensor_type": "parking", "street_id": "20110", "method": "point_in_polygon", "dist_m": 0.0}, "geometry": {"type": "Point", "coordinates": [144.967106399092, -37.8152467614492]}}, {"type": "Feature", "properties": {"sensor_id": "61648", "sensor_type": "parking", "street_id": "20137", "method": "point_in_polygon", "dist_m": 0.0}, "geometry": {"type": "Point", "coordinates": [144.955356551642, -37.8199411670575]}}, {"type": "Feature", "properties": {"sensor_id": "52223", "sensor_type": "parking", "street_id": "20152", "method": "point_in_polygon", "dist_m": 0.0}, "geometry": {"type": "Point", "coordinates": [144.966997836938, -37.8103941257034]}}, {"type": "Feature", "properties": {"sensor_id": "50512", "sensor_type": "parking", "street_id": "20206", "method": "point_in_polygon", "dist_m": 0.0}, "geometry": {"type": "Point", "coordinates": [144.972325975092, -37.809835219681]}}, {"type": "Feature", "properties": {"sensor_id": "54435", "sensor_type": "parking", "street_id": "20175", "method": "point_in_polygon", "dist_m": 0.0}, "geometry": {"type": "Point", "coordinates": [144.960030161812, -37.8135441657589]}}, {"type": "Feature", "properties": {"sensor_id": "13436", "sensor_type": "parking", "street_id": "22913", "method": "point_in_polygon", "dist_m": 0.0}, "geometry": {"type": "Point", "coordinates": [144.943213349011, -37.8200973254809]}}, {"type": "Feature", "properties": {"sensor_id": "65023", "sensor_type": "parking", "street_id": "20001", "method": "point_in_polygon", "dist_m": 0.0}, "geometry": {"type": "Point", "coordinates": [144.970679847793, -37.8097188253502]}}, {"type": "Feature", "properties": {"sensor_id": "51018", "sensor_type": "parking", "street_id": "20141", "method": "point_in_polygon", "dist_m": 0.0}, "geometry": {"type": "Point", "coordinates": [144.970836547728, -37.8124850212775]}}, {"type": "Feature", "properties": {"sensor_id": "60026", "sensor_type": "parking", "street_id": "20208", "method": "point_in_polygon", "dist_m": 0.0}, "geometry": {"type": "Point", "coordinates": [144.972875835358, -37.8157653254234]}}, {"type": "Feature", "properties": {"sensor_id": "66425", "sensor_type": "parking", "street_id": "20046", "method": "point_in_polygon", "dist_m": 0.0}, "geometry": {"type": "Point", "coordinates": [144.955224378847, -37.8131825372646]}}, {"type": "Feature", "properties": {"sensor_id": "65092", "sensor_type": "parking", "street_id": "20001", "method": "point_in_polygon", "dist_m": 0.0}, "geometry": {"type": "Point", "coordinates": [144.970631564337, -37.8099307042784]}}, {"type": "Feature", "properties": {"sensor_id": "65050", "sensor_type": "parking", "street_id": "20001", "method": "point_in_polygon", "dist_m": 0.0}, "geometry": {"type": "Point", "coordinates": [144.971159909801, -37.8096758950161]}}, {"type": "Feature", "properties": {"sensor_id": "65045", "sensor_type": "parking", "street_id": "20001", "method": "point_in_polygon", "dist_m": 0.0}, "geometry": {"type": "Point", "coordinates": [144.9713328561, -37.8096252608608]}}, {"type": "Feature", "properties": {"sensor_id": "62240", "sensor_type": "parking", "street_id": "20116", "method": "point_in_polygon", "dist_m": 0.0}, "geometry": {"type": "Point", "coordinates": [144.96087150674, -37.8172219315625]}}, {"type": "Feature", "properties": {"sensor_id": "61911", "sensor_type": "parking", "street_id": "20110", "method": "point_in_polygon", "dist_m": 0.0}, "geometry": {"type": "Point", "coordinates": [144.968493912532, -37.8148396343282]}}, {"type": "Feature", "properties": {"sensor_id": "65155", "sensor_type": "parking", "street_id": "20003", "method": "point_in_polygon", "dist_m": 0.0}, "geometry": {"type": "Point", "coordinates": [144.968323852911, -37.8105068555932]}}, {"type": "Feature", "properties": {"sensor_id": "65468", "sensor_type": "parking", "street_id": "20009", "method": "point_in_polygon", "dist_m": 0.0}, "geometry": {"type": "Point", "coordinates": [144.960247465338, -37.8128555839717]}}, {"type": "Feature", "properties": {"sensor_id": "17490", "sensor_type": "parking", "street_id": "23293", "method": "point_in_polygon", "dist_m": 0.0}, "geometry": {"type": "Point", "coordinates": [144.942332730356, -37.8203503133496]}}, {"type": "Feature", "properties": {"sensor_id": "61640", "sensor_type": "parking", "street_id": "20137", "method": "point_in_polygon", "dist_m": 0.0}, "geometry": {"type": "Point", "coordinates": [144.956009487264, -37.8197568901149]}}, {"type": "Feature", "properties": {"sensor_id": "50677", "sensor_type": "parking", "street_id": "21847", "method": "point_in_polygon", "dist_m": 0.0}, "geometry": {"type": "Point", "coordinates": [144.971485271177, -37.8082534433229]}}, {"type": "Feature", "properties": {"sensor_id": "62331", "sensor_type": "parking", "street_id": "20118", "method": "point_in_polygon", "dist_m": 0.0}, "geometry": {"type": "Point", "coordinates": [144.957058094484, -37.8181556550676]}}, {"type": "Feature", "properties": {"sensor_id": "67215", "sensor_type": "parking", "street_id": "20026", "method": "point_in_polygon", "dist_m": 0.0}, "geometry": {"type": "Point", "coordinates": [144.958010495571, -37.8112257268526]}}, {"type": "Feature", "properties": {"sensor_id": "66330", "sensor_type": "parking", "street_id": "20044", "method": "point_in_polygon", "dist_m": 0.0}, "geometry": {"type": "Point", "coordinates": [144.957523040148, -37.8125251396729]}}, {"type": "Feature", "properties": {"sensor_id": "24277", "sensor_type": "parking", "street_id": "22439", "method": "point_in_polygon", "dist_m": 0.0}, "geometry": {"type": "Point", "coordinates": [144.942177079295, -37.8132050283225]}}, {"type": "Feature", "properties": {"sensor_id": "65477", "sensor_type": "parking", "street_id": "20009", "method": "point_in_polygon", "dist_m": 0.0}, "geometry": {"type": "Point", "coordinates": [144.961540718547, -37.8123934457209]}}, {"type": "Feature", "properties": {"sensor_id": "60846", "sensor_type": "parking", "street_id": "20121", "method": "point_in_polygon", "dist_m": 0.0}, "geometry": {"type": "Point", "coordinates": [144.97263301777, -37.8148355495811]}}, {"type": "Feature", "properties": {"sensor_id": "62063", "sensor_type": "parking", "street_id": "20112", "method": "point_in_polygon", "dist_m": 0.0}, "geometry": {"type": "Point", "coordinates": [144.964677897732, -37.8161172654025]}}, {"type": "Feature", "properties": {"sensor_id": "51016", "sensor_type": "parking", "street_id": "20141", "method": "point_in_polygon", "dist_m": 0.0}, "geometry": {"type": "Point", "coordinates": [144.970885338509, -37.8125908146507]}}, {"type": "Feature", "properties": {"sensor_id": "63311", "sensor_type": "parking", "street_id": "20105", "method": "point_in_polygon", "dist_m": 0.0}, "geometry": {"type": "Point", "coordinates": [144.955625652107, -37.8174735668163]}}, {"type": "Feature", "properties": {"sensor_id": "65141", "sensor_type": "parking", "street_id": "20003", "method": "point_in_polygon", "dist_m": 0.0}, "geometry": {"type": "Point", "coordinates": [144.968795073676, -37.8103684692399]}}, {"type": "Feature", "properties": {"sensor_id": "66431", "sensor_type": "parking", "street_id": "20046", "method": "point_in_polygon", "dist_m": 0.0}, "geometry": {"type": "Point", "coordinates": [144.954729867246, -37.8133234942838]}}, {"type": "Feature", "properties": {"sensor_id": "52216", "sensor_type": "parking", "street_id": "20152", "method": "point_in_polygon", "dist_m": 0.0}, "geometry": {"type": "Point", "coordinates": [144.967042725605, -37.8102193817583]}}, {"type": "Feature", "properties": {"sensor_id": "61945", "sensor_type": "parking", "street_id": "20110", "method": "point_in_polygon", "dist_m": 0.0}, "geometry": {"type": "Point", "coordinates": [144.968382517817, -37.8150349016903]}}, {"type": "Feature", "properties": {"sensor_id": "56717", "sensor_type": "parking", "street_id": "20189", "method": "point_in_polygon", "dist_m": 0.0}, "geometry": {"type": "Point", "coordinates": [144.95693807007, -37.8187530021439]}}, {"type": "Feature", "properties": {"sensor_id": "51439", "sensor_type": "parking", "street_id": "20145", "method": "point_in_polygon", "dist_m": 0.0}, "geometry": {"type": "Point", "coordinates": [144.968995278463, -37.8086508790921]}}, {"type": "Feature", "properties": {"sensor_id": "22417", "sensor_type": "parking", "street_id": "22308", "method": "point_in_polygon", "dist_m": 0.0}, "geometry": {"type": "Point", "coordinates": [144.980377820472, -37.8449790726798]}}, {"type": "Feature", "properties": {"sensor_id": "54331", "sensor_type": "parking", "street_id": "20174", "method": "point_in_polygon", "dist_m": 0.0}, "geometry": {"type": "Point", "coordinates": [144.96041144879, -37.8143770977281]}}, {"type": "Feature", "properties": {"sensor_id": "53939", "sensor_type": "parking", "street_id": "20170", "method": "point_in_polygon", "dist_m": 0.0}, "geometry": {"type": "Point", "coordinates": [144.962122110099, -37.8180971632769]}}, {"type": "Feature", "properties": {"sensor_id": "53927", "sensor_type": "parking", "street_id": "20170", "method": "point_in_polygon", "dist_m": 0.0}, "geometry": {"type": "Point", "coordinates": [144.962286183118, -37.8184547152723]}}, {"type": "Feature", "properties": {"sensor_id": "61715", "sensor_type": "parking", "street_id": "20106", "method": "point_in_polygon", "dist_m": 0.0}, "geometry": {"type": "Point", "coordinates": [144.972431360865, -37.8136834495924]}}, {"type": "Feature", "properties": {"sensor_id": "61322", "sensor_type": "parking", "street_id": "20131", "method": "point_in_polygon", "dist_m": 0.0}, "geometry": {"type": "Point", "coordinates": [144.961645283165, -37.8180499571183]}}, {"type": "Feature", "properties": {"sensor_id": "65490", "sensor_type": "parking", "street_id": "20009", "method": "point_in_polygon", "dist_m": 0.0}, "geometry": {"type": "Point", "coordinates": [144.960531209136, -37.8128843625627]}}, {"type": "Feature", "properties": {"sensor_id": "61921", "sensor_type": "parking", "street_id": "20110", "method": "point_in_polygon", "dist_m": 0.0}, "geometry": {"type": "Point", "coordinates": [144.967853932517, -37.8150271345647]}}, {"type": "Feature", "properties": {"sensor_id": "50918", "sensor_type": "parking", "street_id": "20140", "method": "point_in_polygon", "dist_m": 0.0}, "geometry": {"type": "Point", "coordinates": [144.971215863566, -37.8133066626586]}}, {"type": "Feature", "properties": {"sensor_id": "53944", "sensor_type": "parking", "street_id": "20170", "method": "point_in_polygon", "dist_m": 0.0}, "geometry": {"type": "Point", "coordinates": [144.962228923322, -37.8186009645687]}}, {"type": "Feature", "properties": {"sensor_id": "18065", "sensor_type": "parking", "street_id": "23225", "method": "point_in_polygon", "dist_m": 0.0}, "geometry": {"type": "Point", "coordinates": [144.939370279428, -37.8134606533369]}}, {"type": "Feature", "properties": {"sensor_id": "25013", "sensor_type": "parking", "street_id": "20889", "method": "point_in_polygon", "dist_m": 0.0}, "geometry": {"type": "Point", "coordinates": [144.974197202326, -37.809452677357]}}, {"type": "Feature", "properties": {"sensor_id": "16430", "sensor_type": "parking", "street_id": "20898", "method": "point_in_polygon", "dist_m": 0.0}, "geometry": {"type": "Point", "coordinates": [144.98162227088, -37.8101264887153]}}, {"type": "Feature", "properties": {"sensor_id": "61152", "sensor_type": "parking", "street_id": "20127", "method": "point_in_polygon", "dist_m": 0.0}, "geometry": {"type": "Point", "coordinates": [144.964857816219, -37.8171153351223]}}, {"type": "Feature", "properties": {"sensor_id": "51745", "sensor_type": "parking", "street_id": "20147", "method": "point_in_polygon", "dist_m": 0.0}, "geometry": {"type": "Point", "coordinates": [144.96920247229, -37.8154607462513]}}, {"type": "Feature", "properties": {"sensor_id": "51744", "sensor_type": "parking", "street_id": "20147", "method": "point_in_polygon", "dist_m": 0.0}, "geometry": {"type": "Point", "coordinates": [144.969226064938, -37.8155115469496]}}, {"type": "Feature", "properties": {"sensor_id": "63446", "sensor_type": "parking", "street_id": "20065", "method": "point_in_polygon", "dist_m": 0.0}, "geometry": {"type": "Point", "coordinates": [144.971321578128, -37.8119410647008]}}, {"type": "Feature", "properties": {"sensor_id": "63445", "sensor_type": "parking", "street_id": "20065", "method": "point_in_polygon", "dist_m": 0.0}, "geometry": {"type": "Point", "coordinates": [144.971384446021, -37.8119226778376]}}, {"type": "Feature", "properties": {"sensor_id": "61617", "sensor_type": "parking", "street_id": "20137", "method": "point_in_polygon", "dist_m": 0.0}, "geometry": {"type": "Point", "coordinates": [144.955990826353, -37.8196619909723]}}, {"type": "Feature", "properties": {"sensor_id": "62060", "sensor_type": "parking", "street_id": "20112", "method": "point_in_polygon", "dist_m": 0.0}, "geometry": {"type": "Point", "coordinates": [144.964926451307, -37.816045307504]}}, {"type": "Feature", "properties": {"sensor_id": "62058", "sensor_type": "parking", "street_id": "20112", "method": "point_in_polygon", "dist_m": 0.0}, "geometry": {"type": "Point", "coordinates": [144.965078407989, -37.8160012569976]}}, {"type": "Feature", "properties": {"sensor_id": "64464", "sensor_type": "parking", "street_id": "20053", "method": "point_in_polygon", "dist_m": 0.0}, "geometry": {"type": "Point", "coordinates": [144.965831643836, -37.8123764567714]}}, {"type": "Feature", "properties": {"sensor_id": "63330", "sensor_type": "parking", "street_id": "20105", "method": "point_in_polygon", "dist_m": 0.0}, "geometry": {"type": "Point", "coordinates": [144.954320489118, -37.8178594310426]}}, {"type": "Feature", "properties": {"sensor_id": "65167", "sensor_type": "parking", "street_id": "20003", "method": "point_in_polygon", "dist_m": 0.0}, "geometry": {"type": "Point", "coordinates": [144.967860246138, -37.8106435544889]}}, {"type": "Feature", "properties": {"sensor_id": "65073", "sensor_type": "parking", "street_id": "20001", "method": "point_in_polygon", "dist_m": 0.0}, "geometry": {"type": "Point", "coordinates": [144.970081705674, -37.8099915247975]}}, {"type": "Feature", "properties": {"sensor_id": "54627", "sensor_type": "parking", "street_id": "20177", "method": "point_in_polygon", "dist_m": 0.0}, "geometry": {"type": "Point", "coordinates": [144.959227587655, -37.8117690270333]}}, {"type": "Feature", "properties": {"sensor_id": "61931", "sensor_type": "parking", "street_id": "20110", "method": "point_in_polygon", "dist_m": 0.0}, "geometry": {"type": "Point", "coordinates": [144.967170329872, -37.8152280687202]}}, {"type": "Feature", "properties": {"sensor_id": "57310", "sensor_type": "parking", "street_id": "20195", "method": "point_in_polygon", "dist_m": 0.0}, "geometry": {"type": "Point", "coordinates": [144.954377182099, -37.8131824164324]}}, {"type": "Feature", "properties": {"sensor_id": "61245", "sensor_type": "parking", "street_id": "20129", "method": "point_in_polygon", "dist_m": 0.0}, "geometry": {"type": "Point", "coordinates": [144.962940757587, -37.8176661112652]}}, {"type": "Feature", "properties": {"sensor_id": "9589", "sensor_type": "parking", "street_id": "20992", "method": "point_in_polygon", "dist_m": 0.0}, "geometry": {"type": "Point", "coordinates": [144.949607792847, -37.8036846705889]}}, {"type": "Feature", "properties": {"sensor_id": "65244", "sensor_type": "parking", "street_id": "20005", "method": "point_in_polygon", "dist_m": 0.0}, "geometry": {"type": "Point", "coordinates": [144.96652963017, -37.8111245088489]}}, {"type": "Feature", "properties": {"sensor_id": "12292", "sensor_type": "parking", "street_id": "21141", "method": "point_in_polygon", "dist_m": 0.0}, "geometry": {"type": "Point", "coordinates": [144.953463009509, -37.7990784737105]}}, {"type": "Feature", "properties": {"sensor_id": "54427", "sensor_type": "parking", "street_id": "20175", "method": "point_in_polygon", "dist_m": 0.0}, "geometry": {"type": "Point", "coordinates": [144.96013827418, -37.8137784411039]}}, {"type": "Feature", "properties": {"sensor_id": "65199", "sensor_type": "parking", "street_id": "20003", "method": "point_in_polygon", "dist_m": 0.0}, "geometry": {"type": "Point", "coordinates": [144.967625589519, -37.8108123453408]}}, {"type": "Feature", "properties": {"sensor_id": "56922", "sensor_type": "parking", "street_id": "20191", "method": "point_in_polygon", "dist_m": 0.0}, "geometry": {"type": "Point", "coordinates": [144.955937696307, -37.8171148404947]}}, {"type": "Feature", "properties": {"sensor_id": "60836", "sensor_type": "parking", "street_id": "20121", "method": "point_in_polygon", "dist_m": 0.0}, "geometry": {"type": "Point", "coordinates": [144.973728583879, -37.8145150664333]}}, {"type": "Feature", "properties": {"sensor_id": "60218", "sensor_type": "parking", "street_id": "20212", "method": "point_in_polygon", "dist_m": 0.0}, "geometry": {"type": "Point", "coordinates": [144.968646355039, -37.8170108497498]}}, {"type": "Feature", "properties": {"sensor_id": "16417", "sensor_type": "parking", "street_id": "20897", "method": "point_in_polygon", "dist_m": 0.0}, "geometry": {"type": "Point", "coordinates": [144.981081094351, -37.8098216323239]}}, {"type": "Feature", "properties": {"sensor_id": "24040", "sensor_type": "parking", "street_id": "20931", "method": "point_in_polygon", "dist_m": 0.0}, "geometry": {"type": "Point", "coordinates": [144.957194140161, -37.8052197464135]}}, {"type": "Feature", "properties": {"sensor_id": "15096", "sensor_type": "parking", "street_id": "23311", "method": "point_in_polygon", "dist_m": 0.0}, "geometry": {"type": "Point", "coordinates": [144.943866446804, -37.8213379117192]}}, {"type": "Feature", "properties": {"sensor_id": "63067", "sensor_type": "parking", "street_id": "20099", "method": "point_in_polygon", "dist_m": 0.0}, "geometry": {"type": "Point", "coordinates": [144.962343093553, -37.8156301718882]}}, {"type": "Feature", "properties": {"sensor_id": "61843", "sensor_type": "parking", "street_id": "20108", "method": "point_in_polygon", "dist_m": 0.0}, "geometry": {"type": "Point", "coordinates": [144.969796640633, -37.8146223064289]}}, {"type": "Feature", "properties": {"sensor_id": "54320", "sensor_type": "parking", "street_id": "20174", "method": "point_in_polygon", "dist_m": 0.0}, "geometry": {"type": "Point", "coordinates": [144.960458509181, -37.8142035851467]}}, {"type": "Feature", "properties": {"sensor_id": "57330", "sensor_type": "parking", "street_id": "20195", "method": "point_in_polygon", "dist_m": 0.0}, "geometry": {"type": "Point", "coordinates": [144.953951225117, -37.8128072860266]}}, {"type": "Feature", "properties": {"sensor_id": "63133", "sensor_type": "parking", "street_id": "20101", "method": "point_in_polygon", "dist_m": 0.0}, "geometry": {"type": "Point", "coordinates": [144.960467185739, -37.8161687980518]}}, {"type": "Feature", "properties": {"sensor_id": "50513", "sensor_type": "parking", "street_id": "20206", "method": "point_in_polygon", "dist_m": 0.0}, "geometry": {"type": "Point", "coordinates": [144.972303535886, -37.8097869016944]}}, {"type": "Feature", "properties": {"sensor_id": "52118", "sensor_type": "parking", "street_id": "20151", "method": "point_in_polygon", "dist_m": 0.0}, "geometry": {"type": "Point", "coordinates": [144.967510729635, -37.8112464092254]}}, {"type": "Feature", "properties": {"sensor_id": "21538", "sensor_type": "parking", "street_id": "22203", "method": "point_in_polygon", "dist_m": 0.0}, "geometry": {"type": "Point", "coordinates": [144.978286658525, -37.8351404628618]}}, {"type": "Feature", "properties": {"sensor_id": "54526", "sensor_type": "parking", "street_id": "20176", "method": "point_in_polygon", "dist_m": 0.0}, "geometry": {"type": "Point", "coordinates": [144.959595048776, -37.8125804890911]}}, {"type": "Feature", "properties": {"sensor_id": "62310", "sensor_type": "parking", "street_id": "20118", "method": "point_in_polygon", "dist_m": 0.0}, "geometry": {"type": "Point", "coordinates": [144.958614705138, -37.8177098653547]}}, {"type": "Feature", "properties": {"sensor_id": "56921", "sensor_type": "parking", "street_id": "20191", "method": "point_in_polygon", "dist_m": 0.0}, "geometry": {"type": "Point", "coordinates": [144.955960839737, -37.817165652112]}}, {"type": "Feature", "properties": {"sensor_id": "9465", "sensor_type": "parking", "street_id": "20931", "method": "point_in_polygon", "dist_m": 0.0}, "geometry": {"type": "Point", "coordinates": [144.957242792955, -37.8055830487991]}}, {"type": "Feature", "properties": {"sensor_id": "54614", "sensor_type": "parking", "street_id": "20177", "method": "point_in_polygon", "dist_m": 0.0}, "geometry": {"type": "Point", "coordinates": [144.959285205448, -37.811623820357]}}, {"type": "Feature", "properties": {"sensor_id": "66453", "sensor_type": "parking", "street_id": "20046", "method": "point_in_polygon", "dist_m": 0.0}, "geometry": {"type": "Point", "coordinates": [144.955184149516, -37.8132441739473]}}, {"type": "Feature", "properties": {"sensor_id": "53941", "sensor_type": "parking", "street_id": "20170", "method": "point_in_polygon", "dist_m": 0.0}, "geometry": {"type": "Point", "coordinates": [144.962101441262, -37.8180519240713]}}, {"type": "Feature", "properties": {"sensor_id": "18626", "sensor_type": "parking", "street_id": "23311", "method": "point_in_polygon", "dist_m": 0.0}, "geometry": {"type": "Point", "coordinates": [144.94339948999, -37.8210486510716]}}, {"type": "Feature", "properties": {"sensor_id": "64113", "sensor_type": "parking", "street_id": "20090", "method": "point_in_polygon", "dist_m": 0.0}, "geometry": {"type": "Point", "coordinates": [144.954885647032, -37.8165326455464]}}, {"type": "Feature", "properties": {"sensor_id": "7840", "sensor_type": "parking", "street_id": "20891", "method": "point_in_polygon", "dist_m": 0.0}, "geometry": {"type": "Point", "coordinates": [144.977255617187, -37.8097870157677]}}, {"type": "Feature", "properties": {"sensor_id": "7881", "sensor_type": "parking", "street_id": "20893", "method": "point_in_polygon", "dist_m": 0.0}, "geometry": {"type": "Point", "coordinates": [144.980596605447, -37.8101592575143]}}, {"type": "Feature", "properties": {"sensor_id": "51746", "sensor_type": "parking", "street_id": "20147", "method": "point_in_polygon", "dist_m": 0.0}, "geometry": {"type": "Point", "coordinates": [144.969180827857, -37.8154142971072]}}, {"type": "Feature", "properties": {"sensor_id": "62874", "sensor_type": "parking", "street_id": "20095", "method": "point_in_polygon", "dist_m": 0.0}, "geometry": {"type": "Point", "coordinates": [144.967574184504, -37.8140876277212]}}, {"type": "Feature", "properties": {"sensor_id": "61738", "sensor_type": "parking", "street_id": "20106", "method": "point_in_polygon", "dist_m": 0.0}, "geometry": {"type": "Point", "coordinates": [144.97245074426, -37.8138396442797]}}, {"type": "Feature", "properties": {"sensor_id": "61740", "sensor_type": "parking", "street_id": "20106", "method": "point_in_polygon", "dist_m": 0.0}, "geometry": {"type": "Point", "coordinates": [144.972322834184, -37.8138769381424]}}, {"type": "Feature", "properties": {"sensor_id": "62220", "sensor_type": "parking", "street_id": "20116", "method": "point_in_polygon", "dist_m": 0.0}, "geometry": {"type": "Point", "coordinates": [144.960372332144, -37.8172037768475]}}, {"type": "Feature", "properties": {"sensor_id": "51932", "sensor_type": "parking", "street_id": "20149", "method": "point_in_polygon", "dist_m": 0.0}, "geometry": {"type": "Point", "coordinates": [144.968354166844, -37.8133612207986]}}, {"type": "Feature", "properties": {"sensor_id": "65856", "sensor_type": "parking", "street_id": "20034", "method": "point_in_polygon", "dist_m": 0.0}, "geometry": {"type": "Point", "coordinates": [144.970305679814, -37.808836973509]}}, {"type": "Feature", "properties": {"sensor_id": "65057", "sensor_type": "parking", "street_id": "20001", "method": "point_in_polygon", "dist_m": 0.0}, "geometry": {"type": "Point", "coordinates": [144.970763998052, -37.8097917677008]}}, {"type": "Feature", "properties": {"sensor_id": "57230", "sensor_type": "parking", "street_id": "20194", "method": "point_in_polygon", "dist_m": 0.0}, "geometry": {"type": "Point", "coordinates": [144.954378064512, -37.8137290147157]}}, {"type": "Feature", "properties": {"sensor_id": "57924", "sensor_type": "parking", "street_id": "20069", "method": "point_in_polygon", "dist_m": 0.0}, "geometry": {"type": "Point", "coordinates": [144.95453219491, -37.8196124299791]}}, {"type": "Feature", "properties": {"sensor_id": "54041", "sensor_type": "parking", "street_id": "20171", "method": "point_in_polygon", "dist_m": 0.0}, "geometry": {"type": "Point", "coordinates": [144.961701255144, -37.8171787243711]}}, {"type": "Feature", "properties": {"sensor_id": "13396", "sensor_type": "parking", "street_id": "22913", "method": "point_in_polygon", "dist_m": 0.0}, "geometry": {"type": "Point", "coordinates": [144.943215412091, -37.8200038536387]}}, {"type": "Feature", "properties": {"sensor_id": "50653", "sensor_type": "parking", "street_id": "21847", "method": "point_in_polygon", "dist_m": 0.0}, "geometry": {"type": "Point", "coordinates": [144.971603140789, -37.8082328618463]}}, {"type": "Feature", "properties": {"sensor_id": "53919", "sensor_type": "parking", "street_id": "20170", "method": "point_in_polygon", "dist_m": 0.0}, "geometry": {"type": "Point", "coordinates": [144.962258461276, -37.8181217992318]}}, {"type": "Feature", "properties": {"sensor_id": "50517", "sensor_type": "parking", "street_id": "20206", "method": "point_in_polygon", "dist_m": 0.0}, "geometry": {"type": "Point", "coordinates": [144.972345058043, -37.8101172232065]}}, {"type": "Feature", "properties": {"sensor_id": "17491", "sensor_type": "parking", "street_id": "23293", "method": "point_in_polygon", "dist_m": 0.0}, "geometry": {"type": "Point", "coordinates": [144.942399989904, -37.8203309303445]}}, {"type": "Feature", "properties": {"sensor_id": "25113", "sensor_type": "parking", "street_id": "22622", "method": "point_in_polygon", "dist_m": 0.0}, "geometry": {"type": "Point", "coordinates": [144.983151461096, -37.8120512475734]}}, {"type": "Feature", "properties": {"sensor_id": "61944", "sensor_type": "parking", "street_id": "20110", "method": "point_in_polygon", "dist_m": 0.0}, "geometry": {"type": "Point", "coordinates": [144.968442167373, -37.8150174068762]}}, {"type": "Feature", "properties": {"sensor_id": "51927", "sensor_type": "parking", "street_id": "20149", "method": "point_in_polygon", "dist_m": 0.0}, "geometry": {"type": "Point", "coordinates": [144.968421597349, -37.8135074046079]}}, {"type": "Feature", "properties": {"sensor_id": "65839", "sensor_type": "parking", "street_id": "20034", "method": "point_in_polygon", "dist_m": 0.0}, "geometry": {"type": "Point", "coordinates": [144.969544589566, -37.8090085191715]}}, {"type": "Feature", "properties": {"sensor_id": "53928", "sensor_type": "parking", "street_id": "20170", "method": "point_in_polygon", "dist_m": 0.0}, "geometry": {"type": "Point", "coordinates": [144.962260724063, -37.8183990739519]}}, {"type": "Feature", "properties": {"sensor_id": "17498", "sensor_type": "parking", "street_id": "23293", "method": "point_in_polygon", "dist_m": 0.0}, "geometry": {"type": "Point", "coordinates": [144.942359713681, -37.8201644141958]}}, {"type": "Feature", "properties": {"sensor_id": "50815", "sensor_type": "parking", "street_id": "20139", "method": "point_in_polygon", "dist_m": 0.0}, "geometry": {"type": "Point", "coordinates": [144.971831391028, -37.8146321632531]}}, {"type": "Feature", "properties": {"sensor_id": "17719", "sensor_type": "parking", "street_id": "23378", "method": "point_in_polygon", "dist_m": 0.0}, "geometry": {"type": "Point", "coordinates": [144.939859844184, -37.8203681666348]}}, {"type": "Feature", "properties": {"sensor_id": "24038", "sensor_type": "parking", "street_id": "20931", "method": "point_in_polygon", "dist_m": 0.0}, "geometry": {"type": "Point", "coordinates": [144.957185065847, -37.8052714863866]}}, {"type": "Feature", "properties": {"sensor_id": "9466", "sensor_type": "parking", "street_id": "20931", "method": "point_in_polygon", "dist_m": 0.0}, "geometry": {"type": "Point", "coordinates": [144.957238212964, -37.8056089255329]}}, {"type": "Feature", "properties": {"sensor_id": "9621", "sensor_type": "parking", "street_id": "20994", "method": "point_in_polygon", "dist_m": 0.0}, "geometry": {"type": "Point", "coordinates": [144.948669390402, -37.8049782200132]}}, {"type": "Feature", "properties": {"sensor_id": "50933", "sensor_type": "parking", "street_id": "20140", "method": "point_in_polygon", "dist_m": 0.0}, "geometry": {"type": "Point", "coordinates": [144.971163256642, -37.813558358524]}}, {"type": "Feature", "properties": {"sensor_id": "62065", "sensor_type": "parking", "street_id": "20112", "method": "point_in_polygon", "dist_m": 0.0}, "geometry": {"type": "Point", "coordinates": [144.964552250516, -37.8161540803378]}}, {"type": "Feature", "properties": {"sensor_id": "50665", "sensor_type": "parking", "street_id": "21848", "method": "point_in_polygon", "dist_m": 0.0}, "geometry": {"type": "Point", "coordinates": [144.971824433223, -37.808987033046]}}, {"type": "Feature", "properties": {"sensor_id": "50631", "sensor_type": "parking", "street_id": "21848", "method": "point_in_polygon", "dist_m": 0.0}, "geometry": {"type": "Point", "coordinates": [144.971907928333, -37.8088965608673]}}, {"type": "Feature", "properties": {"sensor_id": "61920", "sensor_type": "parking", "street_id": "20110", "method": "point_in_polygon", "dist_m": 0.0}, "geometry": {"type": "Point", "coordinates": [144.967917849204, -37.8150084025287]}}, {"type": "Feature", "properties": {"sensor_id": "64214", "sensor_type": "parking", "street_id": "20049", "method": "point_in_polygon", "dist_m": 0.0}, "geometry": {"type": "Point", "coordinates": [144.972172296025, -37.8104665011441]}}, {"type": "Feature", "properties": {"sensor_id": "54137", "sensor_type": "parking", "street_id": "20172", "method": "point_in_polygon", "dist_m": 0.0}, "geometry": {"type": "Point", "coordinates": [144.961250973375, -37.816201489781]}}, {"type": "Feature", "properties": {"sensor_id": "16407", "sensor_type": "parking", "street_id": "20897", "method": "point_in_polygon", "dist_m": 0.0}, "geometry": {"type": "Point", "coordinates": [144.981150121404, -37.8094045237669]}}, {"type": "Feature", "properties": {"sensor_id": "53946", "sensor_type": "parking", "street_id": "20170", "method": "point_in_polygon", "dist_m": 0.0}, "geometry": {"type": "Point", "coordinates": [144.96217929229, -37.8184925684276]}}, {"type": "Feature", "properties": {"sensor_id": "18825", "sensor_type": "parking", "street_id": "20889", "method": "point_in_polygon", "dist_m": 0.0}, "geometry": {"type": "Point", "coordinates": [144.974771985683, -37.8095168686586]}}, {"type": "Feature", "properties": {"sensor_id": "7878", "sensor_type": "parking", "street_id": "20893", "method": "point_in_polygon", "dist_m": 0.0}, "geometry": {"type": "Point", "coordinates": [144.980402234204, -37.810137667253]}}, {"type": "Feature", "properties": {"sensor_id": "65246", "sensor_type": "parking", "street_id": "20005", "method": "point_in_polygon", "dist_m": 0.0}, "geometry": {"type": "Point", "coordinates": [144.966312811513, -37.8111885740935]}}, {"type": "Feature", "properties": {"sensor_id": "51753", "sensor_type": "parking", "street_id": "20147", "method": "point_in_polygon", "dist_m": 0.0}, "geometry": {"type": "Point", "coordinates": [144.969033529406, -37.8150978184963]}}, {"type": "Feature", "properties": {"sensor_id": "63442", "sensor_type": "parking", "street_id": "20065", "method": "point_in_polygon", "dist_m": 0.0}, "geometry": {"type": "Point", "coordinates": [144.971712747725, -37.8118268705237]}}, {"type": "Feature", "properties": {"sensor_id": "63431", "sensor_type": "parking", "street_id": "20065", "method": "point_in_polygon", "dist_m": 0.0}, "geometry": {"type": "Point", "coordinates": [144.972247890185, -37.8116712533842]}}, {"type": "Feature", "properties": {"sensor_id": "62212", "sensor_type": "parking", "street_id": "20116", "method": "point_in_polygon", "dist_m": 0.0}, "geometry": {"type": "Point", "coordinates": [144.960904858508, -37.8170501923052]}}, {"type": "Feature", "properties": {"sensor_id": "51930", "sensor_type": "parking", "street_id": "20149", "method": "point_in_polygon", "dist_m": 0.0}, "geometry": {"type": "Point", "coordinates": [144.968375245773, -37.8134074930379]}}, {"type": "Feature", "properties": {"sensor_id": "9468", "sensor_type": "parking", "street_id": "20931", "method": "point_in_polygon", "dist_m": 0.0}, "geometry": {"type": "Point", "coordinates": [144.957220481668, -37.8057092587565]}}, {"type": "Feature", "properties": {"sensor_id": "62029", "sensor_type": "parking", "street_id": "20112", "method": "point_in_polygon", "dist_m": 0.0}, "geometry": {"type": "Point", "coordinates": [144.964612175471, -37.8159758966993]}}, {"type": "Feature", "properties": {"sensor_id": "52249", "sensor_type": "parking", "street_id": "20152", "method": "point_in_polygon", "dist_m": 0.0}, "geometry": {"type": "Point", "coordinates": [144.966792473939, -37.8102278410933]}}, {"type": "Feature", "properties": {"sensor_id": "61320", "sensor_type": "parking", "street_id": "20131", "method": "point_in_polygon", "dist_m": 0.0}, "geometry": {"type": "Point", "coordinates": [144.961774097068, -37.8180129004001]}}, {"type": "Feature", "properties": {"sensor_id": "54245", "sensor_type": "parking", "street_id": "20173", "method": "point_in_polygon", "dist_m": 0.0}, "geometry": {"type": "Point", "coordinates": [144.960944579923, -37.815805526791]}}, {"type": "Feature", "properties": {"sensor_id": "51734", "sensor_type": "parking", "street_id": "20147", "method": "point_in_polygon", "dist_m": 0.0}, "geometry": {"type": "Point", "coordinates": [144.969170354395, -37.8151320173713]}}, {"type": "Feature", "properties": {"sensor_id": "60137", "sensor_type": "parking", "street_id": "20210", "method": "point_in_polygon", "dist_m": 0.0}, "geometry": {"type": "Point", "coordinates": [144.97153070955, -37.8163568416997]}}, {"type": "Feature", "properties": {"sensor_id": "63432", "sensor_type": "parking", "street_id": "20065", "method": "point_in_polygon", "dist_m": 0.0}, "geometry": {"type": "Point", "coordinates": [144.972173266359, -37.8116929800838]}}, {"type": "Feature", "properties": {"sensor_id": "63923", "sensor_type": "parking", "street_id": "20086", "method": "point_in_polygon", "dist_m": 0.0}, "geometry": {"type": "Point", "coordinates": [144.958612793939, -37.8154843136145]}}, {"type": "Feature", "properties": {"sensor_id": "63424", "sensor_type": "parking", "street_id": "20065", "method": "point_in_polygon", "dist_m": 0.0}, "geometry": {"type": "Point", "coordinates": [144.971162088222, -37.8118260617741]}}, {"type": "Feature", "properties": {"sensor_id": "62030", "sensor_type": "parking", "street_id": "20112", "method": "point_in_polygon", "dist_m": 0.0}, "geometry": {"type": "Point", "coordinates": [144.964535483626, -37.8159984025521]}}, {"type": "Feature", "properties": {"sensor_id": "66439", "sensor_type": "parking", "street_id": "20046", "method": "point_in_polygon", "dist_m": 0.0}, "geometry": {"type": "Point", "coordinates": [144.956146159239, -37.8129702686576]}}, {"type": "Feature", "properties": {"sensor_id": "63145", "sensor_type": "parking", "street_id": "20101", "method": "point_in_polygon", "dist_m": 0.0}, "geometry": {"type": "Point", "coordinates": [144.959595525648, -37.8164165451159]}}, {"type": "Feature", "properties": {"sensor_id": "65138", "sensor_type": "parking", "street_id": "20003", "method": "point_in_polygon", "dist_m": 0.0}, "geometry": {"type": "Point", "coordinates": [144.968882582674, -37.8103429174842]}}, {"type": "Feature", "properties": {"sensor_id": "65069", "sensor_type": "parking", "street_id": "20001", "method": "point_in_polygon", "dist_m": 0.0}, "geometry": {"type": "Point", "coordinates": [144.97022112476, -37.8099507180491]}}, {"type": "Feature", "properties": {"sensor_id": "54127", "sensor_type": "parking", "street_id": "20172", "method": "point_in_polygon", "dist_m": 0.0}, "geometry": {"type": "Point", "coordinates": [144.961374124354, -37.8164690222248]}}, {"type": "Feature", "properties": {"sensor_id": "18634", "sensor_type": "parking", "street_id": "23311", "method": "point_in_polygon", "dist_m": 0.0}, "geometry": {"type": "Point", "coordinates": [144.943919314355, -37.8211731906495]}}, {"type": "Feature", "properties": {"sensor_id": "62884", "sensor_type": "parking", "street_id": "20095", "method": "point_in_polygon", "dist_m": 0.0}, "geometry": {"type": "Point", "coordinates": [144.966802086739, -37.8143144390663]}}, {"type": "Feature", "properties": {"sensor_id": "65128", "sensor_type": "parking", "street_id": "20003", "method": "point_in_polygon", "dist_m": 0.0}, "geometry": {"type": "Point", "coordinates": [144.969213943632, -37.8102459615092]}}, {"type": "Feature", "properties": {"sensor_id": "61823", "sensor_type": "parking", "street_id": "20108", "method": "point_in_polygon", "dist_m": 0.0}, "geometry": {"type": "Point", "coordinates": [144.970007684488, -37.8143965296587]}}, {"type": "Feature", "properties": {"sensor_id": "13403", "sensor_type": "parking", "street_id": "22913", "method": "point_in_polygon", "dist_m": 0.0}, "geometry": {"type": "Point", "coordinates": [144.943447873312, -37.8199362488871]}}, {"type": "Feature", "properties": {"sensor_id": "58210", "sensor_type": "parking", "street_id": "20075", "method": "point_in_polygon", "dist_m": 0.0}, "geometry": {"type": "Point", "coordinates": [144.95304491722, -37.8163733645258]}}, {"type": "Feature", "properties": {"sensor_id": "57922", "sensor_type": "parking", "street_id": "20069", "method": "point_in_polygon", "dist_m": 0.0}, "geometry": {"type": "Point", "coordinates": [144.954578118912, -37.8197127691842]}}, {"type": "Feature", "properties": {"sensor_id": "62337", "sensor_type": "parking", "street_id": "20118", "method": "point_in_polygon", "dist_m": 0.0}, "geometry": {"type": "Point", "coordinates": [144.958746172914, -37.8178351912779]}}, {"type": "Feature", "properties": {"sensor_id": "12031", "sensor_type": "parking", "street_id": "21182", "method": "point_in_polygon", "dist_m": 0.0}, "geometry": {"type": "Point", "coordinates": [144.953154470104, -37.7984265324707]}}, {"type": "Feature", "properties": {"sensor_id": "56719", "sensor_type": "parking", "street_id": "20189", "method": "point_in_polygon", "dist_m": 0.0}, "geometry": {"type": "Point", "coordinates": [144.956891108428, -37.8186514956102]}}, {"type": "Feature", "properties": {"sensor_id": "13395", "sensor_type": "parking", "street_id": "22913", "method": "point_in_polygon", "dist_m": 0.0}, "geometry": {"type": "Point", "coordinates": [144.943187687161, -37.8200119160398]}}, {"type": "Feature", "properties": {"sensor_id": "62867", "sensor_type": "parking", "street_id": "20095", "method": "point_in_polygon", "dist_m": 0.0}, "geometry": {"type": "Point", "coordinates": [144.968040030472, -37.8139512363436]}}, {"type": "Feature", "properties": {"sensor_id": "51616", "sensor_type": "parking", "street_id": "20146", "method": "point_in_polygon", "dist_m": 0.0}, "geometry": {"type": "Point", "coordinates": [144.969728640474, -37.8160747921621]}}, {"type": "Feature", "properties": {"sensor_id": "54316", "sensor_type": "parking", "street_id": "20174", "method": "point_in_polygon", "dist_m": 0.0}, "geometry": {"type": "Point", "coordinates": [144.960560747114, -37.8144275565456]}}, {"type": "Feature", "properties": {"sensor_id": "67429", "sensor_type": "parking", "street_id": "20030", "method": "point_in_polygon", "dist_m": 0.0}, "geometry": {"type": "Point", "coordinates": [144.951806918039, -37.8129931321429]}}, {"type": "Feature", "properties": {"sensor_id": "65131", "sensor_type": "parking", "street_id": "20003", "method": "point_in_polygon", "dist_m": 0.0}, "geometry": {"type": "Point", "coordinates": [144.969123968342, -37.8102722579417]}}, {"type": "Feature", "properties": {"sensor_id": "51437", "sensor_type": "parking", "street_id": "20145", "method": "point_in_polygon", "dist_m": 0.0}, "geometry": {"type": "Point", "coordinates": [144.969019764243, -37.8087042792516]}}, {"type": "Feature", "properties": {"sensor_id": "54038", "sensor_type": "parking", "street_id": "20171", "method": "point_in_polygon", "dist_m": 0.0}, "geometry": {"type": "Point", "coordinates": [144.961750395164, -37.8172859907782]}}, {"type": "Feature", "properties": {"sensor_id": "13435", "sensor_type": "parking", "street_id": "22913", "method": "point_in_polygon", "dist_m": 0.0}, "geometry": {"type": "Point", "coordinates": [144.943151775272, -37.8201152524186]}}, {"type": "Feature", "properties": {"sensor_id": "50911", "sensor_type": "parking", "street_id": "20140", "method": "point_in_polygon", "dist_m": 0.0}, "geometry": {"type": "Point", "coordinates": [144.971379621335, -37.8136617075608]}}, {"type": "Feature", "properties": {"sensor_id": "52247", "sensor_type": "parking", "street_id": "20152", "method": "point_in_polygon", "dist_m": 0.0}, "geometry": {"type": "Point", "coordinates": [144.966838931394, -37.8103294808747]}}, {"type": "Feature", "properties": {"sensor_id": "54065", "sensor_type": "parking", "street_id": "20171", "method": "point_in_polygon", "dist_m": 0.0}, "geometry": {"type": "Point", "coordinates": [144.961629894407, -37.8172882358043]}}, {"type": "Feature", "properties": {"sensor_id": "65037", "sensor_type": "parking", "street_id": "20001", "method": "point_in_polygon", "dist_m": 0.0}, "geometry": {"type": "Point", "coordinates": [144.971611254625, -37.8095437581459]}}, {"type": "Feature", "properties": {"sensor_id": "63443", "sensor_type": "parking", "street_id": "20065", "method": "point_in_polygon", "dist_m": 0.0}, "geometry": {"type": "Point", "coordinates": [144.97150377957, -37.8118877733432]}}, {"type": "Feature", "properties": {"sensor_id": "66429", "sensor_type": "parking", "street_id": "20046", "method": "point_in_polygon", "dist_m": 0.0}, "geometry": {"type": "Point", "coordinates": [144.954892063287, -37.8132769911646]}}, {"type": "Feature", "properties": {"sensor_id": "63962", "sensor_type": "parking", "street_id": "20086", "method": "point_in_polygon", "dist_m": 0.0}, "geometry": {"type": "Point", "coordinates": [144.958838701892, -37.8155832830028]}}, {"type": "Feature", "properties": {"sensor_id": "52012", "sensor_type": "parking", "street_id": "20150", "method": "point_in_polygon", "dist_m": 0.0}, "geometry": {"type": "Point", "coordinates": [144.968038306799, -37.8124030561749]}}, {"type": "Feature", "properties": {"sensor_id": "55318", "sensor_type": "parking", "street_id": "21521", "method": "point_in_polygon", "dist_m": 0.0}, "geometry": {"type": "Point", "coordinates": [144.957431586573, -37.8110337524383]}}, {"type": "Feature", "properties": {"sensor_id": "9578", "sensor_type": "parking", "street_id": "20992", "method": "point_in_polygon", "dist_m": 0.0}, "geometry": {"type": "Point", "coordinates": [144.949480345615, -37.8044114528428]}}, {"type": "Feature", "properties": {"sensor_id": "9606", "sensor_type": "parking", "street_id": "20992", "method": "point_in_polygon", "dist_m": 0.0}, "geometry": {"type": "Point", "coordinates": [144.949429765024, -37.8036096385408]}}, {"type": "Feature", "properties": {"sensor_id": "63548", "sensor_type": "parking", "street_id": "20078", "method": "point_in_polygon", "dist_m": 0.0}, "geometry": {"type": "Point", "coordinates": [144.969704660333, -37.8124165187673]}}, {"type": "Feature", "properties": {"sensor_id": "61150", "sensor_type": "parking", "street_id": "20127", "method": "point_in_polygon", "dist_m": 0.0}, "geometry": {"type": "Point", "coordinates": [144.964985689825, -37.8170779177984]}}, {"type": "Feature", "properties": {"sensor_id": "63151", "sensor_type": "parking", "street_id": "20101", "method": "point_in_polygon", "dist_m": 0.0}, "geometry": {"type": "Point", "coordinates": [144.959192542497, -37.8165324921413]}}, {"type": "Feature", "properties": {"sensor_id": "50635", "sensor_type": "parking", "street_id": "21848", "method": "point_in_polygon", "dist_m": 0.0}, "geometry": {"type": "Point", "coordinates": [144.971864477354, -37.8088020021763]}}, {"type": "Feature", "properties": {"sensor_id": "67331", "sensor_type": "parking", "street_id": "20028", "method": "point_in_polygon", "dist_m": 0.0}, "geometry": {"type": "Point", "coordinates": [144.954436403522, -37.8122491607643]}}, {"type": "Feature", "properties": {"sensor_id": "61710", "sensor_type": "parking", "street_id": "20106", "method": "point_in_polygon", "dist_m": 0.0}, "geometry": {"type": "Point", "coordinates": [144.972766659099, -37.8135846077166]}}, {"type": "Feature", "properties": {"sensor_id": "61922", "sensor_type": "parking", "street_id": "20110", "method": "point_in_polygon", "dist_m": 0.0}, "geometry": {"type": "Point", "coordinates": [144.967790003125, -37.8150458600934]}}, {"type": "Feature", "properties": {"sensor_id": "56910", "sensor_type": "parking", "street_id": "20191", "method": "point_in_polygon", "dist_m": 0.0}, "geometry": {"type": "Point", "coordinates": [144.956168806464, -37.8170774537624]}}, {"type": "Feature", "properties": {"sensor_id": "54337", "sensor_type": "parking", "street_id": "20174", "method": "point_in_polygon", "dist_m": 0.0}, "geometry": {"type": "Point", "coordinates": [144.960324183614, -37.8141870891774]}}, {"type": "Feature", "properties": {"sensor_id": "54139", "sensor_type": "parking", "street_id": "20172", "method": "point_in_polygon", "dist_m": 0.0}, "geometry": {"type": "Point", "coordinates": [144.961231673715, -37.8161596028811]}}, {"type": "Feature", "properties": {"sensor_id": "53948", "sensor_type": "parking", "street_id": "20170", "method": "point_in_polygon", "dist_m": 0.0}, "geometry": {"type": "Point", "coordinates": [144.962122795689, -37.8183693472949]}}, {"type": "Feature", "properties": {"sensor_id": "62329", "sensor_type": "parking", "street_id": "20118", "method": "point_in_polygon", "dist_m": 0.0}, "geometry": {"type": "Point", "coordinates": [144.957190558792, -37.8181177117808]}}, {"type": "Feature", "properties": {"sensor_id": "65488", "sensor_type": "parking", "street_id": "20009", "method": "point_in_polygon", "dist_m": 0.0}, "geometry": {"type": "Point", "coordinates": [144.960677929992, -37.8128415146643]}}, {"type": "Feature", "properties": {"sensor_id": "16421", "sensor_type": "parking", "street_id": "20897", "method": "point_in_polygon", "dist_m": 0.0}, "geometry": {"type": "Point", "coordinates": [144.981063529446, -37.809927937944]}}, {"type": "Feature", "properties": {"sensor_id": "13404", "sensor_type": "parking", "street_id": "22913", "method": "point_in_polygon", "dist_m": 0.0}, "geometry": {"type": "Point", "coordinates": [144.9434755982, -37.8199281850819]}}, {"type": "Feature", "properties": {"sensor_id": "63146", "sensor_type": "parking", "street_id": "20101", "method": "point_in_polygon", "dist_m": 0.0}, "geometry": {"type": "Point", "coordinates": [144.959528915009, -37.8164357928883]}}, {"type": "Feature", "properties": {"sensor_id": "17964", "sensor_type": "parking", "street_id": "21553", "method": "point_in_polygon", "dist_m": 0.0}, "geometry": {"type": "Point", "coordinates": [144.972711369495, -37.8101521978781]}}, {"type": "Feature", "properties": {"sensor_id": "61428", "sensor_type": "parking", "street_id": "20133", "method": "point_in_polygon", "dist_m": 0.0}, "geometry": {"type": "Point", "coordinates": [144.959826908558, -37.8184608168664]}}, {"type": "Feature", "properties": {"sensor_id": "66438", "sensor_type": "parking", "street_id": "20046", "method": "point_in_polygon", "dist_m": 0.0}, "geometry": {"type": "Point", "coordinates": [144.956204925747, -37.8129535165481]}}, {"type": "Feature", "properties": {"sensor_id": "62643", "sensor_type": "parking", "street_id": "20091", "method": "point_in_polygon", "dist_m": 0.0}, "geometry": {"type": "Point", "coordinates": [144.972960711453, -37.8125064247044]}}, {"type": "Feature", "properties": {"sensor_id": "50634", "sensor_type": "parking", "street_id": "21848", "method": "point_in_polygon", "dist_m": 0.0}, "geometry": {"type": "Point", "coordinates": [144.971875282395, -37.8088255134285]}}, {"type": "Feature", "properties": {"sensor_id": "50671", "sensor_type": "parking", "street_id": "21848", "method": "point_in_polygon", "dist_m": 0.0}, "geometry": {"type": "Point", "coordinates": [144.971685216317, -37.8086853020142]}}, {"type": "Feature", "properties": {"sensor_id": "65042", "sensor_type": "parking", "street_id": "20001", "method": "point_in_polygon", "dist_m": 0.0}, "geometry": {"type": "Point", "coordinates": [144.971447392405, -37.8095917303051]}}, {"type": "Feature", "properties": {"sensor_id": "52218", "sensor_type": "parking", "street_id": "20152", "method": "point_in_polygon", "dist_m": 0.0}, "geometry": {"type": "Point", "coordinates": [144.966976571309, -37.8100752486308]}}, {"type": "Feature", "properties": {"sensor_id": "9605", "sensor_type": "parking", "street_id": "20992", "method": "point_in_polygon", "dist_m": 0.0}, "geometry": {"type": "Point", "coordinates": [144.949439393393, -37.8035552059325]}}, {"type": "Feature", "properties": {"sensor_id": "52117", "sensor_type": "parking", "street_id": "20151", "method": "point_in_polygon", "dist_m": 0.0}, "geometry": {"type": "Point", "coordinates": [144.967534140895, -37.8112971996472]}}, {"type": "Feature", "properties": {"sensor_id": "54327", "sensor_type": "parking", "street_id": "20174", "method": "point_in_polygon", "dist_m": 0.0}, "geometry": {"type": "Point", "coordinates": [144.960455385297, -37.8144728223306]}}, {"type": "Feature", "properties": {"sensor_id": "54136", "sensor_type": "parking", "street_id": "20172", "method": "point_in_polygon", "dist_m": 0.0}, "geometry": {"type": "Point", "coordinates": [144.961260366119, -37.8162220131359]}}, {"type": "Feature", "properties": {"sensor_id": "54453", "sensor_type": "parking", "street_id": "20175", "method": "point_in_polygon", "dist_m": 0.0}, "geometry": {"type": "Point", "coordinates": [144.959962371586, -37.8136749727632]}}, {"type": "Feature", "properties": {"sensor_id": "62342", "sensor_type": "parking", "street_id": "20118", "method": "point_in_polygon", "dist_m": 0.0}, "geometry": {"type": "Point", "coordinates": [144.958425624437, -37.8179265086181]}}, {"type": "Feature", "properties": {"sensor_id": "50649", "sensor_type": "parking", "street_id": "21847", "method": "point_in_polygon", "dist_m": 0.0}, "geometry": {"type": "Point", "coordinates": [144.971644414105, -37.8083226487931]}}, {"type": "Feature", "properties": {"sensor_id": "50214", "sensor_type": "parking", "street_id": "20200", "method": "point_in_polygon", "dist_m": 0.0}, "geometry": {"type": "Point", "coordinates": [144.97371553755, -37.8125505450444]}}, {"type": "Feature", "properties": {"sensor_id": "17716", "sensor_type": "parking", "street_id": "23378", "method": "point_in_polygon", "dist_m": 0.0}, "geometry": {"type": "Point", "coordinates": [144.939556825518, -37.8202956579312]}}, {"type": "Feature", "properties": {"sensor_id": "25014", "sensor_type": "parking", "street_id": "20889", "method": "point_in_polygon", "dist_m": 0.0}, "geometry": {"type": "Point", "coordinates": [144.974266439527, -37.8094601516136]}}, {"type": "Feature", "properties": {"sensor_id": "16425", "sensor_type": "parking", "street_id": "20898", "method": "point_in_polygon", "dist_m": 0.0}, "geometry": {"type": "Point", "coordinates": [144.981352516087, -37.8100964550696]}}, {"type": "Feature", "properties": {"sensor_id": "62663", "sensor_type": "parking", "street_id": "20091", "method": "point_in_polygon", "dist_m": 0.0}, "geometry": {"type": "Point", "coordinates": [144.971594281374, -37.8129062712979]}}, {"type": "Feature", "properties": {"sensor_id": "61917", "sensor_type": "parking", "street_id": "20110", "method": "point_in_polygon", "dist_m": 0.0}, "geometry": {"type": "Point", "coordinates": [144.968109648008, -37.8149522817807]}}, {"type": "Feature", "properties": {"sensor_id": "67319", "sensor_type": "parking", "street_id": "20028", "method": "point_in_polygon", "dist_m": 0.0}, "geometry": {"type": "Point", "coordinates": [144.955206528014, -37.812030964274]}}, {"type": "Feature", "properties": {"sensor_id": "57925", "sensor_type": "parking", "street_id": "20069", "method": "point_in_polygon", "dist_m": 0.0}, "geometry": {"type": "Point", "coordinates": [144.954509014531, -37.8195620092066]}}, {"type": "Feature", "properties": {"sensor_id": "54328", "sensor_type": "parking", "street_id": "20174", "method": "point_in_polygon", "dist_m": 0.0}, "geometry": {"type": "Point", "coordinates": [144.960444322035, -37.814448689722]}}, {"type": "Feature", "properties": {"sensor_id": "54436", "sensor_type": "parking", "street_id": "20175", "method": "point_in_polygon", "dist_m": 0.0}, "geometry": {"type": "Point", "coordinates": [144.960020253294, -37.8135228258006]}}, {"type": "Feature", "properties": {"sensor_id": "65195", "sensor_type": "parking", "street_id": "20003", "method": "point_in_polygon", "dist_m": 0.0}, "geometry": {"type": "Point", "coordinates": [144.967885651502, -37.8107357278009]}}, {"type": "Feature", "properties": {"sensor_id": "56924", "sensor_type": "parking", "street_id": "20191", "method": "point_in_polygon", "dist_m": 0.0}, "geometry": {"type": "Point", "coordinates": [144.955885143417, -37.8170006200783]}}, {"type": "Feature", "properties": {"sensor_id": "61719", "sensor_type": "parking", "street_id": "20106", "method": "point_in_polygon", "dist_m": 0.0}, "geometry": {"type": "Point", "coordinates": [144.972147945027, -37.813766430904]}}, {"type": "Feature", "properties": {"sensor_id": "53940", "sensor_type": "parking", "street_id": "20170", "method": "point_in_polygon", "dist_m": 0.0}, "geometry": {"type": "Point", "coordinates": [144.962111771711, -37.8180745969209]}}, {"type": "Feature", "properties": {"sensor_id": "65196", "sensor_type": "parking", "street_id": "20003", "method": "point_in_polygon", "dist_m": 0.0}, "geometry": {"type": "Point", "coordinates": [144.96782122346, -37.8107546835293]}}, {"type": "Feature", "properties": {"sensor_id": "63073", "sensor_type": "parking", "street_id": "20099", "method": "point_in_polygon", "dist_m": 0.0}, "geometry": {"type": "Point", "coordinates": [144.961951379667, -37.8157445557532]}}, {"type": "Feature", "properties": {"sensor_id": "63530", "sensor_type": "parking", "street_id": "20078", "method": "point_in_polygon", "dist_m": 0.0}, "geometry": {"type": "Point", "coordinates": [144.968571774818, -37.8125879155922]}}, {"type": "Feature", "properties": {"sensor_id": "61916", "sensor_type": "parking", "street_id": "20110", "method": "point_in_polygon", "dist_m": 0.0}, "geometry": {"type": "Point", "coordinates": [144.968173530695, -37.8149335293928]}}, {"type": "Feature", "properties": {"sensor_id": "60736", "sensor_type": "parking", "street_id": "20224", "method": "point_in_polygon", "dist_m": 0.0}, "geometry": {"type": "Point", "coordinates": [144.95651774181, -37.8207688532082]}}, {"type": "Feature", "properties": {"sensor_id": "9617", "sensor_type": "parking", "street_id": "20994", "method": "point_in_polygon", "dist_m": 0.0}, "geometry": {"type": "Point", "coordinates": [144.948753723206, -37.8049876369915]}}, {"type": "Feature", "properties": {"sensor_id": "63242", "sensor_type": "parking", "street_id": "20103", "method": "point_in_polygon", "dist_m": 0.0}, "geometry": {"type": "Point", "coordinates": [144.957539586774, -37.8170029974666]}}, {"type": "Feature", "properties": {"sensor_id": "63239", "sensor_type": "parking", "street_id": "20103", "method": "point_in_polygon", "dist_m": 0.0}, "geometry": {"type": "Point", "coordinates": [144.957728985445, -37.8169489063577]}}, {"type": "Feature", "properties": {"sensor_id": "63143", "sensor_type": "parking", "street_id": "20101", "method": "point_in_polygon", "dist_m": 0.0}, "geometry": {"type": "Point", "coordinates": [144.959737616792, -37.8163759195316]}}, {"type": "Feature", "properties": {"sensor_id": "21511", "sensor_type": "parking", "street_id": "22199", "method": "point_in_polygon", "dist_m": 0.0}, "geometry": {"type": "Point", "coordinates": [144.975416100338, -37.8347656111048]}}, {"type": "Feature", "properties": {"sensor_id": "54429", "sensor_type": "parking", "street_id": "20175", "method": "point_in_polygon", "dist_m": 0.0}, "geometry": {"type": "Point", "coordinates": [144.960104929906, -37.813706425446]}}, {"type": "Feature", "properties": {"sensor_id": "54135", "sensor_type": "parking", "street_id": "20172", "method": "point_in_polygon", "dist_m": 0.0}, "geometry": {"type": "Point", "coordinates": [144.961282353315, -37.8162700394004]}}, {"type": "Feature", "properties": {"sensor_id": "57327", "sensor_type": "parking", "street_id": "20195", "method": "point_in_polygon", "dist_m": 0.0}, "geometry": {"type": "Point", "coordinates": [144.954021146901, -37.8129573467901]}}, {"type": "Feature", "properties": {"sensor_id": "16403", "sensor_type": "parking", "street_id": "20897", "method": "point_in_polygon", "dist_m": 0.0}, "geometry": {"type": "Point", "coordinates": [144.981162705115, -37.8093281367015]}}, {"type": "Feature", "properties": {"sensor_id": "16435", "sensor_type": "parking", "street_id": "20898", "method": "point_in_polygon", "dist_m": 0.0}, "geometry": {"type": "Point", "coordinates": [144.98188881442, -37.8101561221018]}}, {"type": "Feature", "properties": {"sensor_id": "62658", "sensor_type": "parking", "street_id": "20091", "method": "point_in_polygon", "dist_m": 0.0}, "geometry": {"type": "Point", "coordinates": [144.971887402783, -37.8128204917512]}}, {"type": "Feature", "properties": {"sensor_id": "64558", "sensor_type": "parking", "street_id": "20055", "method": "point_in_polygon", "dist_m": 0.0}, "geometry": {"type": "Point", "coordinates": [144.96455394094, -37.8127463912625]}}, {"type": "Feature", "properties": {"sensor_id": "62213", "sensor_type": "parking", "street_id": "20116", "method": "point_in_polygon", "dist_m": 0.0}, "geometry": {"type": "Point", "coordinates": [144.960840679567, -37.8170686662318]}}, {"type": "Feature", "properties": {"sensor_id": "62219", "sensor_type": "parking", "street_id": "20116", "method": "point_in_polygon", "dist_m": 0.0}, "geometry": {"type": "Point", "coordinates": [144.960436497331, -37.8171853031827]}}, {"type": "Feature", "properties": {"sensor_id": "51619", "sensor_type": "parking", "street_id": "20146", "method": "point_in_polygon", "dist_m": 0.0}, "geometry": {"type": "Point", "coordinates": [144.969651237318, -37.8159080546576]}}, {"type": "Feature", "properties": {"sensor_id": "66456", "sensor_type": "parking", "street_id": "20046", "method": "point_in_polygon", "dist_m": 0.0}, "geometry": {"type": "Point", "coordinates": [144.954918398564, -37.8133199941555]}}, {"type": "Feature", "properties": {"sensor_id": "52224", "sensor_type": "parking", "street_id": "20152", "method": "point_in_polygon", "dist_m": 0.0}, "geometry": {"type": "Point", "coordinates": [144.966987482787, -37.8103717842987]}}, {"type": "Feature", "properties": {"sensor_id": "52320", "sensor_type": "parking", "street_id": "20153", "method": "point_in_polygon", "dist_m": 0.0}, "geometry": {"type": "Point", "coordinates": [144.966537148745, -37.8091238697284]}}, {"type": "Feature", "properties": {"sensor_id": "51430", "sensor_type": "parking", "street_id": "20145", "method": "point_in_polygon", "dist_m": 0.0}, "geometry": {"type": "Point", "coordinates": [144.969146995016, -37.8089807904651]}}, {"type": "Feature", "properties": {"sensor_id": "54039", "sensor_type": "parking", "street_id": "20171", "method": "point_in_polygon", "dist_m": 0.0}, "geometry": {"type": "Point", "coordinates": [144.961740517591, -37.8172643957131]}}, {"type": "Feature", "properties": {"sensor_id": "54042", "sensor_type": "parking", "street_id": "20171", "method": "point_in_polygon", "dist_m": 0.0}, "geometry": {"type": "Point", "coordinates": [144.961689676077, -37.8171532179436]}}, {"type": "Feature", "properties": {"sensor_id": "54438", "sensor_type": "parking", "street_id": "20175", "method": "point_in_polygon", "dist_m": 0.0}, "geometry": {"type": "Point", "coordinates": [144.959988305539, -37.8134536778409]}}, {"type": "Feature", "properties": {"sensor_id": "24037", "sensor_type": "parking", "street_id": "20931", "method": "point_in_polygon", "dist_m": 0.0}, "geometry": {"type": "Point", "coordinates": [144.957180527981, -37.8052973561425]}}, {"type": "Feature", "properties": {"sensor_id": "52317", "sensor_type": "parking", "street_id": "20153", "method": "point_in_polygon", "dist_m": 0.0}, "geometry": {"type": "Point", "coordinates": [144.966608696925, -37.8092786580776]}}, {"type": "Feature", "properties": {"sensor_id": "62324", "sensor_type": "parking", "street_id": "20118", "method": "point_in_polygon", "dist_m": 0.0}, "geometry": {"type": "Point", "coordinates": [144.957516998443, -37.818024268099]}}, {"type": "Feature", "properties": {"sensor_id": "13424", "sensor_type": "parking", "street_id": "22913", "method": "point_in_polygon", "dist_m": 0.0}, "geometry": {"type": "Point", "coordinates": [144.944445357754, -37.8196480520882]}}, {"type": "Feature", "properties": {"sensor_id": "51818", "sensor_type": "parking", "street_id": "20148", "method": "point_in_polygon", "dist_m": 0.0}, "geometry": {"type": "Point", "coordinates": [144.968801049979, -37.8140616688173]}}, {"type": "Feature", "properties": {"sensor_id": "51153", "sensor_type": "parking", "street_id": "20142", "method": "point_in_polygon", "dist_m": 0.0}, "geometry": {"type": "Point", "coordinates": [144.970191004555, -37.8114513452674]}}, {"type": "Feature", "properties": {"sensor_id": "58119", "sensor_type": "parking", "street_id": "20073", "method": "point_in_polygon", "dist_m": 0.0}, "geometry": {"type": "Point", "coordinates": [144.953488789461, -37.8173441245236]}}, {"type": "Feature", "properties": {"sensor_id": "63924", "sensor_type": "parking", "street_id": "20086", "method": "point_in_polygon", "dist_m": 0.0}, "geometry": {"type": "Point", "coordinates": [144.95855460214, -37.8155005869108]}}, {"type": "Feature", "properties": {"sensor_id": "63233", "sensor_type": "parking", "street_id": "20103", "method": "point_in_polygon", "dist_m": 0.0}, "geometry": {"type": "Point", "coordinates": [144.958241966524, -37.8168021801664]}}, {"type": "Feature", "properties": {"sensor_id": "65219", "sensor_type": "parking", "street_id": "20005", "method": "point_in_polygon", "dist_m": 0.0}, "geometry": {"type": "Point", "coordinates": [144.966136499344, -37.8110527568338]}}, {"type": "Feature", "properties": {"sensor_id": "54063", "sensor_type": "parking", "street_id": "20171", "method": "point_in_polygon", "dist_m": 0.0}, "geometry": {"type": "Point", "coordinates": [144.961680679721, -37.8173997719118]}}, {"type": "Feature", "properties": {"sensor_id": "54415", "sensor_type": "parking", "street_id": "20175", "method": "point_in_polygon", "dist_m": 0.0}, "geometry": {"type": "Point", "coordinates": [144.960184656552, -37.8136054314029]}}, {"type": "Feature", "properties": {"sensor_id": "54633", "sensor_type": "parking", "street_id": "20177", "method": "point_in_polygon", "dist_m": 0.0}, "geometry": {"type": "Point", "coordinates": [144.959152658269, -37.8116050770182]}}, {"type": "Feature", "properties": {"sensor_id": "54624", "sensor_type": "parking", "street_id": "20177", "method": "point_in_polygon", "dist_m": 0.0}, "geometry": {"type": "Point", "coordinates": [144.959271247522, -37.8118664375007]}}, {"type": "Feature", "properties": {"sensor_id": "57214", "sensor_type": "parking", "street_id": "20194", "method": "point_in_polygon", "dist_m": 0.0}, "geometry": {"type": "Point", "coordinates": [144.954691700414, -37.8138589072668]}}, {"type": "Feature", "properties": {"sensor_id": "63310", "sensor_type": "parking", "street_id": "20105", "method": "point_in_polygon", "dist_m": 0.0}, "geometry": {"type": "Point", "coordinates": [144.955700510811, -37.8174523322372]}}, {"type": "Feature", "properties": {"sensor_id": "54330", "sensor_type": "parking", "street_id": "20174", "method": "point_in_polygon", "dist_m": 0.0}, "geometry": {"type": "Point", "coordinates": [144.960422551752, -37.8144012902724]}}, {"type": "Feature", "properties": {"sensor_id": "54227", "sensor_type": "parking", "street_id": "20173", "method": "point_in_polygon", "dist_m": 0.0}, "geometry": {"type": "Point", "coordinates": [144.960979298006, -37.8156107743045]}}, {"type": "Feature", "properties": {"sensor_id": "9467", "sensor_type": "parking", "street_id": "20931", "method": "point_in_polygon", "dist_m": 0.0}, "geometry": {"type": "Point", "coordinates": [144.957233609553, -37.8056350084556]}}, {"type": "Feature", "properties": {"sensor_id": "57318", "sensor_type": "parking", "street_id": "20195", "method": "point_in_polygon", "dist_m": 0.0}, "geometry": {"type": "Point", "coordinates": [144.954190475526, -37.8127815124132]}}, {"type": "Feature", "properties": {"sensor_id": "53947", "sensor_type": "parking", "street_id": "20170", "method": "point_in_polygon", "dist_m": 0.0}, "geometry": {"type": "Point", "coordinates": [144.962154865359, -37.8184392403545]}}, {"type": "Feature", "properties": {"sensor_id": "62333", "sensor_type": "parking", "street_id": "20118", "method": "point_in_polygon", "dist_m": 0.0}, "geometry": {"type": "Point", "coordinates": [144.956930956987, -37.8181922254548]}}, {"type": "Feature", "properties": {"sensor_id": "61615", "sensor_type": "parking", "street_id": "20137", "method": "point_in_polygon", "dist_m": 0.0}, "geometry": {"type": "Point", "coordinates": [144.956119161139, -37.8196255977317]}}, {"type": "Feature", "properties": {"sensor_id": "61647", "sensor_type": "parking", "street_id": "20137", "method": "point_in_polygon", "dist_m": 0.0}, "geometry": {"type": "Point", "coordinates": [144.955419896452, -37.8199232426482]}}, {"type": "Feature", "properties": {"sensor_id": "54317", "sensor_type": "parking", "street_id": "20174", "method": "point_in_polygon", "dist_m": 0.0}, "geometry": {"type": "Point", "coordinates": [144.960529959874, -37.8143598462575]}}, {"type": "Feature", "properties": {"sensor_id": "66457", "sensor_type": "parking", "street_id": "20046", "method": "point_in_polygon", "dist_m": 0.0}, "geometry": {"type": "Point", "coordinates": [144.954845324794, -37.8133413186363]}}, {"type": "Feature", "properties": {"sensor_id": "60134", "sensor_type": "parking", "street_id": "20210", "method": "point_in_polygon", "dist_m": 0.0}, "geometry": {"type": "Point", "coordinates": [144.971722019279, -37.8162996782077]}}, {"type": "Feature", "properties": {"sensor_id": "21544", "sensor_type": "parking", "street_id": "22308", "method": "point_in_polygon", "dist_m": 0.0}, "geometry": {"type": "Point", "coordinates": [144.979863307156, -37.8450979291302]}}, {"type": "Feature", "properties": {"sensor_id": "62028", "sensor_type": "parking", "street_id": "20112", "method": "point_in_polygon", "dist_m": 0.0}, "geometry": {"type": "Point", "coordinates": [144.96468246234, -37.8159552792182]}}, {"type": "Feature", "properties": {"sensor_id": "67229", "sensor_type": "parking", "street_id": "20026", "method": "point_in_polygon", "dist_m": 0.0}, "geometry": {"type": "Point", "coordinates": [144.958010422907, -37.8113656326273]}}, {"type": "Feature", "properties": {"sensor_id": "51933", "sensor_type": "parking", "street_id": "20149", "method": "point_in_polygon", "dist_m": 0.0}, "geometry": {"type": "Point", "coordinates": [144.968334102883, -37.8133176738461]}}, {"type": "Feature", "properties": {"sensor_id": "65041", "sensor_type": "parking", "street_id": "20001", "method": "point_in_polygon", "dist_m": 0.0}, "geometry": {"type": "Point", "coordinates": [144.971471181466, -37.8095847653464]}}, {"type": "Feature", "properties": {"sensor_id": "54325", "sensor_type": "parking", "street_id": "20174", "method": "point_in_polygon", "dist_m": 0.0}, "geometry": {"type": "Point", "coordinates": [144.960488365326, -37.8145446890547]}}, {"type": "Feature", "properties": {"sensor_id": "13397", "sensor_type": "parking", "street_id": "22913", "method": "point_in_polygon", "dist_m": 0.0}, "geometry": {"type": "Point", "coordinates": [144.943243137582, -37.8199957903402]}}, {"type": "Feature", "properties": {"sensor_id": "65064", "sensor_type": "parking", "street_id": "20001", "method": "point_in_polygon", "dist_m": 0.0}, "geometry": {"type": "Point", "coordinates": [144.970385018284, -37.8099027391585]}}, {"type": "Feature", "properties": {"sensor_id": "54336", "sensor_type": "parking", "street_id": "20174", "method": "point_in_polygon", "dist_m": 0.0}, "geometry": {"type": "Point", "coordinates": [144.960335067843, -37.8142107921067]}}, {"type": "Feature", "properties": {"sensor_id": "63148", "sensor_type": "parking", "street_id": "20101", "method": "point_in_polygon", "dist_m": 0.0}, "geometry": {"type": "Point", "coordinates": [144.959388034706, -37.8164764778658]}}, {"type": "Feature", "properties": {"sensor_id": "62343", "sensor_type": "parking", "street_id": "20118", "method": "point_in_polygon", "dist_m": 0.0}, "geometry": {"type": "Point", "coordinates": [144.958361547918, -37.8179449134091]}}, {"type": "Feature", "properties": {"sensor_id": "54517", "sensor_type": "parking", "street_id": "20176", "method": "point_in_polygon", "dist_m": 0.0}, "geometry": {"type": "Point", "coordinates": [144.959581621716, -37.8122827743238]}}, {"type": "Feature", "properties": {"sensor_id": "51931", "sensor_type": "parking", "street_id": "20149", "method": "point_in_polygon", "dist_m": 0.0}, "geometry": {"type": "Point", "coordinates": [144.968364781875, -37.8133846307723]}}, {"type": "Feature", "properties": {"sensor_id": "53923", "sensor_type": "parking", "street_id": "20170", "method": "point_in_polygon", "dist_m": 0.0}, "geometry": {"type": "Point", "coordinates": [144.96232585593, -37.8185413442157]}}, {"type": "Feature", "properties": {"sensor_id": "54132", "sensor_type": "parking", "street_id": "20172", "method": "point_in_polygon", "dist_m": 0.0}, "geometry": {"type": "Point", "coordinates": [144.961311031052, -37.8163322434797]}}, {"type": "Feature", "properties": {"sensor_id": "56916", "sensor_type": "parking", "street_id": "20191", "method": "point_in_polygon", "dist_m": 0.0}, "geometry": {"type": "Point", "coordinates": [144.956026136985, -37.8167638801798]}}, {"type": "Feature", "properties": {"sensor_id": "62734", "sensor_type": "parking", "street_id": "20093", "method": "point_in_polygon", "dist_m": 0.0}, "geometry": {"type": "Point", "coordinates": [144.969010214923, -37.8136252308955]}}, {"type": "Feature", "properties": {"sensor_id": "21967", "sensor_type": "parking", "street_id": "21122", "method": "point_in_polygon", "dist_m": 0.0}, "geometry": {"type": "Point", "coordinates": [144.955443702995, -37.8011406261957]}}, {"type": "Feature", "properties": {"sensor_id": "64738", "sensor_type": "parking", "street_id": "20059", "method": "point_in_polygon", "dist_m": 0.0}, "geometry": {"type": "Point", "coordinates": [144.959272615533, -37.8142941655777]}}, {"type": "Feature", "properties": {"sensor_id": "60222", "sensor_type": "parking", "street_id": "20212", "method": "point_in_polygon", "dist_m": 0.0}, "geometry": {"type": "Point", "coordinates": [144.968361799136, -37.8170947013037]}}, {"type": "Feature", "properties": {"sensor_id": "64046", "sensor_type": "parking", "street_id": "20088", "method": "point_in_polygon", "dist_m": 0.0}, "geometry": {"type": "Point", "coordinates": [144.956694165228, -37.8161948447794]}}, {"type": "Feature", "properties": {"sensor_id": "61643", "sensor_type": "parking", "street_id": "20137", "method": "point_in_polygon", "dist_m": 0.0}, "geometry": {"type": "Point", "coordinates": [144.955808208557, -37.8198136669908]}}, {"type": "Feature", "properties": {"sensor_id": "65325", "sensor_type": "parking", "street_id": "20007", "method": "point_in_polygon", "dist_m": 0.0}, "geometry": {"type": "Point", "coordinates": [144.96306381152, -37.8119512483918]}}, {"type": "Feature", "properties": {"sensor_id": "54321", "sensor_type": "parking", "street_id": "20174", "method": "point_in_polygon", "dist_m": 0.0}, "geometry": {"type": "Point", "coordinates": [144.960434139858, -37.8141502486886]}}, {"type": "Feature", "properties": {"sensor_id": "62336", "sensor_type": "parking", "street_id": "20118", "method": "point_in_polygon", "dist_m": 0.0}, "geometry": {"type": "Point", "coordinates": [144.958810508258, -37.8178168097593]}}, {"type": "Feature", "properties": {"sensor_id": "63125", "sensor_type": "parking", "street_id": "20101", "method": "point_in_polygon", "dist_m": 0.0}, "geometry": {"type": "Point", "coordinates": [144.959901515309, -37.8162796756659]}}, {"type": "Feature", "properties": {"sensor_id": "53929", "sensor_type": "parking", "street_id": "20170", "method": "point_in_polygon", "dist_m": 0.0}, "geometry": {"type": "Point", "coordinates": [144.962250705064, -37.8183771790848]}}, {"type": "Feature", "properties": {"sensor_id": "54131", "sensor_type": "parking", "street_id": "20172", "method": "point_in_polygon", "dist_m": 0.0}, "geometry": {"type": "Point", "coordinates": [144.9613335733, -37.8163808367008]}}, {"type": "Feature", "properties": {"sensor_id": "65192", "sensor_type": "parking", "street_id": "20003", "method": "point_in_polygon", "dist_m": 0.0}, "geometry": {"type": "Point", "coordinates": [144.96807725331, -37.8106792630877]}}, {"type": "Feature", "properties": {"sensor_id": "53945", "sensor_type": "parking", "street_id": "20170", "method": "point_in_polygon", "dist_m": 0.0}, "geometry": {"type": "Point", "coordinates": [144.96220366659, -37.8185459194603]}}, {"type": "Feature", "properties": {"sensor_id": "54626", "sensor_type": "parking", "street_id": "20177", "method": "point_in_polygon", "dist_m": 0.0}, "geometry": {"type": "Point", "coordinates": [144.959249472689, -37.8118187939125]}}, {"type": "Feature", "properties": {"sensor_id": "61930", "sensor_type": "parking", "street_id": "20110", "method": "point_in_polygon", "dist_m": 0.0}, "geometry": {"type": "Point", "coordinates": [144.967232110003, -37.815209982074]}}, {"type": "Feature", "properties": {"sensor_id": "64732", "sensor_type": "parking", "street_id": "20059", "method": "point_in_polygon", "dist_m": 0.0}, "geometry": {"type": "Point", "coordinates": [144.959856656039, -37.8141251853708]}}, {"type": "Feature", "properties": {"sensor_id": "21754", "sensor_type": "parking", "street_id": "22311", "method": "point_in_polygon", "dist_m": 0.0}, "geometry": {"type": "Point", "coordinates": [144.98382765035, -37.8481664473434]}}, {"type": "Feature", "properties": {"sensor_id": "64236", "sensor_type": "parking", "street_id": "20049", "method": "point_in_polygon", "dist_m": 0.0}, "geometry": {"type": "Point", "coordinates": [144.970628637974, -37.8109204967642]}}, {"type": "Feature", "properties": {"sensor_id": "65056", "sensor_type": "parking", "street_id": "20001", "method": "point_in_polygon", "dist_m": 0.0}, "geometry": {"type": "Point", "coordinates": [144.970796232612, -37.8097825702682]}}, {"type": "Feature", "properties": {"sensor_id": "63316", "sensor_type": "parking", "street_id": "20105", "method": "point_in_polygon", "dist_m": 0.0}, "geometry": {"type": "Point", "coordinates": [144.955259635223, -37.8175936576129]}}, {"type": "Feature", "properties": {"sensor_id": "63237", "sensor_type": "parking", "street_id": "20103", "method": "point_in_polygon", "dist_m": 0.0}, "geometry": {"type": "Point", "coordinates": [144.95785408681, -37.8169131392277]}}, {"type": "Feature", "properties": {"sensor_id": "65812", "sensor_type": "parking", "street_id": "20034", "method": "point_in_polygon", "dist_m": 0.0}, "geometry": {"type": "Point", "coordinates": [144.971306979089, -37.8084970772687]}}, {"type": "Feature", "properties": {"sensor_id": "9464", "sensor_type": "parking", "street_id": "20931", "method": "point_in_polygon", "dist_m": 0.0}, "geometry": {"type": "Point", "coordinates": [144.957247366148, -37.8055571504963]}}, {"type": "Feature", "properties": {"sensor_id": "67334", "sensor_type": "parking", "street_id": "20028", "method": "point_in_polygon", "dist_m": 0.0}, "geometry": {"type": "Point", "coordinates": [144.954243901297, -37.8123036347188]}}, {"type": "Feature", "properties": {"sensor_id": "13389", "sensor_type": "parking", "street_id": "22913", "method": "point_in_polygon", "dist_m": 0.0}, "geometry": {"type": "Point", "coordinates": [144.942982869163, -37.8200714794586]}}, {"type": "Feature", "properties": {"sensor_id": "63224", "sensor_type": "parking", "street_id": "20103", "method": "point_in_polygon", "dist_m": 0.0}, "geometry": {"type": "Point", "coordinates": [144.957223551761, -37.8170233882992]}}, {"type": "Feature", "properties": {"sensor_id": "65060", "sensor_type": "parking", "street_id": "20001", "method": "point_in_polygon", "dist_m": 0.0}, "geometry": {"type": "Point", "coordinates": [144.970638657488, -37.8098284878208]}}, {"type": "Feature", "properties": {"sensor_id": "65040", "sensor_type": "parking", "street_id": "20001", "method": "point_in_polygon", "dist_m": 0.0}, "geometry": {"type": "Point", "coordinates": [144.971496405274, -37.8095773812387]}}, {"type": "Feature", "properties": {"sensor_id": "52316", "sensor_type": "parking", "street_id": "20153", "method": "point_in_polygon", "dist_m": 0.0}, "geometry": {"type": "Point", "coordinates": [144.96663254763, -37.8093302550537]}}, {"type": "Feature", "properties": {"sensor_id": "56712", "sensor_type": "parking", "street_id": "20189", "method": "point_in_polygon", "dist_m": 0.0}, "geometry": {"type": "Point", "coordinates": [144.957056402953, -37.8190089797153]}}, {"type": "Feature", "properties": {"sensor_id": "63119", "sensor_type": "parking", "street_id": "20101", "method": "point_in_polygon", "dist_m": 0.0}, "geometry": {"type": "Point", "coordinates": [144.960275154219, -37.8161733275207]}}, {"type": "Feature", "properties": {"sensor_id": "21690", "sensor_type": "parking", "street_id": "22311", "method": "point_in_polygon", "dist_m": 0.0}, "geometry": {"type": "Point", "coordinates": [144.983104725651, -37.8481890588644]}}, {"type": "Feature", "properties": {"sensor_id": "54616", "sensor_type": "parking", "street_id": "20177", "method": "point_in_polygon", "dist_m": 0.0}, "geometry": {"type": "Point", "coordinates": [144.959212190906, -37.8114622327334]}}, {"type": "Feature", "properties": {"sensor_id": "65813", "sensor_type": "parking", "street_id": "20034", "method": "point_in_polygon", "dist_m": 0.0}, "geometry": {"type": "Point", "coordinates": [144.971246679528, -37.8085144075759]}}, {"type": "Feature", "properties": {"sensor_id": "63312", "sensor_type": "parking", "street_id": "20105", "method": "point_in_polygon", "dist_m": 0.0}, "geometry": {"type": "Point", "coordinates": [144.955558796579, -37.8174925177382]}}, {"type": "Feature", "properties": {"sensor_id": "61249", "sensor_type": "parking", "street_id": "20129", "method": "point_in_polygon", "dist_m": 0.0}, "geometry": {"type": "Point", "coordinates": [144.962687055723, -37.8177384978591]}}, {"type": "Feature", "properties": {"sensor_id": "61414", "sensor_type": "parking", "street_id": "20133", "method": "point_in_polygon", "dist_m": 0.0}, "geometry": {"type": "Point", "coordinates": [144.960120376477, -37.8185251267554]}}, {"type": "Feature", "properties": {"sensor_id": "15000", "sensor_type": "parking", "street_id": "23225", "method": "point_in_polygon", "dist_m": 0.0}, "geometry": {"type": "Point", "coordinates": [144.939351417389, -37.8136262233733]}}, {"type": "Feature", "properties": {"sensor_id": "65026", "sensor_type": "parking", "street_id": "20001", "method": "point_in_polygon", "dist_m": 0.0}, "geometry": {"type": "Point", "coordinates": [144.970468168023, -37.809780944278]}}, {"type": "Feature", "properties": {"sensor_id": "56929", "sensor_type": "parking", "street_id": "20191", "method": "point_in_polygon", "dist_m": 0.0}, "geometry": {"type": "Point", "coordinates": [144.955768527924, -37.8167456827491]}}, {"type": "Feature", "properties": {"sensor_id": "65051", "sensor_type": "parking", "street_id": "20001", "method": "point_in_polygon", "dist_m": 0.0}, "geometry": {"type": "Point", "coordinates": [144.971131143127, -37.8096843133424]}}, {"type": "Feature", "properties": {"sensor_id": "62235", "sensor_type": "parking", "street_id": "20116", "method": "point_in_polygon", "dist_m": 0.0}, "geometry": {"type": "Point", "coordinates": [144.961219308712, -37.8171221409477]}}, {"type": "Feature", "properties": {"sensor_id": "65247", "sensor_type": "parking", "street_id": "20005", "method": "point_in_polygon", "dist_m": 0.0}, "geometry": {"type": "Point", "coordinates": [144.966249668519, -37.8112072509862]}}, {"type": "Feature", "properties": {"sensor_id": "53930", "sensor_type": "parking", "street_id": "20170", "method": "point_in_polygon", "dist_m": 0.0}, "geometry": {"type": "Point", "coordinates": [144.962240795386, -37.8183555231177]}}, {"type": "Feature", "properties": {"sensor_id": "63340", "sensor_type": "parking", "street_id": "20105", "method": "point_in_polygon", "dist_m": 0.0}, "geometry": {"type": "Point", "coordinates": [144.955492530421, -37.8176093119565]}}, {"type": "Feature", "properties": {"sensor_id": "67428", "sensor_type": "parking", "street_id": "20030", "method": "point_in_polygon", "dist_m": 0.0}, "geometry": {"type": "Point", "coordinates": [144.951874297137, -37.8129739432562]}}, {"type": "Feature", "properties": {"sensor_id": "56823", "sensor_type": "parking", "street_id": "20190", "method": "point_in_polygon", "dist_m": 0.0}, "geometry": {"type": "Point", "coordinates": [144.956395855599, -37.8181184814615]}}, {"type": "Feature", "properties": {"sensor_id": "60132", "sensor_type": "parking", "street_id": "20210", "method": "point_in_polygon", "dist_m": 0.0}, "geometry": {"type": "Point", "coordinates": [144.971849554558, -37.8162615690155]}}, {"type": "Feature", "properties": {"sensor_id": "22418", "sensor_type": "parking", "street_id": "22308", "method": "point_in_polygon", "dist_m": 0.0}, "geometry": {"type": "Point", "coordinates": [144.980446759231, -37.8449881086872]}}, {"type": "Feature", "properties": {"sensor_id": "24036", "sensor_type": "parking", "street_id": "20931", "method": "point_in_polygon", "dist_m": 0.0}, "geometry": {"type": "Point", "coordinates": [144.957176225966, -37.8053219141773]}}, {"type": "Feature", "properties": {"sensor_id": "66448", "sensor_type": "parking", "street_id": "20046", "method": "point_in_polygon", "dist_m": 0.0}, "geometry": {"type": "Point", "coordinates": [144.955509107037, -37.8131517264997]}}, {"type": "Feature", "properties": {"sensor_id": "64114", "sensor_type": "parking", "street_id": "20090", "method": "point_in_polygon", "dist_m": 0.0}, "geometry": {"type": "Point", "coordinates": [144.954809371304, -37.8165542908222]}}, {"type": "Feature", "properties": {"sensor_id": "64112", "sensor_type": "parking", "street_id": "20090", "method": "point_in_polygon", "dist_m": 0.0}, "geometry": {"type": "Point", "coordinates": [144.954980811998, -37.8165056340923]}}, {"type": "Feature", "properties": {"sensor_id": "52015", "sensor_type": "parking", "street_id": "20150", "method": "point_in_polygon", "dist_m": 0.0}, "geometry": {"type": "Point", "coordinates": [144.967965832597, -37.8122428220064]}}, {"type": "Feature", "properties": {"sensor_id": "67324", "sensor_type": "parking", "street_id": "20028", "method": "point_in_polygon", "dist_m": 0.0}, "geometry": {"type": "Point", "coordinates": [144.95488565263, -37.812121835617]}}, {"type": "Feature", "properties": {"sensor_id": "66432", "sensor_type": "parking", "street_id": "20046", "method": "point_in_polygon", "dist_m": 0.0}, "geometry": {"type": "Point", "coordinates": [144.954659731986, -37.8133434943168]}}, {"type": "Feature", "properties": {"sensor_id": "56715", "sensor_type": "parking", "street_id": "20189", "method": "point_in_polygon", "dist_m": 0.0}, "geometry": {"type": "Point", "coordinates": [144.956985175657, -37.8188549864692]}}, {"type": "Feature", "properties": {"sensor_id": "57228", "sensor_type": "parking", "street_id": "20194", "method": "point_in_polygon", "dist_m": 0.0}, "geometry": {"type": "Point", "coordinates": [144.954433493984, -37.8138493212339]}}, {"type": "Feature", "properties": {"sensor_id": "60437", "sensor_type": "parking", "street_id": "20216", "method": "point_in_polygon", "dist_m": 0.0}, "geometry": {"type": "Point", "coordinates": [144.963613377073, -37.8186715991842]}}, {"type": "Feature", "properties": {"sensor_id": "54335", "sensor_type": "parking", "street_id": "20174", "method": "point_in_polygon", "dist_m": 0.0}, "geometry": {"type": "Point", "coordinates": [144.960358191658, -37.8142611280013]}}, {"type": "Feature", "properties": {"sensor_id": "14994", "sensor_type": "parking", "street_id": "23224", "method": "point_in_polygon", "dist_m": 0.0}, "geometry": {"type": "Point", "coordinates": [144.937453292553, -37.8142897930858]}}, {"type": "Feature", "properties": {"sensor_id": "60738", "sensor_type": "parking", "street_id": "20224", "method": "point_in_polygon", "dist_m": 0.0}, "geometry": {"type": "Point", "coordinates": [144.956398236809, -37.8208034311399]}}, {"type": "Feature", "properties": {"sensor_id": "67333", "sensor_type": "parking", "street_id": "20028", "method": "point_in_polygon", "dist_m": 0.0}, "geometry": {"type": "Point", "coordinates": [144.954308063065, -37.8122854967605]}}, {"type": "Feature", "properties": {"sensor_id": "60737", "sensor_type": "parking", "street_id": "20224", "method": "point_in_polygon", "dist_m": 0.0}, "geometry": {"type": "Point", "coordinates": [144.956457989052, -37.820786142875]}}, {"type": "Feature", "properties": {"sensor_id": "52226", "sensor_type": "parking", "street_id": "20152", "method": "point_in_polygon", "dist_m": 0.0}, "geometry": {"type": "Point", "coordinates": [144.966966334657, -37.8103261165667]}}, {"type": "Feature", "properties": {"sensor_id": "54530", "sensor_type": "parking", "street_id": "20176", "method": "point_in_polygon", "dist_m": 0.0}, "geometry": {"type": "Point", "coordinates": [144.959540999729, -37.8124619508882]}}, {"type": "Feature", "properties": {"sensor_id": "56710", "sensor_type": "parking", "street_id": "20189", "method": "point_in_polygon", "dist_m": 0.0}, "geometry": {"type": "Point", "coordinates": [144.957100140917, -37.8191036661674]}}, {"type": "Feature", "properties": {"sensor_id": "58118", "sensor_type": "parking", "street_id": "20073", "method": "point_in_polygon", "dist_m": 0.0}, "geometry": {"type": "Point", "coordinates": [144.953512258675, -37.8173950117173]}}, {"type": "Feature", "properties": {"sensor_id": "52111", "sensor_type": "parking", "street_id": "20151", "method": "point_in_polygon", "dist_m": 0.0}, "geometry": {"type": "Point", "coordinates": [144.967661754607, -37.8115739413106]}}, {"type": "Feature", "properties": {"sensor_id": "61923", "sensor_type": "parking", "street_id": "20110", "method": "point_in_polygon", "dist_m": 0.0}, "geometry": {"type": "Point", "coordinates": [144.967726089797, -37.815064593135]}}, {"type": "Feature", "properties": {"sensor_id": "50522", "sensor_type": "parking", "street_id": "20206", "method": "point_in_polygon", "dist_m": 0.0}, "geometry": {"type": "Point", "coordinates": [144.972226981934, -37.8098639669079]}}, {"type": "Feature", "properties": {"sensor_id": "67434", "sensor_type": "parking", "street_id": "20030", "method": "point_in_polygon", "dist_m": 0.0}, "geometry": {"type": "Point", "coordinates": [144.953562856576, -37.8126383544846]}}, {"type": "Feature", "properties": {"sensor_id": "61546", "sensor_type": "parking", "street_id": "20135", "method": "point_in_polygon", "dist_m": 0.0}, "geometry": {"type": "Point", "coordinates": [144.95764690502, -37.8192855360423]}}, {"type": "Feature", "properties": {"sensor_id": "23984", "sensor_type": "parking", "street_id": "20939", "method": "point_in_polygon", "dist_m": 0.0}, "geometry": {"type": "Point", "coordinates": [144.957368896639, -37.8041491395317]}}, {"type": "Feature", "properties": {"sensor_id": "7868", "sensor_type": "parking", "street_id": "20893", "method": "point_in_polygon", "dist_m": 0.0}, "geometry": {"type": "Point", "coordinates": [144.979725880524, -37.8100632476647]}}, {"type": "Feature", "properties": {"sensor_id": "7863", "sensor_type": "parking", "street_id": "20893", "method": "point_in_polygon", "dist_m": 0.0}, "geometry": {"type": "Point", "coordinates": [144.979390148177, -37.8100265659921]}}, {"type": "Feature", "properties": {"sensor_id": "63444", "sensor_type": "parking", "street_id": "20065", "method": "point_in_polygon", "dist_m": 0.0}, "geometry": {"type": "Point", "coordinates": [144.971445182314, -37.8119049139106]}}, {"type": "Feature", "properties": {"sensor_id": "65146", "sensor_type": "parking", "street_id": "20003", "method": "point_in_polygon", "dist_m": 0.0}, "geometry": {"type": "Point", "coordinates": [144.968614246869, -37.8104215126475]}}, {"type": "Feature", "properties": {"sensor_id": "51449", "sensor_type": "parking", "street_id": "20145", "method": "point_in_polygon", "dist_m": 0.0}, "geometry": {"type": "Point", "coordinates": [144.968872600625, -37.8083842919855]}}, {"type": "Feature", "properties": {"sensor_id": "54324", "sensor_type": "parking", "street_id": "20174", "method": "point_in_polygon", "dist_m": 0.0}, "geometry": {"type": "Point", "coordinates": [144.960499154489, -37.8145681652618]}}, {"type": "Feature", "properties": {"sensor_id": "53931", "sensor_type": "parking", "street_id": "20170", "method": "point_in_polygon", "dist_m": 0.0}, "geometry": {"type": "Point", "coordinates": [144.962230913033, -37.8183339275506]}}, {"type": "Feature", "properties": {"sensor_id": "50650", "sensor_type": "parking", "street_id": "21847", "method": "point_in_polygon", "dist_m": 0.0}, "geometry": {"type": "Point", "coordinates": [144.971634150578, -37.8083003216288]}}, {"type": "Feature", "properties": {"sensor_id": "65492", "sensor_type": "parking", "street_id": "20009", "method": "point_in_polygon", "dist_m": 0.0}, "geometry": {"type": "Point", "coordinates": [144.960277447891, -37.8129583405137]}}, {"type": "Feature", "properties": {"sensor_id": "67328", "sensor_type": "parking", "street_id": "20028", "method": "point_in_polygon", "dist_m": 0.0}, "geometry": {"type": "Point", "coordinates": [144.954628952581, -37.8121945706852]}}, {"type": "Feature", "properties": {"sensor_id": "67332", "sensor_type": "parking", "street_id": "20028", "method": "point_in_polygon", "dist_m": 0.0}, "geometry": {"type": "Point", "coordinates": [144.954372251497, -37.8122672779196]}}, {"type": "Feature", "properties": {"sensor_id": "63062", "sensor_type": "parking", "street_id": "20099", "method": "point_in_polygon", "dist_m": 0.0}, "geometry": {"type": "Point", "coordinates": [144.962866044011, -37.8154771260056]}}, {"type": "Feature", "properties": {"sensor_id": "10971", "sensor_type": "parking", "street_id": "21859", "method": "point_in_polygon", "dist_m": 0.0}, "geometry": {"type": "Point", "coordinates": [144.977752852599, -37.8139419342189]}}, {"type": "Feature", "properties": {"sensor_id": "61641", "sensor_type": "parking", "street_id": "20137", "method": "point_in_polygon", "dist_m": 0.0}, "geometry": {"type": "Point", "coordinates": [144.955941949203, -37.8197759398589]}}, {"type": "Feature", "properties": {"sensor_id": "65185", "sensor_type": "parking", "street_id": "20003", "method": "point_in_polygon", "dist_m": 0.0}, "geometry": {"type": "Point", "coordinates": [144.968602159526, -37.8105246865224]}}, {"type": "Feature", "properties": {"sensor_id": "50668", "sensor_type": "parking", "street_id": "21848", "method": "point_in_polygon", "dist_m": 0.0}, "geometry": {"type": "Point", "coordinates": [144.97175471507, -37.80883571539]}}, {"type": "Feature", "properties": {"sensor_id": "56826", "sensor_type": "parking", "street_id": "20190", "method": "point_in_polygon", "dist_m": 0.0}, "geometry": {"type": "Point", "coordinates": [144.956240792417, -37.8177776456084]}}, {"type": "Feature", "properties": {"sensor_id": "54532", "sensor_type": "parking", "street_id": "20176", "method": "point_in_polygon", "dist_m": 0.0}, "geometry": {"type": "Point", "coordinates": [144.959519559007, -37.8124149295341]}}, {"type": "Feature", "properties": {"sensor_id": "50120", "sensor_type": "parking", "street_id": "20198", "method": "point_in_polygon", "dist_m": 0.0}, "geometry": {"type": "Point", "coordinates": [144.974268915337, -37.8142177933609]}}, {"type": "Feature", "properties": {"sensor_id": "9602", "sensor_type": "parking", "street_id": "20992", "method": "point_in_polygon", "dist_m": 0.0}, "geometry": {"type": "Point", "coordinates": [144.949299233924, -37.8043506453774]}}, {"type": "Feature", "properties": {"sensor_id": "62642", "sensor_type": "parking", "street_id": "20091", "method": "point_in_polygon", "dist_m": 0.0}, "geometry": {"type": "Point", "coordinates": [144.973023573567, -37.8124880469474]}}, {"type": "Feature", "properties": {"sensor_id": "61644", "sensor_type": "parking", "street_id": "20137", "method": "point_in_polygon", "dist_m": 0.0}, "geometry": {"type": "Point", "coordinates": [144.955743984432, -37.8198317824132]}}, {"type": "Feature", "properties": {"sensor_id": "54315", "sensor_type": "parking", "street_id": "20174", "method": "point_in_polygon", "dist_m": 0.0}, "geometry": {"type": "Point", "coordinates": [144.960583846159, -37.814478270159]}}, {"type": "Feature", "properties": {"sensor_id": "12125", "sensor_type": "parking", "street_id": "21180", "method": "point_in_polygon", "dist_m": 0.0}, "geometry": {"type": "Point", "coordinates": [144.951798866135, -37.798846412573]}}, {"type": "Feature", "properties": {"sensor_id": "64267", "sensor_type": "parking", "street_id": "20049", "method": "point_in_polygon", "dist_m": 0.0}, "geometry": {"type": "Point", "coordinates": [144.970733337502, -37.8109404857744]}}, {"type": "Feature", "properties": {"sensor_id": "56723", "sensor_type": "parking", "street_id": "20189", "method": "point_in_polygon", "dist_m": 0.0}, "geometry": {"type": "Point", "coordinates": [144.956881922495, -37.8191707925165]}}, {"type": "Feature", "properties": {"sensor_id": "50222", "sensor_type": "parking", "street_id": "20200", "method": "point_in_polygon", "dist_m": 0.0}, "geometry": {"type": "Point", "coordinates": [144.973552492171, -37.8127375925816]}}, {"type": "Feature", "properties": {"sensor_id": "51934", "sensor_type": "parking", "street_id": "20149", "method": "point_in_polygon", "dist_m": 0.0}, "geometry": {"type": "Point", "coordinates": [144.968323929973, -37.8132952041786]}}, {"type": "Feature", "properties": {"sensor_id": "11478", "sensor_type": "parking", "street_id": "20990", "method": "point_in_polygon", "dist_m": 0.0}, "geometry": {"type": "Point", "coordinates": [144.950257380467, -37.8031224235692]}}, {"type": "Feature", "properties": {"sensor_id": "53938", "sensor_type": "parking", "street_id": "20170", "method": "point_in_polygon", "dist_m": 0.0}, "geometry": {"type": "Point", "coordinates": [144.962146164883, -37.8181493166748]}}, {"type": "Feature", "properties": {"sensor_id": "57644", "sensor_type": "parking", "street_id": "21518", "method": "point_in_polygon", "dist_m": 0.0}, "geometry": {"type": "Point", "coordinates": [144.952612979288, -37.8099405203108]}}, {"type": "Feature", "properties": {"sensor_id": "65818", "sensor_type": "parking", "street_id": "20034", "method": "point_in_polygon", "dist_m": 0.0}, "geometry": {"type": "Point", "coordinates": [144.970924044992, -37.808607878231]}}, {"type": "Feature", "properties": {"sensor_id": "61713", "sensor_type": "parking", "street_id": "20106", "method": "point_in_polygon", "dist_m": 0.0}, "geometry": {"type": "Point", "coordinates": [144.972559053372, -37.8136457835134]}}, {"type": "Feature", "properties": {"sensor_id": "13393", "sensor_type": "parking", "street_id": "22913", "method": "point_in_polygon", "dist_m": 0.0}, "geometry": {"type": "Point", "coordinates": [144.94309376909, -37.8200392300623]}}, {"type": "Feature", "properties": {"sensor_id": "65145", "sensor_type": "parking", "street_id": "20003", "method": "point_in_polygon", "dist_m": 0.0}, "geometry": {"type": "Point", "coordinates": [144.968644103143, -37.810412827837]}}, {"type": "Feature", "properties": {"sensor_id": "65487", "sensor_type": "parking", "street_id": "20009", "method": "point_in_polygon", "dist_m": 0.0}, "geometry": {"type": "Point", "coordinates": [144.96074174893, -37.8128230943722]}}, {"type": "Feature", "properties": {"sensor_id": "18826", "sensor_type": "parking", "street_id": "20889", "method": "point_in_polygon", "dist_m": 0.0}, "geometry": {"type": "Point", "coordinates": [144.974830396701, -37.8095235482927]}}, {"type": "Feature", "properties": {"sensor_id": "62215", "sensor_type": "parking", "street_id": "20116", "method": "point_in_polygon", "dist_m": 0.0}, "geometry": {"type": "Point", "coordinates": [144.96070505631, -37.8171077297343]}}, {"type": "Feature", "properties": {"sensor_id": "56720", "sensor_type": "parking", "street_id": "20189", "method": "point_in_polygon", "dist_m": 0.0}, "geometry": {"type": "Point", "coordinates": [144.956867718876, -37.8186007857213]}}, {"type": "Feature", "properties": {"sensor_id": "17713", "sensor_type": "parking", "street_id": "23378", "method": "point_in_polygon", "dist_m": 0.0}, "geometry": {"type": "Point", "coordinates": [144.939250310482, -37.8201449804675]}}, {"type": "Feature", "properties": {"sensor_id": "16416", "sensor_type": "parking", "street_id": "20897", "method": "point_in_polygon", "dist_m": 0.0}, "geometry": {"type": "Point", "coordinates": [144.98107725682, -37.8098448983885]}}, {"type": "Feature", "properties": {"sensor_id": "58120", "sensor_type": "parking", "street_id": "20073", "method": "point_in_polygon", "dist_m": 0.0}, "geometry": {"type": "Point", "coordinates": [144.953465892504, -37.8172943169638]}}, {"type": "Feature", "properties": {"sensor_id": "62657", "sensor_type": "parking", "street_id": "20091", "method": "point_in_polygon", "dist_m": 0.0}, "geometry": {"type": "Point", "coordinates": [144.971948628926, -37.8128025627554]}}, {"type": "Feature", "properties": {"sensor_id": "62340", "sensor_type": "parking", "street_id": "20118", "method": "point_in_polygon", "dist_m": 0.0}, "geometry": {"type": "Point", "coordinates": [144.95855355638, -37.8178902865585]}}, {"type": "Feature", "properties": {"sensor_id": "65833", "sensor_type": "parking", "street_id": "20034", "method": "point_in_polygon", "dist_m": 0.0}, "geometry": {"type": "Point", "coordinates": [144.969929785504, -37.808896816634]}}, {"type": "Feature", "properties": {"sensor_id": "9574", "sensor_type": "parking", "street_id": "20992", "method": "point_in_polygon", "dist_m": 0.0}, "geometry": {"type": "Point", "coordinates": [144.949439731218, -37.804636610345]}}, {"type": "Feature", "properties": {"sensor_id": "12118", "sensor_type": "parking", "street_id": "21180", "method": "point_in_polygon", "dist_m": 0.0}, "geometry": {"type": "Point", "coordinates": [144.951978476877, -37.7987059014574]}}, {"type": "Feature", "properties": {"sensor_id": "12295", "sensor_type": "parking", "street_id": "21141", "method": "point_in_polygon", "dist_m": 0.0}, "geometry": {"type": "Point", "coordinates": [144.953764239685, -37.7991030676469]}}, {"type": "Feature", "properties": {"sensor_id": "10974", "sensor_type": "parking", "street_id": "21859", "method": "point_in_polygon", "dist_m": 0.0}, "geometry": {"type": "Point", "coordinates": [144.977726815706, -37.814097319144]}}, {"type": "Feature", "properties": {"sensor_id": "55333", "sensor_type": "parking", "street_id": "21521", "method": "point_in_polygon", "dist_m": 0.0}, "geometry": {"type": "Point", "coordinates": [144.957380729163, -37.811225166037]}}, {"type": "Feature", "properties": {"sensor_id": "51936", "sensor_type": "parking", "street_id": "20149", "method": "point_in_polygon", "dist_m": 0.0}, "geometry": {"type": "Point", "coordinates": [144.96830339075, -37.8132503253486]}}, {"type": "Feature", "properties": {"sensor_id": "63540", "sensor_type": "parking", "street_id": "20078", "method": "point_in_polygon", "dist_m": 0.0}, "geometry": {"type": "Point", "coordinates": [144.970215777438, -37.8122661601476]}}, {"type": "Feature", "properties": {"sensor_id": "10975", "sensor_type": "parking", "street_id": "21859", "method": "point_in_polygon", "dist_m": 0.0}, "geometry": {"type": "Point", "coordinates": [144.977718102639, -37.8141491184048]}}, {"type": "Feature", "properties": {"sensor_id": "65867", "sensor_type": "parking", "street_id": "20034", "method": "point_in_polygon", "dist_m": 0.0}, "geometry": {"type": "Point", "coordinates": [144.969573623575, -37.8090501069445]}}, {"type": "Feature", "properties": {"sensor_id": "9456", "sensor_type": "parking", "street_id": "20931", "method": "point_in_polygon", "dist_m": 0.0}, "geometry": {"type": "Point", "coordinates": [144.95728837156, -37.8053253837508]}}, {"type": "Feature", "properties": {"sensor_id": "51924", "sensor_type": "parking", "street_id": "20149", "method": "point_in_polygon", "dist_m": 0.0}, "geometry": {"type": "Point", "coordinates": [144.968463917686, -37.8136011880733]}}, {"type": "Feature", "properties": {"sensor_id": "25005", "sensor_type": "parking", "street_id": "20889", "method": "point_in_polygon", "dist_m": 0.0}, "geometry": {"type": "Point", "coordinates": [144.973630171868, -37.8093914177626]}}, {"type": "Feature", "properties": {"sensor_id": "11477", "sensor_type": "parking", "street_id": "20990", "method": "point_in_polygon", "dist_m": 0.0}, "geometry": {"type": "Point", "coordinates": [144.950226266421, -37.8031189319774]}}, {"type": "Feature", "properties": {"sensor_id": "12112", "sensor_type": "parking", "street_id": "21180", "method": "point_in_polygon", "dist_m": 0.0}, "geometry": {"type": "Point", "coordinates": [144.952127876344, -37.7985884072878]}}, {"type": "Feature", "properties": {"sensor_id": "54434", "sensor_type": "parking", "street_id": "20175", "method": "point_in_polygon", "dist_m": 0.0}, "geometry": {"type": "Point", "coordinates": [144.960039981785, -37.8135656662698]}}, {"type": "Feature", "properties": {"sensor_id": "9418", "sensor_type": "parking", "street_id": "20931", "method": "point_in_polygon", "dist_m": 0.0}, "geometry": {"type": "Point", "coordinates": [144.957146082811, -37.8054153582078]}}, {"type": "Feature", "properties": {"sensor_id": "56614", "sensor_type": "parking", "street_id": "20188", "method": "point_in_polygon", "dist_m": 0.0}, "geometry": {"type": "Point", "coordinates": [144.957414350561, -37.8197844150378]}}, {"type": "Feature", "properties": {"sensor_id": "12089", "sensor_type": "parking", "street_id": "21124", "method": "point_in_polygon", "dist_m": 0.0}, "geometry": {"type": "Point", "coordinates": [144.954349448123, -37.8003261087454]}}, {"type": "Feature", "properties": {"sensor_id": "23976", "sensor_type": "parking", "street_id": "20939", "method": "point_in_polygon", "dist_m": 0.0}, "geometry": {"type": "Point", "coordinates": [144.957311689701, -37.8045478801612]}}, {"type": "Feature", "properties": {"sensor_id": "17380", "sensor_type": "parking", "street_id": "20897", "method": "point_in_polygon", "dist_m": 0.0}, "geometry": {"type": "Point", "coordinates": [144.980983830815, -37.8093542901103]}}, {"type": "Feature", "properties": {"sensor_id": "56714", "sensor_type": "parking", "street_id": "20189", "method": "point_in_polygon", "dist_m": 0.0}, "geometry": {"type": "Point", "coordinates": [144.957009034801, -37.8189067723097]}}, {"type": "Feature", "properties": {"sensor_id": "22428", "sensor_type": "parking", "street_id": "22308", "method": "point_in_polygon", "dist_m": 0.0}, "geometry": {"type": "Point", "coordinates": [144.981140537633, -37.8450794856271]}}, {"type": "Feature", "properties": {"sensor_id": "13443", "sensor_type": "parking", "street_id": "22913", "method": "point_in_polygon", "dist_m": 0.0}, "geometry": {"type": "Point", "coordinates": [144.944184462297, -37.819632495597]}}, {"type": "Feature", "properties": {"sensor_id": "23977", "sensor_type": "parking", "street_id": "20939", "method": "point_in_polygon", "dist_m": 0.0}, "geometry": {"type": "Point", "coordinates": [144.957316181678, -37.804522451179]}}, {"type": "Feature", "properties": {"sensor_id": "51814", "sensor_type": "parking", "street_id": "20148", "method": "point_in_polygon", "dist_m": 0.0}, "geometry": {"type": "Point", "coordinates": [144.968894196179, -37.8142648813958]}}, {"type": "Feature", "properties": {"sensor_id": "65193", "sensor_type": "parking", "street_id": "20003", "method": "point_in_polygon", "dist_m": 0.0}, "geometry": {"type": "Point", "coordinates": [144.96801337873, -37.8106980845509]}}, {"type": "Feature", "properties": {"sensor_id": "65483", "sensor_type": "parking", "street_id": "20009", "method": "point_in_polygon", "dist_m": 0.0}, "geometry": {"type": "Point", "coordinates": [144.961061070165, -37.8125329816413]}}, {"type": "Feature", "properties": {"sensor_id": "10722", "sensor_type": "parking", "street_id": "20980", "method": "point_in_polygon", "dist_m": 0.0}, "geometry": {"type": "Point", "coordinates": [144.95101886483, -37.8043469371667]}}, {"type": "Feature", "properties": {"sensor_id": "21750", "sensor_type": "parking", "street_id": "22311", "method": "point_in_polygon", "dist_m": 0.0}, "geometry": {"type": "Point", "coordinates": [144.983466983262, -37.8481223358755]}}, {"type": "Feature", "properties": {"sensor_id": "16414", "sensor_type": "parking", "street_id": "20897", "method": "point_in_polygon", "dist_m": 0.0}, "geometry": {"type": "Point", "coordinates": [144.981102497271, -37.8096921001776]}}, {"type": "Feature", "properties": {"sensor_id": "66450", "sensor_type": "parking", "street_id": "20046", "method": "point_in_polygon", "dist_m": 0.0}, "geometry": {"type": "Point", "coordinates": [144.955379791144, -37.8131885189283]}}, {"type": "Feature", "properties": {"sensor_id": "7873", "sensor_type": "parking", "street_id": "20893", "method": "point_in_polygon", "dist_m": 0.0}, "geometry": {"type": "Point", "coordinates": [144.980076362542, -37.8101016088894]}}, {"type": "Feature", "properties": {"sensor_id": "55316", "sensor_type": "parking", "street_id": "21521", "method": "point_in_polygon", "dist_m": 0.0}, "geometry": {"type": "Point", "coordinates": [144.957466936495, -37.8111105890116]}}, {"type": "Feature", "properties": {"sensor_id": "10727", "sensor_type": "parking", "street_id": "20980", "method": "point_in_polygon", "dist_m": 0.0}, "geometry": {"type": "Point", "coordinates": [144.950971546251, -37.8046150991387]}}, {"type": "Feature", "properties": {"sensor_id": "57926", "sensor_type": "parking", "street_id": "20069", "method": "point_in_polygon", "dist_m": 0.0}, "geometry": {"type": "Point", "coordinates": [144.954486070102, -37.8195116830536]}}, {"type": "Feature", "properties": {"sensor_id": "11487", "sensor_type": "parking", "street_id": "20990", "method": "point_in_polygon", "dist_m": 0.0}, "geometry": {"type": "Point", "coordinates": [144.950660999698, -37.8031670793902]}}, {"type": "Feature", "properties": {"sensor_id": "11489", "sensor_type": "parking", "street_id": "20990", "method": "point_in_polygon", "dist_m": 0.0}, "geometry": {"type": "Point", "coordinates": [144.950725649212, -37.8031743333448]}}, {"type": "Feature", "properties": {"sensor_id": "12094", "sensor_type": "parking", "street_id": "21124", "method": "point_in_polygon", "dist_m": 0.0}, "geometry": {"type": "Point", "coordinates": [144.953985917274, -37.8006117147654]}}, {"type": "Feature", "properties": {"sensor_id": "50516", "sensor_type": "parking", "street_id": "20206", "method": "point_in_polygon", "dist_m": 0.0}, "geometry": {"type": "Point", "coordinates": [144.97236865287, -37.8101675303478]}}, {"type": "Feature", "properties": {"sensor_id": "21747", "sensor_type": "parking", "street_id": "22311", "method": "point_in_polygon", "dist_m": 0.0}, "geometry": {"type": "Point", "coordinates": [144.983267082313, -37.8480978861111]}}, {"type": "Feature", "properties": {"sensor_id": "24041", "sensor_type": "parking", "street_id": "20931", "method": "point_in_polygon", "dist_m": 0.0}, "geometry": {"type": "Point", "coordinates": [144.957198676771, -37.8051938766564]}}, {"type": "Feature", "properties": {"sensor_id": "9455", "sensor_type": "parking", "street_id": "20931", "method": "point_in_polygon", "dist_m": 0.0}, "geometry": {"type": "Point", "coordinates": [144.957293080047, -37.805298686759]}}, {"type": "Feature", "properties": {"sensor_id": "17381", "sensor_type": "parking", "street_id": "20897", "method": "point_in_polygon", "dist_m": 0.0}, "geometry": {"type": "Point", "coordinates": [144.980975492633, -37.8094057733489]}}, {"type": "Feature", "properties": {"sensor_id": "10970", "sensor_type": "parking", "street_id": "21859", "method": "point_in_polygon", "dist_m": 0.0}, "geometry": {"type": "Point", "coordinates": [144.977761482786, -37.8138901367303]}}, {"type": "Feature", "properties": {"sensor_id": "61714", "sensor_type": "parking", "street_id": "20106", "method": "point_in_polygon", "dist_m": 0.0}, "geometry": {"type": "Point", "coordinates": [144.972495179941, -37.8136646106272]}}, {"type": "Feature", "properties": {"sensor_id": "50645", "sensor_type": "parking", "street_id": "21848", "method": "point_in_polygon", "dist_m": 0.0}, "geometry": {"type": "Point", "coordinates": [144.971746072576, -37.8085440211197]}}, {"type": "Feature", "properties": {"sensor_id": "65182", "sensor_type": "parking", "street_id": "20003", "method": "point_in_polygon", "dist_m": 0.0}, "geometry": {"type": "Point", "coordinates": [144.968794112512, -37.8104681801733]}}, {"type": "Feature", "properties": {"sensor_id": "51937", "sensor_type": "parking", "street_id": "20149", "method": "point_in_polygon", "dist_m": 0.0}, "geometry": {"type": "Point", "coordinates": [144.968293120302, -37.8132278863926]}}, {"type": "Feature", "properties": {"sensor_id": "50018", "sensor_type": "parking", "street_id": "20196", "method": "point_in_polygon", "dist_m": 0.0}, "geometry": {"type": "Point", "coordinates": [144.974629551859, -37.8145291435437]}}, {"type": "Feature", "properties": {"sensor_id": "11485", "sensor_type": "parking", "street_id": "20990", "method": "point_in_polygon", "dist_m": 0.0}, "geometry": {"type": "Point", "coordinates": [144.950564312155, -37.8031564817823]}}, {"type": "Feature", "properties": {"sensor_id": "12095", "sensor_type": "parking", "street_id": "21124", "method": "point_in_polygon", "dist_m": 0.0}, "geometry": {"type": "Point", "coordinates": [144.95379964582, -37.8007584631074]}}, {"type": "Feature", "properties": {"sensor_id": "21525", "sensor_type": "parking", "street_id": "22201", "method": "point_in_polygon", "dist_m": 0.0}, "geometry": {"type": "Point", "coordinates": [144.977342242958, -37.8350171377311]}}, {"type": "Feature", "properties": {"sensor_id": "17378", "sensor_type": "parking", "street_id": "20897", "method": "point_in_polygon", "dist_m": 0.0}, "geometry": {"type": "Point", "coordinates": [144.980902987276, -37.8098467237246]}}, {"type": "Feature", "properties": {"sensor_id": "16174", "sensor_type": "parking", "street_id": "21124", "method": "point_in_polygon", "dist_m": 0.0}, "geometry": {"type": "Point", "coordinates": [144.953669439985, -37.8005958056013]}}, {"type": "Feature", "properties": {"sensor_id": "62873", "sensor_type": "parking", "street_id": "20095", "method": "point_in_polygon", "dist_m": 0.0}, "geometry": {"type": "Point", "coordinates": [144.967642341057, -37.8140675022322]}}, {"type": "Feature", "properties": {"sensor_id": "63531", "sensor_type": "parking", "street_id": "20078", "method": "point_in_polygon", "dist_m": 0.0}, "geometry": {"type": "Point", "coordinates": [144.968511139088, -37.8126057830034]}}, {"type": "Feature", "properties": {"sensor_id": "64266", "sensor_type": "parking", "street_id": "20049", "method": "point_in_polygon", "dist_m": 0.0}, "geometry": {"type": "Point", "coordinates": [144.970794637053, -37.8109224283234]}}, {"type": "Feature", "properties": {"sensor_id": "12077", "sensor_type": "parking", "street_id": "21124", "method": "point_in_polygon", "dist_m": 0.0}, "geometry": {"type": "Point", "coordinates": [144.953321186291, -37.8008712697308]}}, {"type": "Feature", "properties": {"sensor_id": "21546", "sensor_type": "parking", "street_id": "22308", "method": "point_in_polygon", "dist_m": 0.0}, "geometry": {"type": "Point", "coordinates": [144.980002818666, -37.8451163671048]}}, {"type": "Feature", "properties": {"sensor_id": "51736", "sensor_type": "parking", "street_id": "20147", "method": "point_in_polygon", "dist_m": 0.0}, "geometry": {"type": "Point", "coordinates": [144.969150166622, -37.8150873433591]}}, {"type": "Feature", "properties": {"sensor_id": "21520", "sensor_type": "parking", "street_id": "22199", "method": "point_in_polygon", "dist_m": 0.0}, "geometry": {"type": "Point", "coordinates": [144.976027223299, -37.8348454889897]}}, {"type": "Feature", "properties": {"sensor_id": "22023", "sensor_type": "parking", "street_id": "21141", "method": "point_in_polygon", "dist_m": 0.0}, "geometry": {"type": "Point", "coordinates": [144.953286736378, -37.7994787037233]}}, {"type": "Feature", "properties": {"sensor_id": "21963", "sensor_type": "parking", "street_id": "21122", "method": "point_in_polygon", "dist_m": 0.0}, "geometry": {"type": "Point", "coordinates": [144.955252588005, -37.8012915900179]}}, {"type": "Feature", "properties": {"sensor_id": "60219", "sensor_type": "parking", "street_id": "20212", "method": "point_in_polygon", "dist_m": 0.0}, "geometry": {"type": "Point", "coordinates": [144.968579953821, -37.8170304324989]}}, {"type": "Feature", "properties": {"sensor_id": "9433", "sensor_type": "parking", "street_id": "20939", "method": "point_in_polygon", "dist_m": 0.0}, "geometry": {"type": "Point", "coordinates": [144.957400983981, -37.8046887693904]}}, {"type": "Feature", "properties": {"sensor_id": "58115", "sensor_type": "parking", "street_id": "20073", "method": "point_in_polygon", "dist_m": 0.0}, "geometry": {"type": "Point", "coordinates": [144.95358230242, -37.8175472149418]}}, {"type": "Feature", "properties": {"sensor_id": "62349", "sensor_type": "parking", "street_id": "20118", "method": "point_in_polygon", "dist_m": 0.0}, "geometry": {"type": "Point", "coordinates": [144.957463529549, -37.8182034579435]}}, {"type": "Feature", "properties": {"sensor_id": "11479", "sensor_type": "parking", "street_id": "20990", "method": "point_in_polygon", "dist_m": 0.0}, "geometry": {"type": "Point", "coordinates": [144.950289365771, -37.8031260155022]}}, {"type": "Feature", "properties": {"sensor_id": "12091", "sensor_type": "parking", "street_id": "21124", "method": "point_in_polygon", "dist_m": 0.0}, "geometry": {"type": "Point", "coordinates": [144.954138915532, -37.8004910091107]}}, {"type": "Feature", "properties": {"sensor_id": "12127", "sensor_type": "parking", "street_id": "21180", "method": "point_in_polygon", "dist_m": 0.0}, "geometry": {"type": "Point", "coordinates": [144.951754330507, -37.7988813745829]}}, {"type": "Feature", "properties": {"sensor_id": "12289", "sensor_type": "parking", "street_id": "21141", "method": "point_in_polygon", "dist_m": 0.0}, "geometry": {"type": "Point", "coordinates": [144.953013814304, -37.7994360741917]}}, {"type": "Feature", "properties": {"sensor_id": "21540", "sensor_type": "parking", "street_id": "22308", "method": "point_in_polygon", "dist_m": 0.0}, "geometry": {"type": "Point", "coordinates": [144.980079599427, -37.8451264935175]}}, {"type": "Feature", "properties": {"sensor_id": "21752", "sensor_type": "parking", "street_id": "22311", "method": "point_in_polygon", "dist_m": 0.0}, "geometry": {"type": "Point", "coordinates": [144.983601735617, -37.8481388169502]}}, {"type": "Feature", "properties": {"sensor_id": "21755", "sensor_type": "parking", "street_id": "22311", "method": "point_in_polygon", "dist_m": 0.0}, "geometry": {"type": "Point", "coordinates": [144.983984422551, -37.8481856169382]}}, {"type": "Feature", "properties": {"sensor_id": "21521", "sensor_type": "parking", "street_id": "22199", "method": "point_in_polygon", "dist_m": 0.0}, "geometry": {"type": "Point", "coordinates": [144.976094527872, -37.8348542165733]}}, {"type": "Feature", "properties": {"sensor_id": "54430", "sensor_type": "parking", "street_id": "20175", "method": "point_in_polygon", "dist_m": 0.0}, "geometry": {"type": "Point", "coordinates": [144.960094185604, -37.8136826688127]}}, {"type": "Feature", "properties": {"sensor_id": "62339", "sensor_type": "parking", "street_id": "20118", "method": "point_in_polygon", "dist_m": 0.0}, "geometry": {"type": "Point", "coordinates": [144.958617793055, -37.8178719360516]}}, {"type": "Feature", "properties": {"sensor_id": "7495", "sensor_type": "parking", "street_id": "20891", "method": "point_in_polygon", "dist_m": 0.0}, "geometry": {"type": "Point", "coordinates": [144.977623339176, -37.8096918549678]}}, {"type": "Feature", "properties": {"sensor_id": "56824", "sensor_type": "parking", "street_id": "20190", "method": "point_in_polygon", "dist_m": 0.0}, "geometry": {"type": "Point", "coordinates": [144.956373017843, -37.8180676000544]}}, {"type": "Feature", "properties": {"sensor_id": "12092", "sensor_type": "parking", "street_id": "21124", "method": "point_in_polygon", "dist_m": 0.0}, "geometry": {"type": "Point", "coordinates": [144.954090593032, -37.8005291319282]}}, {"type": "Feature", "properties": {"sensor_id": "12287", "sensor_type": "parking", "street_id": "21141", "method": "point_in_polygon", "dist_m": 0.0}, "geometry": {"type": "Point", "coordinates": [144.952910717368, -37.7995178538599]}}, {"type": "Feature", "properties": {"sensor_id": "12083", "sensor_type": "parking", "street_id": "21124", "method": "point_in_polygon", "dist_m": 0.0}, "geometry": {"type": "Point", "coordinates": [144.953923015886, -37.8003956531841]}}, {"type": "Feature", "properties": {"sensor_id": "22430", "sensor_type": "parking", "street_id": "22308", "method": "point_in_polygon", "dist_m": 0.0}, "geometry": {"type": "Point", "coordinates": [144.981278740253, -37.8450973415483]}}, {"type": "Feature", "properties": {"sensor_id": "21746", "sensor_type": "parking", "street_id": "22311", "method": "point_in_polygon", "dist_m": 0.0}, "geometry": {"type": "Point", "coordinates": [144.983019427125, -37.8480675944192]}}, {"type": "Feature", "properties": {"sensor_id": "21682", "sensor_type": "parking", "street_id": "22311", "method": "point_in_polygon", "dist_m": 0.0}, "geometry": {"type": "Point", "coordinates": [144.982835203016, -37.8481561956067]}}, {"type": "Feature", "properties": {"sensor_id": "12297", "sensor_type": "parking", "street_id": "21141", "method": "point_in_polygon", "dist_m": 0.0}, "geometry": {"type": "Point", "coordinates": [144.953386754147, -37.7994000768655]}}, {"type": "Feature", "properties": {"sensor_id": "13448", "sensor_type": "parking", "street_id": "22801", "method": "point_in_polygon", "dist_m": 0.0}, "geometry": {"type": "Point", "coordinates": [144.944706211327, -37.8195737809687]}}, {"type": "Feature", "properties": {"sensor_id": "7501", "sensor_type": "parking", "street_id": "20891", "method": "point_in_polygon", "dist_m": 0.0}, "geometry": {"type": "Point", "coordinates": [144.977218451371, -37.8096481560213]}}, {"type": "Feature", "properties": {"sensor_id": "7843", "sensor_type": "parking", "street_id": "20891", "method": "point_in_polygon", "dist_m": 0.0}, "geometry": {"type": "Point", "coordinates": [144.977053100994, -37.8097649897203]}}, {"type": "Feature", "properties": {"sensor_id": "16428", "sensor_type": "parking", "street_id": "20898", "method": "point_in_polygon", "dist_m": 0.0}, "geometry": {"type": "Point", "coordinates": [144.98175385528, -37.8101411182191]}}, {"type": "Feature", "properties": {"sensor_id": "50670", "sensor_type": "parking", "street_id": "21848", "method": "point_in_polygon", "dist_m": 0.0}, "geometry": {"type": "Point", "coordinates": [144.971708289528, -37.8087350825024]}}, {"type": "Feature", "properties": {"sensor_id": "56716", "sensor_type": "parking", "street_id": "20189", "method": "point_in_polygon", "dist_m": 0.0}, "geometry": {"type": "Point", "coordinates": [144.956961705333, -37.8188038259896]}}, {"type": "Feature", "properties": {"sensor_id": "66334", "sensor_type": "parking", "street_id": "20044", "method": "point_in_polygon", "dist_m": 0.0}, "geometry": {"type": "Point", "coordinates": [144.957242298843, -37.8126064983775]}}, {"type": "Feature", "properties": {"sensor_id": "12090", "sensor_type": "parking", "street_id": "21124", "method": "point_in_polygon", "dist_m": 0.0}, "geometry": {"type": "Point", "coordinates": [144.954300566533, -37.8003647280286]}}, {"type": "Feature", "properties": {"sensor_id": "60834", "sensor_type": "parking", "street_id": "20121", "method": "point_in_polygon", "dist_m": 0.0}, "geometry": {"type": "Point", "coordinates": [144.973968596146, -37.8144449855517]}}, {"type": "Feature", "properties": {"sensor_id": "51445", "sensor_type": "parking", "street_id": "20145", "method": "point_in_polygon", "dist_m": 0.0}, "geometry": {"type": "Point", "coordinates": [144.968921685545, -37.8084909072406]}}, {"type": "Feature", "properties": {"sensor_id": "22435", "sensor_type": "parking", "street_id": "22308", "method": "point_in_polygon", "dist_m": 0.0}, "geometry": {"type": "Point", "coordinates": [144.980502272184, -37.8451822384069]}}, {"type": "Feature", "properties": {"sensor_id": "21757", "sensor_type": "parking", "street_id": "22311", "method": "point_in_polygon", "dist_m": 0.0}, "geometry": {"type": "Point", "coordinates": [144.984116367201, -37.8482017579417]}}, {"type": "Feature", "properties": {"sensor_id": "21680", "sensor_type": "parking", "street_id": "22311", "method": "point_in_polygon", "dist_m": 0.0}, "geometry": {"type": "Point", "coordinates": [144.982969964583, -37.8481726275857]}}, {"type": "Feature", "properties": {"sensor_id": "21966", "sensor_type": "parking", "street_id": "21122", "method": "point_in_polygon", "dist_m": 0.0}, "geometry": {"type": "Point", "coordinates": [144.955395420131, -37.8011787637634]}}, {"type": "Feature", "properties": {"sensor_id": "56612", "sensor_type": "parking", "street_id": "20188", "method": "point_in_polygon", "dist_m": 0.0}, "geometry": {"type": "Point", "coordinates": [144.957463726, -37.8198909864281]}}, {"type": "Feature", "properties": {"sensor_id": "12080", "sensor_type": "parking", "street_id": "21124", "method": "point_in_polygon", "dist_m": 0.0}, "geometry": {"type": "Point", "coordinates": [144.953770758436, -37.8005156385003]}}, {"type": "Feature", "properties": {"sensor_id": "22021", "sensor_type": "parking", "street_id": "21141", "method": "point_in_polygon", "dist_m": 0.0}, "geometry": {"type": "Point", "coordinates": [144.95366751384, -37.7991792120756]}}, {"type": "Feature", "properties": {"sensor_id": "13401", "sensor_type": "parking", "street_id": "22913", "method": "point_in_polygon", "dist_m": 0.0}, "geometry": {"type": "Point", "coordinates": [144.943392424085, -37.8199523737852]}}, {"type": "Feature", "properties": {"sensor_id": "7500", "sensor_type": "parking", "street_id": "20891", "method": "point_in_polygon", "dist_m": 0.0}, "geometry": {"type": "Point", "coordinates": [144.977285987964, -37.8096554796399]}}, {"type": "Feature", "properties": {"sensor_id": "16433", "sensor_type": "parking", "street_id": "20898", "method": "point_in_polygon", "dist_m": 0.0}, "geometry": {"type": "Point", "coordinates": [144.98202377135, -37.8101711258021]}}, {"type": "Feature", "properties": {"sensor_id": "50643", "sensor_type": "parking", "street_id": "21848", "method": "point_in_polygon", "dist_m": 0.0}, "geometry": {"type": "Point", "coordinates": [144.971766862702, -37.8085893736563]}}, {"type": "Feature", "properties": {"sensor_id": "9575", "sensor_type": "parking", "street_id": "20992", "method": "point_in_polygon", "dist_m": 0.0}, "geometry": {"type": "Point", "coordinates": [144.949450438994, -37.8045765656706]}}, {"type": "Feature", "properties": {"sensor_id": "11933", "sensor_type": "parking", "street_id": "21122", "method": "point_in_polygon", "dist_m": 0.0}, "geometry": {"type": "Point", "coordinates": [144.955040139519, -37.8011964681571]}}, {"type": "Feature", "properties": {"sensor_id": "12126", "sensor_type": "parking", "street_id": "21180", "method": "point_in_polygon", "dist_m": 0.0}, "geometry": {"type": "Point", "coordinates": [144.951776308405, -37.7988641217315]}}, {"type": "Feature", "properties": {"sensor_id": "17379", "sensor_type": "parking", "street_id": "20897", "method": "point_in_polygon", "dist_m": 0.0}, "geometry": {"type": "Point", "coordinates": [144.98095610061, -37.8095250489316]}}, {"type": "Feature", "properties": {"sensor_id": "9449", "sensor_type": "parking", "street_id": "20931", "method": "point_in_polygon", "dist_m": 0.0}, "geometry": {"type": "Point", "coordinates": [144.957316352707, -37.805167083943]}}, {"type": "Feature", "properties": {"sensor_id": "9440", "sensor_type": "parking", "street_id": "20939", "method": "point_in_polygon", "dist_m": 0.0}, "geometry": {"type": "Point", "coordinates": [144.957366817549, -37.8048820306602]}}, {"type": "Feature", "properties": {"sensor_id": "63514", "sensor_type": "parking", "street_id": "20078", "method": "point_in_polygon", "dist_m": 0.0}, "geometry": {"type": "Point", "coordinates": [144.969834961814, -37.8122158615659]}}, {"type": "Feature", "properties": {"sensor_id": "13439", "sensor_type": "parking", "street_id": "22913", "method": "point_in_polygon", "dist_m": 0.0}, "geometry": {"type": "Point", "coordinates": [144.943404466568, -37.820041680786]}}, {"type": "Feature", "properties": {"sensor_id": "9577", "sensor_type": "parking", "street_id": "20992", "method": "point_in_polygon", "dist_m": 0.0}, "geometry": {"type": "Point", "coordinates": [144.94947086618, -37.8044654403663]}}, {"type": "Feature", "properties": {"sensor_id": "13438", "sensor_type": "parking", "street_id": "22913", "method": "point_in_polygon", "dist_m": 0.0}, "geometry": {"type": "Point", "coordinates": [144.943340494092, -37.8200603067187]}}, {"type": "Feature", "properties": {"sensor_id": "14993", "sensor_type": "parking", "street_id": "23224", "method": "point_in_polygon", "dist_m": 0.0}, "geometry": {"type": "Point", "coordinates": [144.93748277187, -37.8143384586114]}}, {"type": "Feature", "properties": {"sensor_id": "7852", "sensor_type": "parking", "street_id": "22619", "method": "point_in_polygon", "dist_m": 0.0}, "geometry": {"type": "Point", "coordinates": [144.97637804588, -37.8096915682172]}}, {"type": "Feature", "properties": {"sensor_id": "61951", "sensor_type": "parking", "street_id": "20110", "method": "point_in_polygon", "dist_m": 0.0}, "geometry": {"type": "Point", "coordinates": [144.967997439346, -37.8151476294526]}}, {"type": "Feature", "properties": {"sensor_id": "11791", "sensor_type": "parking", "street_id": "21123", "method": "point_in_polygon", "dist_m": 0.0}, "geometry": {"type": "Point", "coordinates": [144.955558553242, -37.8003404380694]}}, {"type": "Feature", "properties": {"sensor_id": "21745", "sensor_type": "parking", "street_id": "22311", "method": "point_in_polygon", "dist_m": 0.0}, "geometry": {"type": "Point", "coordinates": [144.98251218961, -37.8480055521407]}}, {"type": "Feature", "properties": {"sensor_id": "61545", "sensor_type": "parking", "street_id": "20135", "method": "point_in_polygon", "dist_m": 0.0}, "geometry": {"type": "Point", "coordinates": [144.957709320654, -37.8192674292821]}}, {"type": "Feature", "properties": {"sensor_id": "9610", "sensor_type": "parking", "street_id": "20992", "method": "point_in_polygon", "dist_m": 0.0}, "geometry": {"type": "Point", "coordinates": [144.949391509792, -37.8038268130134]}}, {"type": "Feature", "properties": {"sensor_id": "50122", "sensor_type": "parking", "street_id": "20198", "method": "point_in_polygon", "dist_m": 0.0}, "geometry": {"type": "Point", "coordinates": [144.974232565124, -37.8141396209011]}}, {"type": "Feature", "properties": {"sensor_id": "60230", "sensor_type": "parking", "street_id": "20212", "method": "point_in_polygon", "dist_m": 0.0}, "geometry": {"type": "Point", "coordinates": [144.967802887098, -37.8172590316809]}}, {"type": "Feature", "properties": {"sensor_id": "11934", "sensor_type": "parking", "street_id": "21122", "method": "point_in_polygon", "dist_m": 0.0}, "geometry": {"type": "Point", "coordinates": [144.95517890707, -37.8010862688728]}}, {"type": "Feature", "properties": {"sensor_id": "18631", "sensor_type": "parking", "street_id": "23311", "method": "point_in_polygon", "dist_m": 0.0}, "geometry": {"type": "Point", "coordinates": [144.943723604968, -37.8211263030478]}}, {"type": "Feature", "properties": {"sensor_id": "18633", "sensor_type": "parking", "street_id": "23311", "method": "point_in_polygon", "dist_m": 0.0}, "geometry": {"type": "Point", "coordinates": [144.943854077477, -37.8211575614909]}}, {"type": "Feature", "properties": {"sensor_id": "23973", "sensor_type": "parking", "street_id": "20939", "method": "point_in_polygon", "dist_m": 0.0}, "geometry": {"type": "Point", "coordinates": [144.957298215476, -37.804624166195]}}, {"type": "Feature", "properties": {"sensor_id": "67326", "sensor_type": "parking", "street_id": "20028", "method": "point_in_polygon", "dist_m": 0.0}, "geometry": {"type": "Point", "coordinates": [144.954757302935, -37.8121582157068]}}, {"type": "Feature", "properties": {"sensor_id": "21744", "sensor_type": "parking", "street_id": "22311", "method": "point_in_polygon", "dist_m": 0.0}, "geometry": {"type": "Point", "coordinates": [144.982450707658, -37.8479980320699]}}, {"type": "Feature", "properties": {"sensor_id": "16404", "sensor_type": "parking", "street_id": "20897", "method": "point_in_polygon", "dist_m": 0.0}, "geometry": {"type": "Point", "coordinates": [144.981167783791, -37.8092973442115]}}, {"type": "Feature", "properties": {"sensor_id": "17706", "sensor_type": "parking", "street_id": "23378", "method": "point_in_polygon", "dist_m": 0.0}, "geometry": {"type": "Point", "coordinates": [144.939863860994, -37.8202919664423]}}, {"type": "Feature", "properties": {"sensor_id": "11491", "sensor_type": "parking", "street_id": "20990", "method": "point_in_polygon", "dist_m": 0.0}, "geometry": {"type": "Point", "coordinates": [144.950785237502, -37.8031810188832]}}, {"type": "Feature", "properties": {"sensor_id": "18628", "sensor_type": "parking", "street_id": "23311", "method": "point_in_polygon", "dist_m": 0.0}, "geometry": {"type": "Point", "coordinates": [144.943527898691, -37.8210794141178]}}, {"type": "Feature", "properties": {"sensor_id": "15093", "sensor_type": "parking", "street_id": "23311", "method": "point_in_polygon", "dist_m": 0.0}, "geometry": {"type": "Point", "coordinates": [144.943655457616, -37.8212873808042]}}, {"type": "Feature", "properties": {"sensor_id": "17488", "sensor_type": "parking", "street_id": "23293", "method": "point_in_polygon", "dist_m": 0.0}, "geometry": {"type": "Point", "coordinates": [144.942198209458, -37.8203890797014]}}, {"type": "Feature", "properties": {"sensor_id": "24050", "sensor_type": "parking", "street_id": "20939", "method": "point_in_polygon", "dist_m": 0.0}, "geometry": {"type": "Point", "coordinates": [144.957271268589, -37.8047767400838]}}, {"type": "Feature", "properties": {"sensor_id": "13419", "sensor_type": "parking", "street_id": "22913", "method": "point_in_polygon", "dist_m": 0.0}, "geometry": {"type": "Point", "coordinates": [144.944301386822, -37.8196902034664]}}, {"type": "Feature", "properties": {"sensor_id": "67329", "sensor_type": "parking", "street_id": "20028", "method": "point_in_polygon", "dist_m": 0.0}, "geometry": {"type": "Point", "coordinates": [144.954564743369, -37.8122128264555]}}, {"type": "Feature", "properties": {"sensor_id": "65017", "sensor_type": "parking", "street_id": "20001", "method": "point_in_polygon", "dist_m": 0.0}, "geometry": {"type": "Point", "coordinates": [144.971103328257, -37.8095941005969]}}, {"type": "Feature", "properties": {"sensor_id": "12293", "sensor_type": "parking", "street_id": "21141", "method": "point_in_polygon", "dist_m": 0.0}, "geometry": {"type": "Point", "coordinates": [144.953511857716, -37.799039996284]}}, {"type": "Feature", "properties": {"sensor_id": "25019", "sensor_type": "parking", "street_id": "20889", "method": "point_in_polygon", "dist_m": 0.0}, "geometry": {"type": "Point", "coordinates": [144.975151383132, -37.8095598775742]}}, {"type": "Feature", "properties": {"sensor_id": "7855", "sensor_type": "parking", "street_id": "20893", "method": "point_in_polygon", "dist_m": 0.0}, "geometry": {"type": "Point", "coordinates": [144.978852937407, -37.8099672896732]}}, {"type": "Feature", "properties": {"sensor_id": "67435", "sensor_type": "parking", "street_id": "20030", "method": "point_in_polygon", "dist_m": 0.0}, "geometry": {"type": "Point", "coordinates": [144.953498668616, -37.812656495194]}}, {"type": "Feature", "properties": {"sensor_id": "22020", "sensor_type": "parking", "street_id": "21141", "method": "point_in_polygon", "dist_m": 0.0}, "geometry": {"type": "Point", "coordinates": [144.953715876793, -37.7991411401021]}}, {"type": "Feature", "properties": {"sensor_id": "54419", "sensor_type": "parking", "street_id": "20175", "method": "point_in_polygon", "dist_m": 0.0}, "geometry": {"type": "Point", "coordinates": [144.96007705373, -37.8133697311951]}}, {"type": "Feature", "properties": {"sensor_id": "61420", "sensor_type": "parking", "street_id": "20133", "method": "point_in_polygon", "dist_m": 0.0}, "geometry": {"type": "Point", "coordinates": [144.960367261916, -37.8183036103707]}}, {"type": "Feature", "properties": {"sensor_id": "14997", "sensor_type": "parking", "street_id": "23224", "method": "point_in_polygon", "dist_m": 0.0}, "geometry": {"type": "Point", "coordinates": [144.937540229062, -37.8144330106305]}}, {"type": "Feature", "properties": {"sensor_id": "9450", "sensor_type": "parking", "street_id": "20931", "method": "point_in_polygon", "dist_m": 0.0}, "geometry": {"type": "Point", "coordinates": [144.957311696978, -37.805193400025]}}, {"type": "Feature", "properties": {"sensor_id": "9430", "sensor_type": "parking", "street_id": "20939", "method": "point_in_polygon", "dist_m": 0.0}, "geometry": {"type": "Point", "coordinates": [144.957414708364, -37.8046111516894]}}, {"type": "Feature", "properties": {"sensor_id": "9584", "sensor_type": "parking", "street_id": "20992", "method": "point_in_polygon", "dist_m": 0.0}, "geometry": {"type": "Point", "coordinates": [144.949552097491, -37.804000690825]}}, {"type": "Feature", "properties": {"sensor_id": "10744", "sensor_type": "parking", "street_id": "20980", "method": "point_in_polygon", "dist_m": 0.0}, "geometry": {"type": "Point", "coordinates": [144.950900375079, -37.8036891824081]}}, {"type": "Feature", "properties": {"sensor_id": "11176", "sensor_type": "parking", "street_id": "20998", "method": "point_in_polygon", "dist_m": 0.0}, "geometry": {"type": "Point", "coordinates": [144.948218385978, -37.8031392554003]}}, {"type": "Feature", "properties": {"sensor_id": "54332", "sensor_type": "parking", "street_id": "20174", "method": "point_in_polygon", "dist_m": 0.0}, "geometry": {"type": "Point", "coordinates": [144.960389226255, -37.8143287154587]}}, {"type": "Feature", "properties": {"sensor_id": "10729", "sensor_type": "parking", "street_id": "20980", "method": "point_in_polygon", "dist_m": 0.0}, "geometry": {"type": "Point", "coordinates": [144.95095343592, -37.8047178052331]}}, {"type": "Feature", "properties": {"sensor_id": "56926", "sensor_type": "parking", "street_id": "20191", "method": "point_in_polygon", "dist_m": 0.0}, "geometry": {"type": "Point", "coordinates": [144.955838073032, -37.8168982032439]}}, {"type": "Feature", "properties": {"sensor_id": "13390", "sensor_type": "parking", "street_id": "22913", "method": "point_in_polygon", "dist_m": 0.0}, "geometry": {"type": "Point", "coordinates": [144.943010593049, -37.820063418488]}}, {"type": "Feature", "properties": {"sensor_id": "16426", "sensor_type": "parking", "street_id": "20898", "method": "point_in_polygon", "dist_m": 0.0}, "geometry": {"type": "Point", "coordinates": [144.981285035774, -37.8100889530681]}}, {"type": "Feature", "properties": {"sensor_id": "65044", "sensor_type": "parking", "street_id": "20001", "method": "point_in_polygon", "dist_m": 0.0}, "geometry": {"type": "Point", "coordinates": [144.97135797973, -37.8096179061384]}}, {"type": "Feature", "properties": {"sensor_id": "14992", "sensor_type": "parking", "street_id": "23224", "method": "point_in_polygon", "dist_m": 0.0}, "geometry": {"type": "Point", "coordinates": [144.936772765816, -37.8131530337201]}}, {"type": "Feature", "properties": {"sensor_id": "9424", "sensor_type": "parking", "street_id": "20939", "method": "point_in_polygon", "dist_m": 0.0}, "geometry": {"type": "Point", "coordinates": [144.957437582239, -37.8044817759035]}}, {"type": "Feature", "properties": {"sensor_id": "7494", "sensor_type": "parking", "street_id": "20891", "method": "point_in_polygon", "dist_m": 0.0}, "geometry": {"type": "Point", "coordinates": [144.977691182687, -37.8096984062034]}}, {"type": "Feature", "properties": {"sensor_id": "10731", "sensor_type": "parking", "street_id": "20980", "method": "point_in_polygon", "dist_m": 0.0}, "geometry": {"type": "Point", "coordinates": [144.950915026601, -37.8049279840855]}}, {"type": "Feature", "properties": {"sensor_id": "21684", "sensor_type": "parking", "street_id": "22311", "method": "point_in_polygon", "dist_m": 0.0}, "geometry": {"type": "Point", "coordinates": [144.983506199532, -37.8482380114572]}}, {"type": "Feature", "properties": {"sensor_id": "50212", "sensor_type": "parking", "street_id": "20200", "method": "point_in_polygon", "dist_m": 0.0}, "geometry": {"type": "Point", "coordinates": [144.973764093248, -37.8126586635357]}}, {"type": "Feature", "properties": {"sensor_id": "7848", "sensor_type": "parking", "street_id": "20891", "method": "point_in_polygon", "dist_m": 0.0}, "geometry": {"type": "Point", "coordinates": [144.976715573221, -37.8097282794331]}}, {"type": "Feature", "properties": {"sensor_id": "10714", "sensor_type": "parking", "street_id": "20980", "method": "point_in_polygon", "dist_m": 0.0}, "geometry": {"type": "Point", "coordinates": [144.951166201685, -37.8035143221162]}}, {"type": "Feature", "properties": {"sensor_id": "22429", "sensor_type": "parking", "street_id": "22308", "method": "point_in_polygon", "dist_m": 0.0}, "geometry": {"type": "Point", "coordinates": [144.981209775688, -37.8450884323001]}}, {"type": "Feature", "properties": {"sensor_id": "9471", "sensor_type": "parking", "street_id": "20931", "method": "point_in_polygon", "dist_m": 0.0}, "geometry": {"type": "Point", "coordinates": [144.957206980832, -37.8057855569906]}}, {"type": "Feature", "properties": {"sensor_id": "9615", "sensor_type": "parking", "street_id": "20992", "method": "point_in_polygon", "dist_m": 0.0}, "geometry": {"type": "Point", "coordinates": [144.949344371806, -37.8040942760985]}}, {"type": "Feature", "properties": {"sensor_id": "65816", "sensor_type": "parking", "street_id": "20034", "method": "point_in_polygon", "dist_m": 0.0}, "geometry": {"type": "Point", "coordinates": [144.971046621009, -37.8085721362466]}}, {"type": "Feature", "properties": {"sensor_id": "61151", "sensor_type": "parking", "street_id": "20127", "method": "point_in_polygon", "dist_m": 0.0}, "geometry": {"type": "Point", "coordinates": [144.964921724647, -37.817096607957]}}, {"type": "Feature", "properties": {"sensor_id": "10730", "sensor_type": "parking", "street_id": "20980", "method": "point_in_polygon", "dist_m": 0.0}, "geometry": {"type": "Point", "coordinates": [144.950924024665, -37.8048772427359]}}, {"type": "Feature", "properties": {"sensor_id": "24049", "sensor_type": "parking", "street_id": "20939", "method": "point_in_polygon", "dist_m": 0.0}, "geometry": {"type": "Point", "coordinates": [144.957266775997, -37.8048021695325]}}, {"type": "Feature", "properties": {"sensor_id": "9437", "sensor_type": "parking", "street_id": "20939", "method": "point_in_polygon", "dist_m": 0.0}, "geometry": {"type": "Point", "coordinates": [144.957387259442, -37.804766396595]}}, {"type": "Feature", "properties": {"sensor_id": "24047", "sensor_type": "parking", "street_id": "20939", "method": "point_in_polygon", "dist_m": 0.0}, "geometry": {"type": "Point", "coordinates": [144.957257793087, -37.8048530279192]}}, {"type": "Feature", "properties": {"sensor_id": "7865", "sensor_type": "parking", "street_id": "20893", "method": "point_in_polygon", "dist_m": 0.0}, "geometry": {"type": "Point", "coordinates": [144.979524796235, -37.8100413386509]}}, {"type": "Feature", "properties": {"sensor_id": "10972", "sensor_type": "parking", "street_id": "21859", "method": "point_in_polygon", "dist_m": 0.0}, "geometry": {"type": "Point", "coordinates": [144.977744222508, -37.8139937270403]}}, {"type": "Feature", "properties": {"sensor_id": "11486", "sensor_type": "parking", "street_id": "20990", "method": "point_in_polygon", "dist_m": 0.0}, "geometry": {"type": "Point", "coordinates": [144.950627799994, -37.8031633287101]}}, {"type": "Feature", "properties": {"sensor_id": "12123", "sensor_type": "parking", "street_id": "21180", "method": "point_in_polygon", "dist_m": 0.0}, "geometry": {"type": "Point", "coordinates": [144.951841732407, -37.798812759318]}}, {"type": "Feature", "properties": {"sensor_id": "50675", "sensor_type": "parking", "street_id": "21847", "method": "point_in_polygon", "dist_m": 0.0}, "geometry": {"type": "Point", "coordinates": [144.971529227566, -37.808349502527]}}, {"type": "Feature", "properties": {"sensor_id": "11480", "sensor_type": "parking", "street_id": "20990", "method": "point_in_polygon", "dist_m": 0.0}, "geometry": {"type": "Point", "coordinates": [144.950410417745, -37.8031395917957]}}, {"type": "Feature", "properties": {"sensor_id": "12285", "sensor_type": "parking", "street_id": "21141", "method": "point_in_polygon", "dist_m": 0.0}, "geometry": {"type": "Point", "coordinates": [144.952810772862, -37.7995969805244]}}, {"type": "Feature", "properties": {"sensor_id": "16427", "sensor_type": "parking", "street_id": "20898", "method": "point_in_polygon", "dist_m": 0.0}, "geometry": {"type": "Point", "coordinates": [144.981217556057, -37.8100814505682]}}, {"type": "Feature", "properties": {"sensor_id": "17493", "sensor_type": "parking", "street_id": "23293", "method": "point_in_polygon", "dist_m": 0.0}, "geometry": {"type": "Point", "coordinates": [144.942534510023, -37.8202921650768]}}, {"type": "Feature", "properties": {"sensor_id": "9441", "sensor_type": "parking", "street_id": "20939", "method": "point_in_polygon", "dist_m": 0.0}, "geometry": {"type": "Point", "coordinates": [144.957362494497, -37.8049064734546]}}, {"type": "Feature", "properties": {"sensor_id": "13422", "sensor_type": "parking", "street_id": "22913", "method": "point_in_polygon", "dist_m": 0.0}, "geometry": {"type": "Point", "coordinates": [144.944388300467, -37.8196648961308]}}, {"type": "Feature", "properties": {"sensor_id": "61830", "sensor_type": "parking", "street_id": "20108", "method": "point_in_polygon", "dist_m": 0.0}, "geometry": {"type": "Point", "coordinates": [144.969422727058, -37.8145674589891]}}, {"type": "Feature", "properties": {"sensor_id": "23983", "sensor_type": "parking", "street_id": "20939", "method": "point_in_polygon", "dist_m": 0.0}, "geometry": {"type": "Point", "coordinates": [144.957455718018, -37.8043791456657]}}, {"type": "Feature", "properties": {"sensor_id": "66454", "sensor_type": "parking", "street_id": "20046", "method": "point_in_polygon", "dist_m": 0.0}, "geometry": {"type": "Point", "coordinates": [144.955118941283, -37.8132627217667]}}, {"type": "Feature", "properties": {"sensor_id": "51923", "sensor_type": "parking", "street_id": "20149", "method": "point_in_polygon", "dist_m": 0.0}, "geometry": {"type": "Point", "coordinates": [144.96847414382, -37.8136235592444]}}, {"type": "Feature", "properties": {"sensor_id": "9599", "sensor_type": "parking", "street_id": "20992", "method": "point_in_polygon", "dist_m": 0.0}, "geometry": {"type": "Point", "coordinates": [144.949247549749, -37.804653929416]}}, {"type": "Feature", "properties": {"sensor_id": "16408", "sensor_type": "parking", "street_id": "20897", "method": "point_in_polygon", "dist_m": 0.0}, "geometry": {"type": "Point", "coordinates": [144.981155133232, -37.8093741503087]}}, {"type": "Feature", "properties": {"sensor_id": "9582", "sensor_type": "parking", "street_id": "20992", "method": "point_in_polygon", "dist_m": 0.0}, "geometry": {"type": "Point", "coordinates": [144.94953399789, -37.8041033890098]}}, {"type": "Feature", "properties": {"sensor_id": "9588", "sensor_type": "parking", "street_id": "20992", "method": "point_in_polygon", "dist_m": 0.0}, "geometry": {"type": "Point", "coordinates": [144.949589000409, -37.8037913162429]}}, {"type": "Feature", "properties": {"sensor_id": "10724", "sensor_type": "parking", "street_id": "20980", "method": "point_in_polygon", "dist_m": 0.0}, "geometry": {"type": "Point", "coordinates": [144.950999909482, -37.8044542549244]}}, {"type": "Feature", "properties": {"sensor_id": "14999", "sensor_type": "parking", "street_id": "23224", "method": "point_in_polygon", "dist_m": 0.0}, "geometry": {"type": "Point", "coordinates": [144.937512451684, -37.8143871192429]}}, {"type": "Feature", "properties": {"sensor_id": "13409", "sensor_type": "parking", "street_id": "22913", "method": "point_in_polygon", "dist_m": 0.0}, "geometry": {"type": "Point", "coordinates": [144.944014505642, -37.8197737309735]}}, {"type": "Feature", "properties": {"sensor_id": "50640", "sensor_type": "parking", "street_id": "21848", "method": "point_in_polygon", "dist_m": 0.0}, "geometry": {"type": "Point", "coordinates": [144.971799320803, -37.8086601799789]}}, {"type": "Feature", "properties": {"sensor_id": "11484", "sensor_type": "parking", "street_id": "20990", "method": "point_in_polygon", "dist_m": 0.0}, "geometry": {"type": "Point", "coordinates": [144.950531632247, -37.8031529540546]}}, {"type": "Feature", "properties": {"sensor_id": "11492", "sensor_type": "parking", "street_id": "20990", "method": "point_in_polygon", "dist_m": 0.0}, "geometry": {"type": "Point", "coordinates": [144.950813360206, -37.8031841926096]}}, {"type": "Feature", "properties": {"sensor_id": "65865", "sensor_type": "parking", "street_id": "20034", "method": "point_in_polygon", "dist_m": 0.0}, "geometry": {"type": "Point", "coordinates": [144.969701548105, -37.8090128280604]}}, {"type": "Feature", "properties": {"sensor_id": "9423", "sensor_type": "parking", "street_id": "20939", "method": "point_in_polygon", "dist_m": 0.0}, "geometry": {"type": "Point", "coordinates": [144.957442156902, -37.8044559067605]}}, {"type": "Feature", "properties": {"sensor_id": "16434", "sensor_type": "parking", "street_id": "20898", "method": "point_in_polygon", "dist_m": 0.0}, "geometry": {"type": "Point", "coordinates": [144.981956293723, -37.8101636242206]}}, {"type": "Feature", "properties": {"sensor_id": "65868", "sensor_type": "parking", "street_id": "20034", "method": "point_in_polygon", "dist_m": 0.0}, "geometry": {"type": "Point", "coordinates": [144.969510643979, -37.8090684585535]}}, {"type": "Feature", "properties": {"sensor_id": "11482", "sensor_type": "parking", "street_id": "20990", "method": "point_in_polygon", "dist_m": 0.0}, "geometry": {"type": "Point", "coordinates": [144.950468513811, -37.8031461056294]}}, {"type": "Feature", "properties": {"sensor_id": "11490", "sensor_type": "parking", "street_id": "20990", "method": "point_in_polygon", "dist_m": 0.0}, "geometry": {"type": "Point", "coordinates": [144.950756005239, -37.8031777390701]}}, {"type": "Feature", "properties": {"sensor_id": "9425", "sensor_type": "parking", "street_id": "20939", "method": "point_in_polygon", "dist_m": 0.0}, "geometry": {"type": "Point", "coordinates": [144.957433007029, -37.8045076513317]}}, {"type": "Feature", "properties": {"sensor_id": "9590", "sensor_type": "parking", "street_id": "20992", "method": "point_in_polygon", "dist_m": 0.0}, "geometry": {"type": "Point", "coordinates": [144.949617186068, -37.8036314610405]}}, {"type": "Feature", "properties": {"sensor_id": "9436", "sensor_type": "parking", "street_id": "20939", "method": "point_in_polygon", "dist_m": 0.0}, "geometry": {"type": "Point", "coordinates": [144.957391836352, -37.8047405211214]}}, {"type": "Feature", "properties": {"sensor_id": "65866", "sensor_type": "parking", "street_id": "20034", "method": "point_in_polygon", "dist_m": 0.0}, "geometry": {"type": "Point", "coordinates": [144.969637589003, -37.809031466879]}}, {"type": "Feature", "properties": {"sensor_id": "10713", "sensor_type": "parking", "street_id": "20980", "method": "point_in_polygon", "dist_m": 0.0}, "geometry": {"type": "Point", "coordinates": [144.951099102737, -37.8038937331117]}}, {"type": "Feature", "properties": {"sensor_id": "11177", "sensor_type": "parking", "street_id": "20998", "method": "point_in_polygon", "dist_m": 0.0}, "geometry": {"type": "Point", "coordinates": [144.94820900068, -37.8031915167553]}}, {"type": "Feature", "properties": {"sensor_id": "11488", "sensor_type": "parking", "street_id": "20990", "method": "point_in_polygon", "dist_m": 0.0}, "geometry": {"type": "Point", "coordinates": [144.950693604966, -37.803170737863]}}, {"type": "Feature", "properties": {"sensor_id": "21753", "sensor_type": "parking", "street_id": "22311", "method": "point_in_polygon", "dist_m": 0.0}, "geometry": {"type": "Point", "coordinates": [144.983666307823, -37.8481467132499]}}, {"type": "Feature", "properties": {"sensor_id": "21685", "sensor_type": "parking", "street_id": "22311", "method": "point_in_polygon", "dist_m": 0.0}, "geometry": {"type": "Point", "coordinates": [144.983441626024, -37.8482301374311]}}, {"type": "Feature", "properties": {"sensor_id": "21534", "sensor_type": "parking", "street_id": "22203", "method": "point_in_polygon", "dist_m": 0.0}, "geometry": {"type": "Point", "coordinates": [144.978029341756, -37.8351068260427]}}, {"type": "Feature", "properties": {"sensor_id": "61829", "sensor_type": "parking", "street_id": "20108", "method": "point_in_polygon", "dist_m": 0.0}, "geometry": {"type": "Point", "coordinates": [144.96949846915, -37.8145455562427]}}, {"type": "Feature", "properties": {"sensor_id": "9583", "sensor_type": "parking", "street_id": "20992", "method": "point_in_polygon", "dist_m": 0.0}, "geometry": {"type": "Point", "coordinates": [144.949543128487, -37.8040516041852]}}, {"type": "Feature", "properties": {"sensor_id": "65466", "sensor_type": "parking", "street_id": "20009", "method": "point_in_polygon", "dist_m": 0.0}, "geometry": {"type": "Point", "coordinates": [144.960410531046, -37.8128081672847]}}, {"type": "Feature", "properties": {"sensor_id": "13429", "sensor_type": "parking", "street_id": "22913", "method": "point_in_polygon", "dist_m": 0.0}, "geometry": {"type": "Point", "coordinates": [144.943223699487, -37.8199123442302]}}, {"type": "Feature", "properties": {"sensor_id": "25115", "sensor_type": "parking", "street_id": "22622", "method": "point_in_polygon", "dist_m": 0.0}, "geometry": {"type": "Point", "coordinates": [144.983168532568, -37.8119485243274]}}, {"type": "Feature", "properties": {"sensor_id": "10720", "sensor_type": "parking", "street_id": "20980", "method": "point_in_polygon", "dist_m": 0.0}, "geometry": {"type": "Point", "coordinates": [144.951043316534, -37.8042093246761]}}, {"type": "Feature", "properties": {"sensor_id": "10728", "sensor_type": "parking", "street_id": "20980", "method": "point_in_polygon", "dist_m": 0.0}, "geometry": {"type": "Point", "coordinates": [144.950962078105, -37.8046686002905]}}, {"type": "Feature", "properties": {"sensor_id": "63240", "sensor_type": "parking", "street_id": "20103", "method": "point_in_polygon", "dist_m": 0.0}, "geometry": {"type": "Point", "coordinates": [144.957664576789, -37.8169672378573]}}, {"type": "Feature", "properties": {"sensor_id": "50519", "sensor_type": "parking", "street_id": "20206", "method": "point_in_polygon", "dist_m": 0.0}, "geometry": {"type": "Point", "coordinates": [144.972297539473, -37.8100158925579]}}, {"type": "Feature", "properties": {"sensor_id": "65241", "sensor_type": "parking", "street_id": "20005", "method": "point_in_polygon", "dist_m": 0.0}, "geometry": {"type": "Point", "coordinates": [144.966717980421, -37.811068808708]}}, {"type": "Feature", "properties": {"sensor_id": "13022", "sensor_type": "parking", "street_id": "22801", "method": "point_in_polygon", "dist_m": 0.0}, "geometry": {"type": "Point", "coordinates": [144.944941703255, -37.8195965958085]}}, {"type": "Feature", "properties": {"sensor_id": "21493", "sensor_type": "parking", "street_id": "23225", "method": "point_in_polygon", "dist_m": 0.0}, "geometry": {"type": "Point", "coordinates": [144.939251778358, -37.8132659917995]}}, {"type": "Feature", "properties": {"sensor_id": "50011", "sensor_type": "parking", "street_id": "20196", "method": "point_in_polygon", "dist_m": 0.0}, "geometry": {"type": "Point", "coordinates": [144.974796811124, -37.8148948237572]}}, {"type": "Feature", "properties": {"sensor_id": "64460", "sensor_type": "parking", "street_id": "20053", "method": "point_in_polygon", "dist_m": 0.0}, "geometry": {"type": "Point", "coordinates": [144.966102227029, -37.8122970980464]}}, {"type": "Feature", "properties": {"sensor_id": "10743", "sensor_type": "parking", "street_id": "20980", "method": "point_in_polygon", "dist_m": 0.0}, "geometry": {"type": "Point", "coordinates": [144.950891243003, -37.8037427965799]}}, {"type": "Feature", "properties": {"sensor_id": "12028", "sensor_type": "parking", "street_id": "21182", "method": "point_in_polygon", "dist_m": 0.0}, "geometry": {"type": "Point", "coordinates": [144.952998828583, -37.798302647582]}}, {"type": "Feature", "properties": {"sensor_id": "65956", "sensor_type": "parking", "street_id": "20036", "method": "point_in_polygon", "dist_m": 0.0}, "geometry": {"type": "Point", "coordinates": [144.968574011093, -37.8093291508233]}}, {"type": "Feature", "properties": {"sensor_id": "12029", "sensor_type": "parking", "street_id": "21182", "method": "point_in_polygon", "dist_m": 0.0}, "geometry": {"type": "Point", "coordinates": [144.953043433192, -37.798338082915]}}, {"type": "Feature", "properties": {"sensor_id": "7877", "sensor_type": "parking", "street_id": "20893", "method": "point_in_polygon", "dist_m": 0.0}, "geometry": {"type": "Point", "coordinates": [144.980337224143, -37.8101304668334]}}, {"type": "Feature", "properties": {"sensor_id": "10973", "sensor_type": "parking", "street_id": "21859", "method": "point_in_polygon", "dist_m": 0.0}, "geometry": {"type": "Point", "coordinates": [144.977735529364, -37.8140455235433]}}, {"type": "Feature", "properties": {"sensor_id": "65068", "sensor_type": "parking", "street_id": "20001", "method": "point_in_polygon", "dist_m": 0.0}, "geometry": {"type": "Point", "coordinates": [144.970246194725, -37.8099434569167]}}, {"type": "Feature", "properties": {"sensor_id": "10721", "sensor_type": "parking", "street_id": "20980", "method": "point_in_polygon", "dist_m": 0.0}, "geometry": {"type": "Point", "coordinates": [144.951027478623, -37.8042979918469]}}, {"type": "Feature", "properties": {"sensor_id": "11179", "sensor_type": "parking", "street_id": "20998", "method": "point_in_polygon", "dist_m": 0.0}, "geometry": {"type": "Point", "coordinates": [144.948188158472, -37.8033077967427]}}, {"type": "Feature", "properties": {"sensor_id": "12027", "sensor_type": "parking", "street_id": "21182", "method": "point_in_polygon", "dist_m": 0.0}, "geometry": {"type": "Point", "coordinates": [144.952956858061, -37.7982692868294]}}, {"type": "Feature", "properties": {"sensor_id": "9431", "sensor_type": "parking", "street_id": "20939", "method": "point_in_polygon", "dist_m": 0.0}, "geometry": {"type": "Point", "coordinates": [144.957410134346, -37.8046370280165]}}, {"type": "Feature", "properties": {"sensor_id": "16436", "sensor_type": "parking", "street_id": "20898", "method": "point_in_polygon", "dist_m": 0.0}, "geometry": {"type": "Point", "coordinates": [144.981821335132, -37.8101486199447]}}, {"type": "Feature", "properties": {"sensor_id": "17708", "sensor_type": "parking", "street_id": "23378", "method": "point_in_polygon", "dist_m": 0.0}, "geometry": {"type": "Point", "coordinates": [144.939733364891, -37.8202607700643]}}, {"type": "Feature", "properties": {"sensor_id": "11178", "sensor_type": "parking", "street_id": "20998", "method": "point_in_polygon", "dist_m": 0.0}, "geometry": {"type": "Point", "coordinates": [144.948198265458, -37.8032514892148]}}, {"type": "Feature", "properties": {"sensor_id": "54420", "sensor_type": "parking", "street_id": "20175", "method": "point_in_polygon", "dist_m": 0.0}, "geometry": {"type": "Point", "coordinates": [144.960055026013, -37.8133213600036]}}, {"type": "Feature", "properties": {"sensor_id": "9432", "sensor_type": "parking", "street_id": "20939", "method": "point_in_polygon", "dist_m": 0.0}, "geometry": {"type": "Point", "coordinates": [144.95740555866, -37.8046629020617]}}, {"type": "Feature", "properties": {"sensor_id": "57923", "sensor_type": "parking", "street_id": "20069", "method": "point_in_polygon", "dist_m": 0.0}, "geometry": {"type": "Point", "coordinates": [144.954555273274, -37.8196627957927]}}, {"type": "Feature", "properties": {"sensor_id": "65210", "sensor_type": "parking", "street_id": "20005", "method": "point_in_polygon", "dist_m": 0.0}, "geometry": {"type": "Point", "coordinates": [144.966761387301, -37.810868422435]}}, {"type": "Feature", "properties": {"sensor_id": "10712", "sensor_type": "parking", "street_id": "20980", "method": "point_in_polygon", "dist_m": 0.0}, "geometry": {"type": "Point", "coordinates": [144.951114844514, -37.8038045280569]}}, {"type": "Feature", "properties": {"sensor_id": "65864", "sensor_type": "parking", "street_id": "20034", "method": "point_in_polygon", "dist_m": 0.0}, "geometry": {"type": "Point", "coordinates": [144.969765507164, -37.8089941883346]}}, {"type": "Feature", "properties": {"sensor_id": "22419", "sensor_type": "parking", "street_id": "22308", "method": "point_in_polygon", "dist_m": 0.0}, "geometry": {"type": "Point", "coordinates": [144.980516257987, -37.8449972177743]}}, {"type": "Feature", "properties": {"sensor_id": "9439", "sensor_type": "parking", "street_id": "20939", "method": "point_in_polygon", "dist_m": 0.0}, "geometry": {"type": "Point", "coordinates": [144.957378269114, -37.8048172467688]}}, {"type": "Feature", "properties": {"sensor_id": "25015", "sensor_type": "parking", "street_id": "20889", "method": "point_in_polygon", "dist_m": 0.0}, "geometry": {"type": "Point", "coordinates": [144.974502819505, -37.8094863873714]}}, {"type": "Feature", "properties": {"sensor_id": "65058", "sensor_type": "parking", "street_id": "20001", "method": "point_in_polygon", "dist_m": 0.0}, "geometry": {"type": "Point", "coordinates": [144.970732200318, -37.8098010755026]}}, {"type": "Feature", "properties": {"sensor_id": "23980", "sensor_type": "parking", "street_id": "20939", "method": "point_in_polygon", "dist_m": 0.0}, "geometry": {"type": "Point", "coordinates": [144.957329656455, -37.8044461642205]}}, {"type": "Feature", "properties": {"sensor_id": "21689", "sensor_type": "parking", "street_id": "22311", "method": "point_in_polygon", "dist_m": 0.0}, "geometry": {"type": "Point", "coordinates": [144.98317210363, -37.8481972749262]}}, {"type": "Feature", "properties": {"sensor_id": "65147", "sensor_type": "parking", "street_id": "20003", "method": "point_in_polygon", "dist_m": 0.0}, "geometry": {"type": "Point", "coordinates": [144.968585041517, -37.8104299931883]}}, {"type": "Feature", "properties": {"sensor_id": "10969", "sensor_type": "parking", "street_id": "21859", "method": "point_in_polygon", "dist_m": 0.0}, "geometry": {"type": "Point", "coordinates": [144.97777011423, -37.8138383293514]}}, {"type": "Feature", "properties": {"sensor_id": "21510", "sensor_type": "parking", "street_id": "22199", "method": "point_in_polygon", "dist_m": 0.0}, "geometry": {"type": "Point", "coordinates": [144.975347490498, -37.834756692734]}}, {"type": "Feature", "properties": {"sensor_id": "50626", "sensor_type": "parking", "street_id": "21847", "method": "point_in_polygon", "dist_m": 0.0}, "geometry": {"type": "Point", "coordinates": [144.971702186239, -37.8081810004862]}}, {"type": "Feature", "properties": {"sensor_id": "25011", "sensor_type": "parking", "street_id": "20889", "method": "point_in_polygon", "dist_m": 0.0}, "geometry": {"type": "Point", "coordinates": [144.974055422154, -37.8094373593116]}}, {"type": "Feature", "properties": {"sensor_id": "50666", "sensor_type": "parking", "street_id": "21848", "method": "point_in_polygon", "dist_m": 0.0}, "geometry": {"type": "Point", "coordinates": [144.971801319799, -37.8089365385728]}}, {"type": "Feature", "properties": {"sensor_id": "9612", "sensor_type": "parking", "street_id": "20992", "method": "point_in_polygon", "dist_m": 0.0}, "geometry": {"type": "Point", "coordinates": [144.949372838862, -37.8039327800082]}}, {"type": "Feature", "properties": {"sensor_id": "65810", "sensor_type": "parking", "street_id": "20034", "method": "point_in_polygon", "dist_m": 0.0}, "geometry": {"type": "Point", "coordinates": [144.971432408265, -37.808461045458]}}, {"type": "Feature", "properties": {"sensor_id": "65836", "sensor_type": "parking", "street_id": "20034", "method": "point_in_polygon", "dist_m": 0.0}, "geometry": {"type": "Point", "coordinates": [144.969737588294, -37.8089525716381]}}, {"type": "Feature", "properties": {"sensor_id": "55313", "sensor_type": "parking", "street_id": "21521", "method": "point_in_polygon", "dist_m": 0.0}, "geometry": {"type": "Point", "coordinates": [144.957505390486, -37.8111944977792]}}, {"type": "Feature", "properties": {"sensor_id": "9426", "sensor_type": "parking", "street_id": "20939", "method": "point_in_polygon", "dist_m": 0.0}, "geometry": {"type": "Point", "coordinates": [144.957428432964, -37.8045335254084]}}, {"type": "Feature", "properties": {"sensor_id": "13442", "sensor_type": "parking", "street_id": "22913", "method": "point_in_polygon", "dist_m": 0.0}, "geometry": {"type": "Point", "coordinates": [144.944122671151, -37.8196506152696]}}, {"type": "Feature", "properties": {"sensor_id": "65838", "sensor_type": "parking", "street_id": "20034", "method": "point_in_polygon", "dist_m": 0.0}, "geometry": {"type": "Point", "coordinates": [144.969609589461, -37.808989664208]}}, {"type": "Feature", "properties": {"sensor_id": "10723", "sensor_type": "parking", "street_id": "20980", "method": "point_in_polygon", "dist_m": 0.0}, "geometry": {"type": "Point", "coordinates": [144.951009365744, -37.8044006660168]}}, {"type": "Feature", "properties": {"sensor_id": "12283", "sensor_type": "parking", "street_id": "21141", "method": "point_in_polygon", "dist_m": 0.0}, "geometry": {"type": "Point", "coordinates": [144.952714330944, -37.7996728268199]}}, {"type": "Feature", "properties": {"sensor_id": "9442", "sensor_type": "parking", "street_id": "20939", "method": "point_in_polygon", "dist_m": 0.0}, "geometry": {"type": "Point", "coordinates": [144.957358021357, -37.8049317836442]}}, {"type": "Feature", "properties": {"sensor_id": "9438", "sensor_type": "parking", "street_id": "20939", "method": "point_in_polygon", "dist_m": 0.0}, "geometry": {"type": "Point", "coordinates": [144.957382686994, -37.8047922702176]}}, {"type": "Feature", "properties": {"sensor_id": "7486", "sensor_type": "parking", "street_id": "20891", "method": "point_in_polygon", "dist_m": 0.0}, "geometry": {"type": "Point", "coordinates": [144.977390627918, -37.8098016990201]}}, {"type": "Feature", "properties": {"sensor_id": "7488", "sensor_type": "parking", "street_id": "20891", "method": "point_in_polygon", "dist_m": 0.0}, "geometry": {"type": "Point", "coordinates": [144.977748228679, -37.8098405905053]}}, {"type": "Feature", "properties": {"sensor_id": "21759", "sensor_type": "parking", "street_id": "22311", "method": "point_in_polygon", "dist_m": 0.0}, "geometry": {"type": "Point", "coordinates": [144.984248311917, -37.8482178946234]}}, {"type": "Feature", "properties": {"sensor_id": "62735", "sensor_type": "parking", "street_id": "20093", "method": "point_in_polygon", "dist_m": 0.0}, "geometry": {"type": "Point", "coordinates": [144.968946269507, -37.8136439813338]}}, {"type": "Feature", "properties": {"sensor_id": "50817", "sensor_type": "parking", "street_id": "20139", "method": "point_in_polygon", "dist_m": 0.0}, "geometry": {"type": "Point", "coordinates": [144.97177166123, -37.8145032914909]}}, {"type": "Feature", "properties": {"sensor_id": "62868", "sensor_type": "parking", "street_id": "20095", "method": "point_in_polygon", "dist_m": 0.0}, "geometry": {"type": "Point", "coordinates": [144.967972439469, -37.813971109346]}}, {"type": "Feature", "properties": {"sensor_id": "51448", "sensor_type": "parking", "street_id": "20145", "method": "point_in_polygon", "dist_m": 0.0}, "geometry": {"type": "Point", "coordinates": [144.968884857388, -37.808410974718]}}, {"type": "Feature", "properties": {"sensor_id": "13449", "sensor_type": "parking", "street_id": "22801", "method": "point_in_polygon", "dist_m": 0.0}, "geometry": {"type": "Point", "coordinates": [144.94473774153, -37.8195646308649]}}, {"type": "Feature", "properties": {"sensor_id": "50651", "sensor_type": "parking", "street_id": "21847", "method": "point_in_polygon", "dist_m": 0.0}, "geometry": {"type": "Point", "coordinates": [144.971623830767, -37.8082781629713]}}, {"type": "Feature", "properties": {"sensor_id": "16406", "sensor_type": "parking", "street_id": "20897", "method": "point_in_polygon", "dist_m": 0.0}, "geometry": {"type": "Point", "coordinates": [144.98114510788, -37.809434897244]}}, {"type": "Feature", "properties": {"sensor_id": "65052", "sensor_type": "parking", "street_id": "20001", "method": "point_in_polygon", "dist_m": 0.0}, "geometry": {"type": "Point", "coordinates": [144.970996383107, -37.8097237641504]}}, {"type": "Feature", "properties": {"sensor_id": "55317", "sensor_type": "parking", "street_id": "21521", "method": "point_in_polygon", "dist_m": 0.0}, "geometry": {"type": "Point", "coordinates": [144.957442729078, -37.8110580344535]}}, {"type": "Feature", "properties": {"sensor_id": "21524", "sensor_type": "parking", "street_id": "22201", "method": "point_in_polygon", "dist_m": 0.0}, "geometry": {"type": "Point", "coordinates": [144.977274135859, -37.8350082532003]}}, {"type": "Feature", "properties": {"sensor_id": "7856", "sensor_type": "parking", "street_id": "20893", "method": "point_in_polygon", "dist_m": 0.0}, "geometry": {"type": "Point", "coordinates": [144.978920066099, -37.809974709994]}}, {"type": "Feature", "properties": {"sensor_id": "50669", "sensor_type": "parking", "street_id": "21848", "method": "point_in_polygon", "dist_m": 0.0}, "geometry": {"type": "Point", "coordinates": [144.97173126985, -37.8087849079552]}}, {"type": "Feature", "properties": {"sensor_id": "13407", "sensor_type": "parking", "street_id": "22913", "method": "point_in_polygon", "dist_m": 0.0}, "geometry": {"type": "Point", "coordinates": [144.943945416895, -37.8197938494495]}}, {"type": "Feature", "properties": {"sensor_id": "9405", "sensor_type": "parking", "street_id": "20939", "method": "point_in_polygon", "dist_m": 0.0}, "geometry": {"type": "Point", "coordinates": [144.957359920402, -37.804198188138]}}, {"type": "Feature", "properties": {"sensor_id": "12121", "sensor_type": "parking", "street_id": "21180", "method": "point_in_polygon", "dist_m": 0.0}, "geometry": {"type": "Point", "coordinates": [144.951911756769, -37.7987581633127]}}, {"type": "Feature", "properties": {"sensor_id": "7499", "sensor_type": "parking", "street_id": "20891", "method": "point_in_polygon", "dist_m": 0.0}, "geometry": {"type": "Point", "coordinates": [144.97735347189, -37.8096628064783]}}, {"type": "Feature", "properties": {"sensor_id": "21537", "sensor_type": "parking", "street_id": "22203", "method": "point_in_polygon", "dist_m": 0.0}, "geometry": {"type": "Point", "coordinates": [144.978222175469, -37.8351319939211]}}, {"type": "Feature", "properties": {"sensor_id": "21964", "sensor_type": "parking", "street_id": "21122", "method": "point_in_polygon", "dist_m": 0.0}, "geometry": {"type": "Point", "coordinates": [144.955298851965, -37.8012550331176]}}, {"type": "Feature", "properties": {"sensor_id": "18204", "sensor_type": "parking", "street_id": "23225", "method": "point_in_polygon", "dist_m": 0.0}, "geometry": {"type": "Point", "coordinates": [144.939241954606, -37.8134458449611]}}, {"type": "Feature", "properties": {"sensor_id": "13410", "sensor_type": "parking", "street_id": "22913", "method": "point_in_polygon", "dist_m": 0.0}, "geometry": {"type": "Point", "coordinates": [144.944047444577, -37.8197639185757]}}, {"type": "Feature", "properties": {"sensor_id": "65817", "sensor_type": "parking", "street_id": "20034", "method": "point_in_polygon", "dist_m": 0.0}, "geometry": {"type": "Point", "coordinates": [144.970988002012, -37.80858923081]}}, {"type": "Feature", "properties": {"sensor_id": "25017", "sensor_type": "parking", "street_id": "20889", "method": "point_in_polygon", "dist_m": 0.0}, "geometry": {"type": "Point", "coordinates": [144.975275070869, -37.8095738754276]}}, {"type": "Feature", "properties": {"sensor_id": "12124", "sensor_type": "parking", "street_id": "21180", "method": "point_in_polygon", "dist_m": 0.0}, "geometry": {"type": "Point", "coordinates": [144.951820359938, -37.7988295383489]}}, {"type": "Feature", "properties": {"sensor_id": "7857", "sensor_type": "parking", "street_id": "20893", "method": "point_in_polygon", "dist_m": 0.0}, "geometry": {"type": "Point", "coordinates": [144.978987194211, -37.8099821410275]}}, {"type": "Feature", "properties": {"sensor_id": "21751", "sensor_type": "parking", "street_id": "22311", "method": "point_in_polygon", "dist_m": 0.0}, "geometry": {"type": "Point", "coordinates": [144.983534359419, -37.8481305759816]}}, {"type": "Feature", "properties": {"sensor_id": "62338", "sensor_type": "parking", "street_id": "20118", "method": "point_in_polygon", "dist_m": 0.0}, "geometry": {"type": "Point", "coordinates": [144.95868189335, -37.8178535828337]}}, {"type": "Feature", "properties": {"sensor_id": "16415", "sensor_type": "parking", "street_id": "20897", "method": "point_in_polygon", "dist_m": 0.0}, "geometry": {"type": "Point", "coordinates": [144.981106329108, -37.8096688772405]}}, {"type": "Feature", "properties": {"sensor_id": "23971", "sensor_type": "parking", "street_id": "20939", "method": "point_in_polygon", "dist_m": 0.0}, "geometry": {"type": "Point", "coordinates": [144.957289233194, -37.8046750241758]}}, {"type": "Feature", "properties": {"sensor_id": "21515", "sensor_type": "parking", "street_id": "22199", "method": "point_in_polygon", "dist_m": 0.0}, "geometry": {"type": "Point", "coordinates": [144.975687575203, -37.8348010807865]}}, {"type": "Feature", "properties": {"sensor_id": "16413", "sensor_type": "parking", "street_id": "20897", "method": "point_in_polygon", "dist_m": 0.0}, "geometry": {"type": "Point", "coordinates": [144.981098659767, -37.8097153267077]}}, {"type": "Feature", "properties": {"sensor_id": "61711", "sensor_type": "parking", "street_id": "20106", "method": "point_in_polygon", "dist_m": 0.0}, "geometry": {"type": "Point", "coordinates": [144.972692123467, -37.8136065660395]}}, {"type": "Feature", "properties": {"sensor_id": "12298", "sensor_type": "parking", "street_id": "21141", "method": "point_in_polygon", "dist_m": 0.0}, "geometry": {"type": "Point", "coordinates": [144.953336745567, -37.7994393911869]}}, {"type": "Feature", "properties": {"sensor_id": "7862", "sensor_type": "parking", "street_id": "20893", "method": "point_in_polygon", "dist_m": 0.0}, "geometry": {"type": "Point", "coordinates": [144.97932283004, -37.8100192091832]}}, {"type": "Feature", "properties": {"sensor_id": "16419", "sensor_type": "parking", "street_id": "20897", "method": "point_in_polygon", "dist_m": 0.0}, "geometry": {"type": "Point", "coordinates": [144.981088769961, -37.8097751824186]}}, {"type": "Feature", "properties": {"sensor_id": "50637", "sensor_type": "parking", "street_id": "21848", "method": "point_in_polygon", "dist_m": 0.0}, "geometry": {"type": "Point", "coordinates": [144.971842791873, -37.8087548084304]}}, {"type": "Feature", "properties": {"sensor_id": "50639", "sensor_type": "parking", "street_id": "21848", "method": "point_in_polygon", "dist_m": 0.0}, "geometry": {"type": "Point", "coordinates": [144.971820985769, -37.8087073539747]}}, {"type": "Feature", "properties": {"sensor_id": "65140", "sensor_type": "parking", "street_id": "20003", "method": "point_in_polygon", "dist_m": 0.0}, "geometry": {"type": "Point", "coordinates": [144.968823664679, -37.8103601518859]}}, {"type": "Feature", "properties": {"sensor_id": "65834", "sensor_type": "parking", "street_id": "20034", "method": "point_in_polygon", "dist_m": 0.0}, "geometry": {"type": "Point", "coordinates": [144.969865565962, -37.8089154515401]}}, {"type": "Feature", "properties": {"sensor_id": "21748", "sensor_type": "parking", "street_id": "22311", "method": "point_in_polygon", "dist_m": 0.0}, "geometry": {"type": "Point", "coordinates": [144.983332232111, -37.8481058546679]}}, {"type": "Feature", "properties": {"sensor_id": "21679", "sensor_type": "parking", "street_id": "22311", "method": "point_in_polygon", "dist_m": 0.0}, "geometry": {"type": "Point", "coordinates": [144.983037344824, -37.8481808432636]}}, {"type": "Feature", "properties": {"sensor_id": "21681", "sensor_type": "parking", "street_id": "22311", "method": "point_in_polygon", "dist_m": 0.0}, "geometry": {"type": "Point", "coordinates": [144.982902581531, -37.8481644118599]}}, {"type": "Feature", "properties": {"sensor_id": "13451", "sensor_type": "parking", "street_id": "22801", "method": "point_in_polygon", "dist_m": 0.0}, "geometry": {"type": "Point", "coordinates": [144.944800991461, -37.8195463298491]}}, {"type": "Feature", "properties": {"sensor_id": "14857", "sensor_type": "parking", "street_id": "22686", "method": "point_in_polygon", "dist_m": 0.0}, "geometry": {"type": "Point", "coordinates": [144.956375879951, -37.8009934710212]}}, {"type": "Feature", "properties": {"sensor_id": "13469", "sensor_type": "parking", "street_id": "22801", "method": "point_in_polygon", "dist_m": 0.0}, "geometry": {"type": "Point", "coordinates": [144.945691710608, -37.8192888043651]}}, {"type": "Feature", "properties": {"sensor_id": "62759", "sensor_type": "parking", "street_id": "20093", "method": "point_in_polygon", "dist_m": 0.0}, "geometry": {"type": "Point", "coordinates": [144.968940064388, -37.8136964583224]}}, {"type": "Feature", "properties": {"sensor_id": "7841", "sensor_type": "parking", "street_id": "20891", "method": "point_in_polygon", "dist_m": 0.0}, "geometry": {"type": "Point", "coordinates": [144.977188111572, -37.8097796741034]}}, {"type": "Feature", "properties": {"sensor_id": "7859", "sensor_type": "parking", "street_id": "20893", "method": "point_in_polygon", "dist_m": 0.0}, "geometry": {"type": "Point", "coordinates": [144.979121445718, -37.8099969728444]}}, {"type": "Feature", "properties": {"sensor_id": "7866", "sensor_type": "parking", "street_id": "20893", "method": "point_in_polygon", "dist_m": 0.0}, "geometry": {"type": "Point", "coordinates": [144.979592157958, -37.8100487133411]}}, {"type": "Feature", "properties": {"sensor_id": "7860", "sensor_type": "parking", "street_id": "20893", "method": "point_in_polygon", "dist_m": 0.0}, "geometry": {"type": "Point", "coordinates": [144.979188430392, -37.8100043663087]}}, {"type": "Feature", "properties": {"sensor_id": "65853", "sensor_type": "parking", "street_id": "20034", "method": "point_in_polygon", "dist_m": 0.0}, "geometry": {"type": "Point", "coordinates": [144.970486566337, -37.808784488123]}}, {"type": "Feature", "properties": {"sensor_id": "53214", "sensor_type": "parking", "street_id": "20167", "method": "point_in_polygon", "dist_m": 0.0}, "geometry": {"type": "Point", "coordinates": [144.962552960303, -37.8126986948253]}}, {"type": "Feature", "properties": {"sensor_id": "12117", "sensor_type": "parking", "street_id": "21180", "method": "point_in_polygon", "dist_m": 0.0}, "geometry": {"type": "Point", "coordinates": [144.952000439064, -37.798688698305]}}, {"type": "Feature", "properties": {"sensor_id": "21686", "sensor_type": "parking", "street_id": "22311", "method": "point_in_polygon", "dist_m": 0.0}, "geometry": {"type": "Point", "coordinates": [144.983374245693, -37.8482219224226]}}, {"type": "Feature", "properties": {"sensor_id": "21531", "sensor_type": "parking", "street_id": "22203", "method": "point_in_polygon", "dist_m": 0.0}, "geometry": {"type": "Point", "coordinates": [144.977752623868, -37.8350707250938]}}, {"type": "Feature", "properties": {"sensor_id": "21965", "sensor_type": "parking", "street_id": "21122", "method": "point_in_polygon", "dist_m": 0.0}, "geometry": {"type": "Point", "coordinates": [144.955347136072, -37.80121690176]}}, {"type": "Feature", "properties": {"sensor_id": "14996", "sensor_type": "parking", "street_id": "23224", "method": "point_in_polygon", "dist_m": 0.0}, "geometry": {"type": "Point", "coordinates": [144.937423635144, -37.8142410288547]}}, {"type": "Feature", "properties": {"sensor_id": "16418", "sensor_type": "parking", "street_id": "20897", "method": "point_in_polygon", "dist_m": 0.0}, "geometry": {"type": "Point", "coordinates": [144.981084931868, -37.8097984057951]}}, {"type": "Feature", "properties": {"sensor_id": "16412", "sensor_type": "parking", "street_id": "20897", "method": "point_in_polygon", "dist_m": 0.0}, "geometry": {"type": "Point", "coordinates": [144.981094821681, -37.8097385527872]}}, {"type": "Feature", "properties": {"sensor_id": "24004", "sensor_type": "parking", "street_id": "23225", "method": "point_in_polygon", "dist_m": 0.0}, "geometry": {"type": "Point", "coordinates": [144.939516558641, -37.8137023057126]}}, {"type": "Feature", "properties": {"sensor_id": "13444", "sensor_type": "parking", "street_id": "22913", "method": "point_in_polygon", "dist_m": 0.0}, "geometry": {"type": "Point", "coordinates": [144.94424841015, -37.8196138520636]}}, {"type": "Feature", "properties": {"sensor_id": "66449", "sensor_type": "parking", "street_id": "20046", "method": "point_in_polygon", "dist_m": 0.0}, "geometry": {"type": "Point", "coordinates": [144.955445002968, -37.8131699827786]}}, {"type": "Feature", "properties": {"sensor_id": "13450", "sensor_type": "parking", "street_id": "22801", "method": "point_in_polygon", "dist_m": 0.0}, "geometry": {"type": "Point", "coordinates": [144.94476935934, -37.8195554773871]}}, {"type": "Feature", "properties": {"sensor_id": "7847", "sensor_type": "parking", "street_id": "20891", "method": "point_in_polygon", "dist_m": 0.0}, "geometry": {"type": "Point", "coordinates": [144.97678307816, -37.8097356213851]}}, {"type": "Feature", "properties": {"sensor_id": "7864", "sensor_type": "parking", "street_id": "20893", "method": "point_in_polygon", "dist_m": 0.0}, "geometry": {"type": "Point", "coordinates": [144.979457463924, -37.8100339483273]}}, {"type": "Feature", "properties": {"sensor_id": "7861", "sensor_type": "parking", "street_id": "20893", "method": "point_in_polygon", "dist_m": 0.0}, "geometry": {"type": "Point", "coordinates": [144.979255484571, -37.8100117935802]}}, {"type": "Feature", "properties": {"sensor_id": "65849", "sensor_type": "parking", "street_id": "20034", "method": "point_in_polygon", "dist_m": 0.0}, "geometry": {"type": "Point", "coordinates": [144.970743504142, -37.8087101991432]}}, {"type": "Feature", "properties": {"sensor_id": "50644", "sensor_type": "parking", "street_id": "21848", "method": "point_in_polygon", "dist_m": 0.0}, "geometry": {"type": "Point", "coordinates": [144.971756240898, -37.808566203933]}}, {"type": "Feature", "properties": {"sensor_id": "65047", "sensor_type": "parking", "street_id": "20001", "method": "point_in_polygon", "dist_m": 0.0}, "geometry": {"type": "Point", "coordinates": [144.971282429605, -37.8096400239362]}}, {"type": "Feature", "properties": {"sensor_id": "65038", "sensor_type": "parking", "street_id": "20001", "method": "point_in_polygon", "dist_m": 0.0}, "geometry": {"type": "Point", "coordinates": [144.971585199542, -37.8095513861463]}}, {"type": "Feature", "properties": {"sensor_id": "9586", "sensor_type": "parking", "street_id": "20992", "method": "point_in_polygon", "dist_m": 0.0}, "geometry": {"type": "Point", "coordinates": [144.949570603811, -37.8038957070583]}}, {"type": "Feature", "properties": {"sensor_id": "9598", "sensor_type": "parking", "street_id": "20992", "method": "point_in_polygon", "dist_m": 0.0}, "geometry": {"type": "Point", "coordinates": [144.949237686601, -37.804708179128]}}, {"type": "Feature", "properties": {"sensor_id": "21514", "sensor_type": "parking", "street_id": "22199", "method": "point_in_polygon", "dist_m": 0.0}, "geometry": {"type": "Point", "coordinates": [144.975619337776, -37.8347921963281]}}, {"type": "Feature", "properties": {"sensor_id": "21522", "sensor_type": "parking", "street_id": "22199", "method": "point_in_polygon", "dist_m": 0.0}, "geometry": {"type": "Point", "coordinates": [144.976161913421, -37.8348630089387]}}, {"type": "Feature", "properties": {"sensor_id": "21533", "sensor_type": "parking", "street_id": "22203", "method": "point_in_polygon", "dist_m": 0.0}, "geometry": {"type": "Point", "coordinates": [144.977889196671, -37.8350885626095]}}, {"type": "Feature", "properties": {"sensor_id": "14995", "sensor_type": "parking", "street_id": "23224", "method": "point_in_polygon", "dist_m": 0.0}, "geometry": {"type": "Point", "coordinates": [144.937394236145, -37.8141922331125]}}, {"type": "Feature", "properties": {"sensor_id": "23978", "sensor_type": "parking", "street_id": "20939", "method": "point_in_polygon", "dist_m": 0.0}, "geometry": {"type": "Point", "coordinates": [144.957320673652, -37.8044970221965]}}, {"type": "Feature", "properties": {"sensor_id": "7846", "sensor_type": "parking", "street_id": "20891", "method": "point_in_polygon", "dist_m": 0.0}, "geometry": {"type": "Point", "coordinates": [144.976850583694, -37.8097429641995]}}, {"type": "Feature", "properties": {"sensor_id": "7842", "sensor_type": "parking", "street_id": "20891", "method": "point_in_polygon", "dist_m": 0.0}, "geometry": {"type": "Point", "coordinates": [144.977120606529, -37.8097723296791]}}, {"type": "Feature", "properties": {"sensor_id": "7839", "sensor_type": "parking", "street_id": "20891", "method": "point_in_polygon", "dist_m": 0.0}, "geometry": {"type": "Point", "coordinates": [144.977458133578, -37.8098090405889]}}, {"type": "Feature", "properties": {"sensor_id": "7844", "sensor_type": "parking", "street_id": "20891", "method": "point_in_polygon", "dist_m": 0.0}, "geometry": {"type": "Point", "coordinates": [144.976985594229, -37.8097576483622]}}, {"type": "Feature", "properties": {"sensor_id": "7858", "sensor_type": "parking", "street_id": "20893", "method": "point_in_polygon", "dist_m": 0.0}, "geometry": {"type": "Point", "coordinates": [144.979054320389, -37.809989552187]}}, {"type": "Feature", "properties": {"sensor_id": "25124", "sensor_type": "parking", "street_id": "21860", "method": "point_in_polygon", "dist_m": 0.0}, "geometry": {"type": "Point", "coordinates": [144.983303078108, -37.8111481449178]}}, {"type": "Feature", "properties": {"sensor_id": "51013", "sensor_type": "parking", "street_id": "20141", "method": "point_in_polygon", "dist_m": 0.0}, "geometry": {"type": "Point", "coordinates": [144.97096261588, -37.8127583137205]}}, {"type": "Feature", "properties": {"sensor_id": "65862", "sensor_type": "parking", "street_id": "20034", "method": "point_in_polygon", "dist_m": 0.0}, "geometry": {"type": "Point", "coordinates": [144.969898164939, -37.8089555576815]}}, {"type": "Feature", "properties": {"sensor_id": "65863", "sensor_type": "parking", "street_id": "20034", "method": "point_in_polygon", "dist_m": 0.0}, "geometry": {"type": "Point", "coordinates": [144.969831542092, -37.8089749457594]}}, {"type": "Feature", "properties": {"sensor_id": "10746", "sensor_type": "parking", "street_id": "20980", "method": "point_in_polygon", "dist_m": 0.0}, "geometry": {"type": "Point", "coordinates": [144.950918243349, -37.8035841184862]}}, {"type": "Feature", "properties": {"sensor_id": "11943", "sensor_type": "parking", "street_id": "21122", "method": "point_in_polygon", "dist_m": 0.0}, "geometry": {"type": "Point", "coordinates": [144.954891352519, -37.8015766769233]}}, {"type": "Feature", "properties": {"sensor_id": "54334", "sensor_type": "parking", "street_id": "20174", "method": "point_in_polygon", "dist_m": 0.0}, "geometry": {"type": "Point", "coordinates": [144.960368524505, -37.8142836454632]}}, {"type": "Feature", "properties": {"sensor_id": "21517", "sensor_type": "parking", "street_id": "22199", "method": "point_in_polygon", "dist_m": 0.0}, "geometry": {"type": "Point", "coordinates": [144.975824285025, -37.8348189497587]}}, {"type": "Feature", "properties": {"sensor_id": "21519", "sensor_type": "parking", "street_id": "22199", "method": "point_in_polygon", "dist_m": 0.0}, "geometry": {"type": "Point", "coordinates": [144.975960425975, -37.8348367075]}}, {"type": "Feature", "properties": {"sensor_id": "61415", "sensor_type": "parking", "street_id": "20133", "method": "point_in_polygon", "dist_m": 0.0}, "geometry": {"type": "Point", "coordinates": [144.960056694958, -37.8185443794837]}}, {"type": "Feature", "properties": {"sensor_id": "13455", "sensor_type": "parking", "street_id": "22801", "method": "point_in_polygon", "dist_m": 0.0}, "geometry": {"type": "Point", "coordinates": [144.944951343818, -37.8195028182892]}}, {"type": "Feature", "properties": {"sensor_id": "23972", "sensor_type": "parking", "street_id": "20939", "method": "point_in_polygon", "dist_m": 0.0}, "geometry": {"type": "Point", "coordinates": [144.957293724053, -37.8046495951757]}}, {"type": "Feature", "properties": {"sensor_id": "21532", "sensor_type": "parking", "street_id": "22203", "method": "point_in_polygon", "dist_m": 0.0}, "geometry": {"type": "Point", "coordinates": [144.977821290403, -37.8350796721086]}}, {"type": "Feature", "properties": {"sensor_id": "7838", "sensor_type": "parking", "street_id": "20891", "method": "point_in_polygon", "dist_m": 0.0}, "geometry": {"type": "Point", "coordinates": [144.977525639266, -37.8098163830201]}}, {"type": "Feature", "properties": {"sensor_id": "7871", "sensor_type": "parking", "street_id": "20893", "method": "point_in_polygon", "dist_m": 0.0}, "geometry": {"type": "Point", "coordinates": [144.979946418922, -37.8100872531534]}}, {"type": "Feature", "properties": {"sensor_id": "7870", "sensor_type": "parking", "street_id": "20893", "method": "point_in_polygon", "dist_m": 0.0}, "geometry": {"type": "Point", "coordinates": [144.979881464719, -37.8100800720694]}}, {"type": "Feature", "properties": {"sensor_id": "7867", "sensor_type": "parking", "street_id": "20893", "method": "point_in_polygon", "dist_m": 0.0}, "geometry": {"type": "Point", "coordinates": [144.979659495943, -37.8100560599991]}}, {"type": "Feature", "properties": {"sensor_id": "25072", "sensor_type": "parking", "street_id": "21932", "method": "point_in_polygon", "dist_m": 0.0}, "geometry": {"type": "Point", "coordinates": [144.982812081519, -37.8140635751573]}}, {"type": "Feature", "properties": {"sensor_id": "25057", "sensor_type": "parking", "street_id": "21937", "method": "point_in_polygon", "dist_m": 0.0}, "geometry": {"type": "Point", "coordinates": [144.982581750589, -37.8154071168]}}, {"type": "Feature", "properties": {"sensor_id": "55315", "sensor_type": "parking", "street_id": "21521", "method": "point_in_polygon", "dist_m": 0.0}, "geometry": {"type": "Point", "coordinates": [144.957477250788, -37.8111331033448]}}, {"type": "Feature", "properties": {"sensor_id": "12115", "sensor_type": "parking", "street_id": "21180", "method": "point_in_polygon", "dist_m": 0.0}, "geometry": {"type": "Point", "coordinates": [144.952067754616, -37.7986353124636]}}, {"type": "Feature", "properties": {"sensor_id": "12286", "sensor_type": "parking", "street_id": "21141", "method": "point_in_polygon", "dist_m": 0.0}, "geometry": {"type": "Point", "coordinates": [144.952860285421, -37.7995578238911]}}, {"type": "Feature", "properties": {"sensor_id": "21749", "sensor_type": "parking", "street_id": "22311", "method": "point_in_polygon", "dist_m": 0.0}, "geometry": {"type": "Point", "coordinates": [144.983399607666, -37.8481140948404]}}, {"type": "Feature", "properties": {"sensor_id": "13462", "sensor_type": "parking", "street_id": "22801", "method": "point_in_polygon", "dist_m": 0.0}, "geometry": {"type": "Point", "coordinates": [144.945444977604, -37.8193602669285]}}, {"type": "Feature", "properties": {"sensor_id": "13472", "sensor_type": "parking", "street_id": "22801", "method": "point_in_polygon", "dist_m": 0.0}, "geometry": {"type": "Point", "coordinates": [144.945806539308, -37.8192555951489]}}, {"type": "Feature", "properties": {"sensor_id": "13464", "sensor_type": "parking", "street_id": "22801", "method": "point_in_polygon", "dist_m": 0.0}, "geometry": {"type": "Point", "coordinates": [144.945504824243, -37.8193427663794]}}, {"type": "Feature", "properties": {"sensor_id": "7490", "sensor_type": "parking", "street_id": "20891", "method": "point_in_polygon", "dist_m": 0.0}, "geometry": {"type": "Point", "coordinates": [144.97788324019, -37.8098552731984]}}, {"type": "Feature", "properties": {"sensor_id": "16429", "sensor_type": "parking", "street_id": "20898", "method": "point_in_polygon", "dist_m": 0.0}, "geometry": {"type": "Point", "coordinates": [144.981686376024, -37.8101336159853]}}, {"type": "Feature", "properties": {"sensor_id": "25096", "sensor_type": "parking", "street_id": "21902", "method": "point_in_polygon", "dist_m": 0.0}, "geometry": {"type": "Point", "coordinates": [144.982987910634, -37.8130327402771]}}, {"type": "Feature", "properties": {"sensor_id": "25068", "sensor_type": "parking", "street_id": "21932", "method": "point_in_polygon", "dist_m": 0.0}, "geometry": {"type": "Point", "coordinates": [144.98267889332, -37.8148398570868]}}, {"type": "Feature", "properties": {"sensor_id": "66455", "sensor_type": "parking", "street_id": "20046", "method": "point_in_polygon", "dist_m": 0.0}, "geometry": {"type": "Point", "coordinates": [144.955059619896, -37.8132796184675]}}, {"type": "Feature", "properties": {"sensor_id": "65861", "sensor_type": "parking", "street_id": "20034", "method": "point_in_polygon", "dist_m": 0.0}, "geometry": {"type": "Point", "coordinates": [144.969959882356, -37.8089375253616]}}, {"type": "Feature", "properties": {"sensor_id": "11944", "sensor_type": "parking", "street_id": "21122", "method": "point_in_polygon", "dist_m": 0.0}, "geometry": {"type": "Point", "coordinates": [144.954939890082, -37.8015383959026]}}, {"type": "Feature", "properties": {"sensor_id": "12116", "sensor_type": "parking", "street_id": "21180", "method": "point_in_polygon", "dist_m": 0.0}, "geometry": {"type": "Point", "coordinates": [144.952021776136, -37.7986719862219]}}, {"type": "Feature", "properties": {"sensor_id": "12288", "sensor_type": "parking", "street_id": "21141", "method": "point_in_polygon", "dist_m": 0.0}, "geometry": {"type": "Point", "coordinates": [144.952961567226, -37.7994775489188]}}, {"type": "Feature", "properties": {"sensor_id": "21523", "sensor_type": "parking", "street_id": "22201", "method": "point_in_polygon", "dist_m": 0.0}, "geometry": {"type": "Point", "coordinates": [144.977205925758, -37.8349993726628]}}, {"type": "Feature", "properties": {"sensor_id": "15091", "sensor_type": "parking", "street_id": "23311", "method": "point_in_polygon", "dist_m": 0.0}, "geometry": {"type": "Point", "coordinates": [144.943510251206, -37.8212525897465]}}, {"type": "Feature", "properties": {"sensor_id": "61416", "sensor_type": "parking", "street_id": "20133", "method": "point_in_polygon", "dist_m": 0.0}, "geometry": {"type": "Point", "coordinates": [144.9599989053, -37.8185618147806]}}, {"type": "Feature", "properties": {"sensor_id": "17377", "sensor_type": "parking", "street_id": "20897", "method": "point_in_polygon", "dist_m": 0.0}, "geometry": {"type": "Point", "coordinates": [144.980933531543, -37.8096638369028]}}, {"type": "Feature", "properties": {"sensor_id": "65811", "sensor_type": "parking", "street_id": "20034", "method": "point_in_polygon", "dist_m": 0.0}, "geometry": {"type": "Point", "coordinates": [144.971371013724, -37.8084786762325]}}, {"type": "Feature", "properties": {"sensor_id": "18622", "sensor_type": "parking", "street_id": "23311", "method": "point_in_polygon", "dist_m": 0.0}, "geometry": {"type": "Point", "coordinates": [144.942951353584, -37.8211191646428]}}, {"type": "Feature", "properties": {"sensor_id": "7487", "sensor_type": "parking", "street_id": "20891", "method": "point_in_polygon", "dist_m": 0.0}, "geometry": {"type": "Point", "coordinates": [144.977680723508, -37.8098332490915]}}, {"type": "Feature", "properties": {"sensor_id": "25092", "sensor_type": "parking", "street_id": "21902", "method": "point_in_polygon", "dist_m": 0.0}, "geometry": {"type": "Point", "coordinates": [144.98295281778, -37.8132391551553]}}, {"type": "Feature", "properties": {"sensor_id": "25091", "sensor_type": "parking", "street_id": "21902", "method": "point_in_polygon", "dist_m": 0.0}, "geometry": {"type": "Point", "coordinates": [144.982944072779, -37.8132904574628]}}, {"type": "Feature", "properties": {"sensor_id": "21756", "sensor_type": "parking", "street_id": "22311", "method": "point_in_polygon", "dist_m": 0.0}, "geometry": {"type": "Point", "coordinates": [144.984048990885, -37.8481935177341]}}, {"type": "Feature", "properties": {"sensor_id": "11945", "sensor_type": "parking", "street_id": "21122", "method": "point_in_polygon", "dist_m": 0.0}, "geometry": {"type": "Point", "coordinates": [144.95498770307, -37.8015006245957]}}, {"type": "Feature", "properties": {"sensor_id": "24052", "sensor_type": "parking", "street_id": "20939", "method": "point_in_polygon", "dist_m": 0.0}, "geometry": {"type": "Point", "coordinates": [144.957280251466, -37.8047258821453]}}, {"type": "Feature", "properties": {"sensor_id": "12122", "sensor_type": "parking", "street_id": "21180", "method": "point_in_polygon", "dist_m": 0.0}, "geometry": {"type": "Point", "coordinates": [144.951863463606, -37.79879569378]}}, {"type": "Feature", "properties": {"sensor_id": "12284", "sensor_type": "parking", "street_id": "21141", "method": "point_in_polygon", "dist_m": 0.0}, "geometry": {"type": "Point", "coordinates": [144.952760939784, -37.799636210664]}}, {"type": "Feature", "properties": {"sensor_id": "21758", "sensor_type": "parking", "street_id": "22311", "method": "point_in_polygon", "dist_m": 0.0}, "geometry": {"type": "Point", "coordinates": [144.984183742967, -37.8482099981306]}}, {"type": "Feature", "properties": {"sensor_id": "21526", "sensor_type": "parking", "street_id": "22201", "method": "point_in_polygon", "dist_m": 0.0}, "geometry": {"type": "Point", "coordinates": [144.977410611606, -37.8350260803823]}}, {"type": "Feature", "properties": {"sensor_id": "12114", "sensor_type": "parking", "street_id": "21180", "method": "point_in_polygon", "dist_m": 0.0}, "geometry": {"type": "Point", "coordinates": [144.952087666612, -37.7986198854965]}}, {"type": "Feature", "properties": {"sensor_id": "18690", "sensor_type": "parking", "street_id": "22686", "method": "point_in_polygon", "dist_m": 0.0}, "geometry": {"type": "Point", "coordinates": [144.956331800713, -37.8009583729127]}}, {"type": "Feature", "properties": {"sensor_id": "7872", "sensor_type": "parking", "street_id": "20893", "method": "point_in_polygon", "dist_m": 0.0}, "geometry": {"type": "Point", "coordinates": [144.980011373979, -37.8100944162157]}}, {"type": "Feature", "properties": {"sensor_id": "9628", "sensor_type": "parking", "street_id": "20994", "method": "point_in_polygon", "dist_m": 0.0}, "geometry": {"type": "Point", "coordinates": [144.948459137983, -37.8049546592147]}}, {"type": "Feature", "properties": {"sensor_id": "21518", "sensor_type": "parking", "street_id": "22199", "method": "point_in_polygon", "dist_m": 0.0}, "geometry": {"type": "Point", "coordinates": [144.975892718941, -37.8348278673079]}}, {"type": "Feature", "properties": {"sensor_id": "21516", "sensor_type": "parking", "street_id": "22199", "method": "point_in_polygon", "dist_m": 0.0}, "geometry": {"type": "Point", "coordinates": [144.975755855658, -37.8348100082895]}}, {"type": "Feature", "properties": {"sensor_id": "50652", "sensor_type": "parking", "street_id": "21847", "method": "point_in_polygon", "dist_m": 0.0}, "geometry": {"type": "Point", "coordinates": [144.971613628367, -37.8082561651152]}}, {"type": "Feature", "properties": {"sensor_id": "21687", "sensor_type": "parking", "street_id": "22311", "method": "point_in_polygon", "dist_m": 0.0}, "geometry": {"type": "Point", "coordinates": [144.983306865355, -37.8482137064752]}}, {"type": "Feature", "properties": {"sensor_id": "21535", "sensor_type": "parking", "street_id": "22203", "method": "point_in_polygon", "dist_m": 0.0}, "geometry": {"type": "Point", "coordinates": [144.978093272799, -37.8351151907721]}}, {"type": "Feature", "properties": {"sensor_id": "63621", "sensor_type": "parking", "street_id": "20080", "method": "point_in_polygon", "dist_m": 0.0}, "geometry": {"type": "Point", "coordinates": [144.966988982922, -37.8130781739076]}}, {"type": "Feature", "properties": {"sensor_id": "66424", "sensor_type": "parking", "street_id": "20046", "method": "point_in_polygon", "dist_m": 0.0}, "geometry": {"type": "Point", "coordinates": [144.955293858973, -37.8131628019361]}}, {"type": "Feature", "properties": {"sensor_id": "13454", "sensor_type": "parking", "street_id": "22801", "method": "point_in_polygon", "dist_m": 0.0}, "geometry": {"type": "Point", "coordinates": [144.94492009023, -37.8195118847238]}}, {"type": "Feature", "properties": {"sensor_id": "54431", "sensor_type": "parking", "street_id": "20175", "method": "point_in_polygon", "dist_m": 0.0}, "geometry": {"type": "Point", "coordinates": [144.960083521922, -37.8136598014285]}}, {"type": "Feature", "properties": {"sensor_id": "17482", "sensor_type": "parking", "street_id": "23293", "method": "point_in_polygon", "dist_m": 0.0}, "geometry": {"type": "Point", "coordinates": [144.941720389501, -37.8203497432648]}}, {"type": "Feature", "properties": {"sensor_id": "13459", "sensor_type": "parking", "street_id": "22801", "method": "point_in_polygon", "dist_m": 0.0}, "geometry": {"type": "Point", "coordinates": [144.945077955096, -37.8194662214748]}}, {"type": "Feature", "properties": {"sensor_id": "57220", "sensor_type": "parking", "street_id": "20194", "method": "point_in_polygon", "dist_m": 0.0}, "geometry": {"type": "Point", "coordinates": [144.954552978027, -37.8135598603255]}}, {"type": "Feature", "properties": {"sensor_id": "51618", "sensor_type": "parking", "street_id": "20146", "method": "point_in_polygon", "dist_m": 0.0}, "geometry": {"type": "Point", "coordinates": [144.969674888753, -37.8159589156747]}}, {"type": "Feature", "properties": {"sensor_id": "24046", "sensor_type": "parking", "street_id": "20939", "method": "point_in_polygon", "dist_m": 0.0}, "geometry": {"type": "Point", "coordinates": [144.957253300018, -37.8048784564364]}}, {"type": "Feature", "properties": {"sensor_id": "17710", "sensor_type": "parking", "street_id": "23378", "method": "point_in_polygon", "dist_m": 0.0}, "geometry": {"type": "Point", "coordinates": [144.939602685543, -37.8202294519685]}}, {"type": "Feature", "properties": {"sensor_id": "12113", "sensor_type": "parking", "street_id": "21180", "method": "point_in_polygon", "dist_m": 0.0}, "geometry": {"type": "Point", "coordinates": [144.952107633023, -37.7986042860825]}}, {"type": "Feature", "properties": {"sensor_id": "13400", "sensor_type": "parking", "street_id": "22913", "method": "point_in_polygon", "dist_m": 0.0}, "geometry": {"type": "Point", "coordinates": [144.943364697514, -37.8199604371199]}}, {"type": "Feature", "properties": {"sensor_id": "25056", "sensor_type": "parking", "street_id": "21937", "method": "point_in_polygon", "dist_m": 0.0}, "geometry": {"type": "Point", "coordinates": [144.982572892431, -37.8154586473345]}}, {"type": "Feature", "properties": {"sensor_id": "18614", "sensor_type": "parking", "street_id": "22956", "method": "point_in_polygon", "dist_m": 0.0}, "geometry": {"type": "Point", "coordinates": [144.944617174746, -37.8213401703151]}}, {"type": "Feature", "properties": {"sensor_id": "25064", "sensor_type": "parking", "street_id": "21937", "method": "point_in_polygon", "dist_m": 0.0}, "geometry": {"type": "Point", "coordinates": [144.982643699871, -37.8150451994866]}}, {"type": "Feature", "properties": {"sensor_id": "17497", "sensor_type": "parking", "street_id": "23293", "method": "point_in_polygon", "dist_m": 0.0}, "geometry": {"type": "Point", "coordinates": [144.942423740063, -37.8201459355549]}}, {"type": "Feature", "properties": {"sensor_id": "57645", "sensor_type": "parking", "street_id": "21518", "method": "point_in_polygon", "dist_m": 0.0}, "geometry": {"type": "Point", "coordinates": [144.952586536723, -37.8098906355965]}}, {"type": "Feature", "properties": {"sensor_id": "18632", "sensor_type": "parking", "street_id": "23311", "method": "point_in_polygon", "dist_m": 0.0}, "geometry": {"type": "Point", "coordinates": [144.943788841776, -37.8211419322772]}}, {"type": "Feature", "properties": {"sensor_id": "10719", "sensor_type": "parking", "street_id": "20980", "method": "point_in_polygon", "dist_m": 0.0}, "geometry": {"type": "Point", "coordinates": [144.951051853193, -37.8041603163737]}}, {"type": "Feature", "properties": {"sensor_id": "25063", "sensor_type": "parking", "street_id": "21937", "method": "point_in_polygon", "dist_m": 0.0}, "geometry": {"type": "Point", "coordinates": [144.982634835409, -37.815097107416]}}, {"type": "Feature", "properties": {"sensor_id": "10716", "sensor_type": "parking", "street_id": "20980", "method": "point_in_polygon", "dist_m": 0.0}, "geometry": {"type": "Point", "coordinates": [144.951123529986, -37.8037557079552]}}, {"type": "Feature", "properties": {"sensor_id": "50642", "sensor_type": "parking", "street_id": "21848", "method": "point_in_polygon", "dist_m": 0.0}, "geometry": {"type": "Point", "coordinates": [144.971777783509, -37.8086131983167]}}, {"type": "Feature", "properties": {"sensor_id": "25110", "sensor_type": "parking", "street_id": "22622", "method": "point_in_polygon", "dist_m": 0.0}, "geometry": {"type": "Point", "coordinates": [144.983125482815, -37.8122070994258]}}, {"type": "Feature", "properties": {"sensor_id": "24044", "sensor_type": "parking", "street_id": "20939", "method": "point_in_polygon", "dist_m": 0.0}, "geometry": {"type": "Point", "coordinates": [144.957244318741, -37.8049293139399]}}, {"type": "Feature", "properties": {"sensor_id": "62869", "sensor_type": "parking", "street_id": "20095", "method": "point_in_polygon", "dist_m": 0.0}, "geometry": {"type": "Point", "coordinates": [144.9679074727, -37.8139902679656]}}, {"type": "Feature", "properties": {"sensor_id": "21536", "sensor_type": "parking", "street_id": "22203", "method": "point_in_polygon", "dist_m": 0.0}, "geometry": {"type": "Point", "coordinates": [144.978157462576, -37.8351236100223]}}, {"type": "Feature", "properties": {"sensor_id": "17718", "sensor_type": "parking", "street_id": "23378", "method": "point_in_polygon", "dist_m": 0.0}, "geometry": {"type": "Point", "coordinates": [144.939695993639, -37.8203289841409]}}, {"type": "Feature", "properties": {"sensor_id": "20640", "sensor_type": "parking", "street_id": "20896", "method": "point_in_polygon", "dist_m": 0.0}, "geometry": {"type": "Point", "coordinates": [144.978322277912, -37.8093470842136]}}, {"type": "Feature", "properties": {"sensor_id": "25125", "sensor_type": "parking", "street_id": "21860", "method": "point_in_polygon", "dist_m": 0.0}, "geometry": {"type": "Point", "coordinates": [144.983311755586, -37.8110954815107]}}, {"type": "Feature", "properties": {"sensor_id": "13394", "sensor_type": "parking", "street_id": "22913", "method": "point_in_polygon", "dist_m": 0.0}, "geometry": {"type": "Point", "coordinates": [144.943159961671, -37.8200199784242]}}, {"type": "Feature", "properties": {"sensor_id": "61619", "sensor_type": "parking", "street_id": "20137", "method": "point_in_polygon", "dist_m": 0.0}, "geometry": {"type": "Point", "coordinates": [144.955862478263, -37.819698386193]}}, {"type": "Feature", "properties": {"sensor_id": "13399", "sensor_type": "parking", "street_id": "22913", "method": "point_in_polygon", "dist_m": 0.0}, "geometry": {"type": "Point", "coordinates": [144.943298455707, -37.8199797032865]}}, {"type": "Feature", "properties": {"sensor_id": "51820", "sensor_type": "parking", "street_id": "20148", "method": "point_in_polygon", "dist_m": 0.0}, "geometry": {"type": "Point", "coordinates": [144.968754477066, -37.8139600625086]}}, {"type": "Feature", "properties": {"sensor_id": "12119", "sensor_type": "parking", "street_id": "21180", "method": "point_in_polygon", "dist_m": 0.0}, "geometry": {"type": "Point", "coordinates": [144.951956440387, -37.79872316191]}}, {"type": "Feature", "properties": {"sensor_id": "62756", "sensor_type": "parking", "street_id": "20093", "method": "point_in_polygon", "dist_m": 0.0}, "geometry": {"type": "Point", "coordinates": [144.969128976906, -37.8136411447015]}}, {"type": "Feature", "properties": {"sensor_id": "25058", "sensor_type": "parking", "street_id": "21937", "method": "point_in_polygon", "dist_m": 0.0}, "geometry": {"type": "Point", "coordinates": [144.982590652882, -37.8153552017121]}}, {"type": "Feature", "properties": {"sensor_id": "10745", "sensor_type": "parking", "street_id": "20980", "method": "point_in_polygon", "dist_m": 0.0}, "geometry": {"type": "Point", "coordinates": [144.950909485504, -37.8036353732676]}}, {"type": "Feature", "properties": {"sensor_id": "9454", "sensor_type": "parking", "street_id": "20931", "method": "point_in_polygon", "dist_m": 0.0}, "geometry": {"type": "Point", "coordinates": [144.957297731234, -37.8052723540739]}}, {"type": "Feature", "properties": {"sensor_id": "25070", "sensor_type": "parking", "street_id": "21932", "method": "point_in_polygon", "dist_m": 0.0}, "geometry": {"type": "Point", "coordinates": [144.982696737171, -37.8147357548339]}}, {"type": "Feature", "properties": {"sensor_id": "21527", "sensor_type": "parking", "street_id": "22201", "method": "point_in_polygon", "dist_m": 0.0}, "geometry": {"type": "Point", "coordinates": [144.977479061232, -37.8350350131102]}}, {"type": "Feature", "properties": {"sensor_id": "25073", "sensor_type": "parking", "street_id": "21932", "method": "point_in_polygon", "dist_m": 0.0}, "geometry": {"type": "Point", "coordinates": [144.982803166701, -37.8141155613986]}}, {"type": "Feature", "properties": {"sensor_id": "25059", "sensor_type": "parking", "street_id": "21937", "method": "point_in_polygon", "dist_m": 0.0}, "geometry": {"type": "Point", "coordinates": [144.9825994578, -37.8153036109795]}}, {"type": "Feature", "properties": {"sensor_id": "58014", "sensor_type": "parking", "street_id": "20434", "method": "point_in_polygon", "dist_m": 0.0}, "geometry": {"type": "Point", "coordinates": [144.954131310888, -37.8176125951871]}}, {"type": "Feature", "properties": {"sensor_id": "62758", "sensor_type": "parking", "street_id": "20093", "method": "point_in_polygon", "dist_m": 0.0}, "geometry": {"type": "Point", "coordinates": [144.969001059079, -37.8136785095313]}}, {"type": "Feature", "properties": {"sensor_id": "25083", "sensor_type": "parking", "street_id": "21932", "method": "point_in_polygon", "dist_m": 0.0}, "geometry": {"type": "Point", "coordinates": [144.982714648194, -37.8146315981765]}}, {"type": "Feature", "properties": {"sensor_id": "10742", "sensor_type": "parking", "street_id": "20980", "method": "point_in_polygon", "dist_m": 0.0}, "geometry": {"type": "Point", "coordinates": [144.950882111821, -37.8037966973758]}}, {"type": "Feature", "properties": {"sensor_id": "10732", "sensor_type": "parking", "street_id": "20980", "method": "point_in_polygon", "dist_m": 0.0}, "geometry": {"type": "Point", "coordinates": [144.950906010298, -37.8049790677275]}}, {"type": "Feature", "properties": {"sensor_id": "9451", "sensor_type": "parking", "street_id": "20931", "method": "point_in_polygon", "dist_m": 0.0}, "geometry": {"type": "Point", "coordinates": [144.957307043072, -37.8052197250746]}}, {"type": "Feature", "properties": {"sensor_id": "25126", "sensor_type": "parking", "street_id": "21860", "method": "point_in_polygon", "dist_m": 0.0}, "geometry": {"type": "Point", "coordinates": [144.983320111667, -37.8110445932939]}}, {"type": "Feature", "properties": {"sensor_id": "10711", "sensor_type": "parking", "street_id": "20980", "method": "point_in_polygon", "dist_m": 0.0}, "geometry": {"type": "Point", "coordinates": [144.951174248066, -37.8034690921692]}}, {"type": "Feature", "properties": {"sensor_id": "13468", "sensor_type": "parking", "street_id": "22801", "method": "point_in_polygon", "dist_m": 0.0}, "geometry": {"type": "Point", "coordinates": [144.945658934112, -37.8192982521932]}}, {"type": "Feature", "properties": {"sensor_id": "63623", "sensor_type": "parking", "street_id": "20080", "method": "point_in_polygon", "dist_m": 0.0}, "geometry": {"type": "Point", "coordinates": [144.966860132298, -37.8131160614428]}}, {"type": "Feature", "properties": {"sensor_id": "63141", "sensor_type": "parking", "street_id": "20101", "method": "point_in_polygon", "dist_m": 0.0}, "geometry": {"type": "Point", "coordinates": [144.959862727287, -37.8163403981799]}}, {"type": "Feature", "properties": {"sensor_id": "12120", "sensor_type": "parking", "street_id": "21180", "method": "point_in_polygon", "dist_m": 0.0}, "geometry": {"type": "Point", "coordinates": [144.951934329026, -37.7987404814148]}}, {"type": "Feature", "properties": {"sensor_id": "13463", "sensor_type": "parking", "street_id": "22801", "method": "point_in_polygon", "dist_m": 0.0}, "geometry": {"type": "Point", "coordinates": [144.945474342868, -37.8193516294348]}}, {"type": "Feature", "properties": {"sensor_id": "25103", "sensor_type": "parking", "street_id": "22622", "method": "point_in_polygon", "dist_m": 0.0}, "geometry": {"type": "Point", "coordinates": [144.983065600594, -37.8125702757984]}}, {"type": "Feature", "properties": {"sensor_id": "25061", "sensor_type": "parking", "street_id": "21937", "method": "point_in_polygon", "dist_m": 0.0}, "geometry": {"type": "Point", "coordinates": [144.982617010265, -37.815200987059]}}, {"type": "Feature", "properties": {"sensor_id": "25079", "sensor_type": "parking", "street_id": "21932", "method": "point_in_polygon", "dist_m": 0.0}, "geometry": {"type": "Point", "coordinates": [144.982749963394, -37.8144256808231]}}, {"type": "Feature", "properties": {"sensor_id": "25078", "sensor_type": "parking", "street_id": "21932", "method": "point_in_polygon", "dist_m": 0.0}, "geometry": {"type": "Point", "coordinates": [144.982758847964, -37.8143739659485]}}, {"type": "Feature", "properties": {"sensor_id": "25111", "sensor_type": "parking", "street_id": "22622", "method": "point_in_polygon", "dist_m": 0.0}, "geometry": {"type": "Point", "coordinates": [144.983134245422, -37.8121548559123]}}, {"type": "Feature", "properties": {"sensor_id": "61626", "sensor_type": "parking", "street_id": "20137", "method": "point_in_polygon", "dist_m": 0.0}, "geometry": {"type": "Point", "coordinates": [144.955410990282, -37.8198270219203]}}, {"type": "Feature", "properties": {"sensor_id": "13428", "sensor_type": "parking", "street_id": "22913", "method": "point_in_polygon", "dist_m": 0.0}, "geometry": {"type": "Point", "coordinates": [144.943159718511, -37.8199309505226]}}, {"type": "Feature", "properties": {"sensor_id": "13465", "sensor_type": "parking", "street_id": "22801", "method": "point_in_polygon", "dist_m": 0.0}, "geometry": {"type": "Point", "coordinates": [144.945560484015, -37.8193265814539]}}, {"type": "Feature", "properties": {"sensor_id": "62757", "sensor_type": "parking", "street_id": "20093", "method": "point_in_polygon", "dist_m": 0.0}, "geometry": {"type": "Point", "coordinates": [144.969064822329, -37.8136598375073]}}, {"type": "Feature", "properties": {"sensor_id": "25123", "sensor_type": "parking", "street_id": "21860", "method": "point_in_polygon", "dist_m": 0.0}, "geometry": {"type": "Point", "coordinates": [144.98329466847, -37.8111992608715]}}, {"type": "Feature", "properties": {"sensor_id": "10726", "sensor_type": "parking", "street_id": "20980", "method": "point_in_polygon", "dist_m": 0.0}, "geometry": {"type": "Point", "coordinates": [144.950981019585, -37.8045614254773]}}, {"type": "Feature", "properties": {"sensor_id": "15090", "sensor_type": "parking", "street_id": "23311", "method": "point_in_polygon", "dist_m": 0.0}, "geometry": {"type": "Point", "coordinates": [144.943336400501, -37.8210335785813]}}, {"type": "Feature", "properties": {"sensor_id": "13431", "sensor_type": "parking", "street_id": "22913", "method": "point_in_polygon", "dist_m": 0.0}, "geometry": {"type": "Point", "coordinates": [144.943351661928, -37.8198751297466]}}, {"type": "Feature", "properties": {"sensor_id": "25007", "sensor_type": "parking", "street_id": "20889", "method": "point_in_polygon", "dist_m": 0.0}, "geometry": {"type": "Point", "coordinates": [144.973771864355, -37.8094067310917]}}, {"type": "Feature", "properties": {"sensor_id": "25055", "sensor_type": "parking", "street_id": "21937", "method": "point_in_polygon", "dist_m": 0.0}, "geometry": {"type": "Point", "coordinates": [144.982564034654, -37.8155105817468]}}, {"type": "Feature", "properties": {"sensor_id": "65072", "sensor_type": "parking", "street_id": "20001", "method": "point_in_polygon", "dist_m": 0.0}, "geometry": {"type": "Point", "coordinates": [144.970107474212, -37.8099839996128]}}, {"type": "Feature", "properties": {"sensor_id": "10725", "sensor_type": "parking", "street_id": "20980", "method": "point_in_polygon", "dist_m": 0.0}, "geometry": {"type": "Point", "coordinates": [144.950990466648, -37.8045077821828]}}, {"type": "Feature", "properties": {"sensor_id": "25062", "sensor_type": "parking", "street_id": "21937", "method": "point_in_polygon", "dist_m": 0.0}, "geometry": {"type": "Point", "coordinates": [144.982625946172, -37.8151489331192]}}, {"type": "Feature", "properties": {"sensor_id": "57219", "sensor_type": "parking", "street_id": "20194", "method": "point_in_polygon", "dist_m": 0.0}, "geometry": {"type": "Point", "coordinates": [144.95457531698, -37.8136082828937]}}, {"type": "Feature", "properties": {"sensor_id": "23970", "sensor_type": "parking", "street_id": "20939", "method": "point_in_polygon", "dist_m": 0.0}, "geometry": {"type": "Point", "coordinates": [144.957284743467, -37.8047004531558]}}, {"type": "Feature", "properties": {"sensor_id": "25077", "sensor_type": "parking", "street_id": "21932", "method": "point_in_polygon", "dist_m": 0.0}, "geometry": {"type": "Point", "coordinates": [144.982767785175, -37.8143218562297]}}, {"type": "Feature", "properties": {"sensor_id": "25076", "sensor_type": "parking", "street_id": "21932", "method": "point_in_polygon", "dist_m": 0.0}, "geometry": {"type": "Point", "coordinates": [144.982776646851, -37.8142701085037]}}, {"type": "Feature", "properties": {"sensor_id": "60139", "sensor_type": "parking", "street_id": "20210", "method": "point_in_polygon", "dist_m": 0.0}, "geometry": {"type": "Point", "coordinates": [144.971397897835, -37.8163965242579]}}, {"type": "Feature", "properties": {"sensor_id": "17712", "sensor_type": "parking", "street_id": "23378", "method": "point_in_polygon", "dist_m": 0.0}, "geometry": {"type": "Point", "coordinates": [144.939322074969, -37.8201621288502]}}, {"type": "Feature", "properties": {"sensor_id": "24039", "sensor_type": "parking", "street_id": "20931", "method": "point_in_polygon", "dist_m": 0.0}, "geometry": {"type": "Point", "coordinates": [144.957189603006, -37.8052456166303]}}, {"type": "Feature", "properties": {"sensor_id": "25112", "sensor_type": "parking", "street_id": "22622", "method": "point_in_polygon", "dist_m": 0.0}, "geometry": {"type": "Point", "coordinates": [144.983142778933, -37.8121035023951]}}, {"type": "Feature", "properties": {"sensor_id": "20632", "sensor_type": "parking", "street_id": "21860", "method": "point_in_polygon", "dist_m": 0.0}, "geometry": {"type": "Point", "coordinates": [144.983577460935, -37.8109464134373]}}, {"type": "Feature", "properties": {"sensor_id": "25106", "sensor_type": "parking", "street_id": "22622", "method": "point_in_polygon", "dist_m": 0.0}, "geometry": {"type": "Point", "coordinates": [144.983091292571, -37.8124143425127]}}, {"type": "Feature", "properties": {"sensor_id": "25121", "sensor_type": "parking", "street_id": "21860", "method": "point_in_polygon", "dist_m": 0.0}, "geometry": {"type": "Point", "coordinates": [144.983276829467, -37.8113077352867]}}, {"type": "Feature", "properties": {"sensor_id": "25120", "sensor_type": "parking", "street_id": "21860", "method": "point_in_polygon", "dist_m": 0.0}, "geometry": {"type": "Point", "coordinates": [144.983266908723, -37.8113680974383]}}, {"type": "Feature", "properties": {"sensor_id": "25094", "sensor_type": "parking", "street_id": "21902", "method": "point_in_polygon", "dist_m": 0.0}, "geometry": {"type": "Point", "coordinates": [144.982970391122, -37.8131360675451]}}, {"type": "Feature", "properties": {"sensor_id": "25090", "sensor_type": "parking", "street_id": "21902", "method": "point_in_polygon", "dist_m": 0.0}, "geometry": {"type": "Point", "coordinates": [144.982935240511, -37.8133420813945]}}, {"type": "Feature", "properties": {"sensor_id": "25086", "sensor_type": "parking", "street_id": "21902", "method": "point_in_polygon", "dist_m": 0.0}, "geometry": {"type": "Point", "coordinates": [144.982899689276, -37.8135503751686]}}, {"type": "Feature", "properties": {"sensor_id": "20633", "sensor_type": "parking", "street_id": "21860", "method": "point_in_polygon", "dist_m": 0.0}, "geometry": {"type": "Point", "coordinates": [144.983586612416, -37.8108910241745]}}, {"type": "Feature", "properties": {"sensor_id": "20637", "sensor_type": "parking", "street_id": "21860", "method": "point_in_polygon", "dist_m": 0.0}, "geometry": {"type": "Point", "coordinates": [144.983623236132, -37.810669476517]}}, {"type": "Feature", "properties": {"sensor_id": "25130", "sensor_type": "parking", "street_id": "21860", "method": "point_in_polygon", "dist_m": 0.0}, "geometry": {"type": "Point", "coordinates": [144.98335418908, -37.8108375198034]}}, {"type": "Feature", "properties": {"sensor_id": "25122", "sensor_type": "parking", "street_id": "21860", "method": "point_in_polygon", "dist_m": 0.0}, "geometry": {"type": "Point", "coordinates": [144.983286015971, -37.8112517985001]}}, {"type": "Feature", "properties": {"sensor_id": "25093", "sensor_type": "parking", "street_id": "21902", "method": "point_in_polygon", "dist_m": 0.0}, "geometry": {"type": "Point", "coordinates": [144.982961538466, -37.8131881413676]}}, {"type": "Feature", "properties": {"sensor_id": "20634", "sensor_type": "parking", "street_id": "21860", "method": "point_in_polygon", "dist_m": 0.0}, "geometry": {"type": "Point", "coordinates": [144.983595764412, -37.8108356344501]}}, {"type": "Feature", "properties": {"sensor_id": "25089", "sensor_type": "parking", "street_id": "21902", "method": "point_in_polygon", "dist_m": 0.0}, "geometry": {"type": "Point", "coordinates": [144.982926361626, -37.8133940598475]}}, {"type": "Feature", "properties": {"sensor_id": "20635", "sensor_type": "parking", "street_id": "21860", "method": "point_in_polygon", "dist_m": 0.0}, "geometry": {"type": "Point", "coordinates": [144.983604915849, -37.8107802456345]}}, {"type": "Feature", "properties": {"sensor_id": "25129", "sensor_type": "parking", "street_id": "21860", "method": "point_in_polygon", "dist_m": 0.0}, "geometry": {"type": "Point", "coordinates": [144.983345630262, -37.8108894517396]}}, {"type": "Feature", "properties": {"sensor_id": "25097", "sensor_type": "parking", "street_id": "21902", "method": "point_in_polygon", "dist_m": 0.0}, "geometry": {"type": "Point", "coordinates": [144.982996556777, -37.8129813408029]}}, {"type": "Feature", "properties": {"sensor_id": "20636", "sensor_type": "parking", "street_id": "21860", "method": "point_in_polygon", "dist_m": 0.0}, "geometry": {"type": "Point", "coordinates": [144.983614066458, -37.8107248568076]}}, {"type": "Feature", "properties": {"sensor_id": "20631", "sensor_type": "parking", "street_id": "21860", "method": "point_in_polygon", "dist_m": 0.0}, "geometry": {"type": "Point", "coordinates": [144.983568484075, -37.8110006183457]}}, {"type": "Feature", "properties": {"sensor_id": "25127", "sensor_type": "parking", "street_id": "21860", "method": "point_in_polygon", "dist_m": 0.0}, "geometry": {"type": "Point", "coordinates": [144.983328368165, -37.8109943683877]}}, {"type": "Feature", "properties": {"sensor_id": "10718", "sensor_type": "parking", "street_id": "20980", "method": "point_in_polygon", "dist_m": 0.0}, "geometry": {"type": "Point", "coordinates": [144.951060536459, -37.8041117429072]}}, {"type": "Feature", "properties": {"sensor_id": "25128", "sensor_type": "parking", "street_id": "21860", "method": "point_in_polygon", "dist_m": 0.0}, "geometry": {"type": "Point", "coordinates": [144.983337087269, -37.810941472195]}}, {"type": "Feature", "properties": {"sensor_id": "25104", "sensor_type": "parking", "street_id": "22622", "method": "point_in_polygon", "dist_m": 0.0}, "geometry": {"type": "Point", "coordinates": [144.983074282183, -37.8125175466715]}}, {"type": "Feature", "properties": {"sensor_id": "25099", "sensor_type": "parking", "street_id": "21902", "method": "point_in_polygon", "dist_m": 0.0}, "geometry": {"type": "Point", "coordinates": [144.983014173704, -37.8128765191331]}}, {"type": "Feature", "properties": {"sensor_id": "25098", "sensor_type": "parking", "street_id": "21902", "method": "point_in_polygon", "dist_m": 0.0}, "geometry": {"type": "Point", "coordinates": [144.983005269401, -37.8129295252872]}}, {"type": "Feature", "properties": {"sensor_id": "25095", "sensor_type": "parking", "street_id": "21902", "method": "point_in_polygon", "dist_m": 0.0}, "geometry": {"type": "Point", "coordinates": [144.982979261026, -37.8130844016599]}}, {"type": "Feature", "properties": {"sensor_id": "25009", "sensor_type": "parking", "street_id": "20889", "method": "point_in_polygon", "dist_m": 0.0}, "geometry": {"type": "Point", "coordinates": [144.973913643789, -37.809422045296]}}, {"type": "Feature", "properties": {"sensor_id": "25105", "sensor_type": "parking", "street_id": "22622", "method": "point_in_polygon", "dist_m": 0.0}, "geometry": {"type": "Point", "coordinates": [144.983082677733, -37.8124666035429]}}, {"type": "Feature", "properties": {"sensor_id": "25087", "sensor_type": "parking", "street_id": "21902", "method": "point_in_polygon", "dist_m": 0.0}, "geometry": {"type": "Point", "coordinates": [144.982908564748, -37.8134980404929]}}, {"type": "Feature", "properties": {"sensor_id": "25071", "sensor_type": "parking", "street_id": "21932", "method": "point_in_polygon", "dist_m": 0.0}, "geometry": {"type": "Point", "coordinates": [144.982820954154, -37.8140121276746]}}, {"type": "Feature", "properties": {"sensor_id": "25088", "sensor_type": "parking", "street_id": "21902", "method": "point_in_polygon", "dist_m": 0.0}, "geometry": {"type": "Point", "coordinates": [144.982917486243, -37.8134461815617]}}, {"type": "Feature", "properties": {"sensor_id": "25085", "sensor_type": "parking", "street_id": "21902", "method": "point_in_polygon", "dist_m": 0.0}, "geometry": {"type": "Point", "coordinates": [144.982890995505, -37.8136010938057]}}, {"type": "Feature", "properties": {"sensor_id": "25075", "sensor_type": "parking", "street_id": "21932", "method": "point_in_polygon", "dist_m": 0.0}, "geometry": {"type": "Point", "coordinates": [144.982785404492, -37.8142189165728]}}, {"type": "Feature", "properties": {"sensor_id": "25131", "sensor_type": "parking", "street_id": "21860", "method": "point_in_polygon", "dist_m": 0.0}, "geometry": {"type": "Point", "coordinates": [144.983362727202, -37.810785564485]}}, {"type": "Feature", "properties": {"sensor_id": "25084", "sensor_type": "parking", "street_id": "21902", "method": "point_in_polygon", "dist_m": 0.0}, "geometry": {"type": "Point", "coordinates": [144.982882331921, -37.8136518138119]}}, {"type": "Feature", "properties": {"sensor_id": "25082", "sensor_type": "parking", "street_id": "21932", "method": "point_in_polygon", "dist_m": 0.0}, "geometry": {"type": "Point", "coordinates": [144.982723255847, -37.8145813466235]}}, {"type": "Feature", "properties": {"sensor_id": "25074", "sensor_type": "parking", "street_id": "21932", "method": "point_in_polygon", "dist_m": 0.0}, "geometry": {"type": "Point", "coordinates": [144.98279432339, -37.8141674586773]}}, {"type": "Feature", "properties": {"sensor_id": "25080", "sensor_type": "parking", "street_id": "21932", "method": "point_in_polygon", "dist_m": 0.0}, "geometry": {"type": "Point", "coordinates": [144.982741107807, -37.8144771530944]}}, {"type": "Feature", "properties": {"sensor_id": "61625", "sensor_type": "parking", "street_id": "20137", "method": "point_in_polygon", "dist_m": 0.0}, "geometry": {"type": "Point", "coordinates": [144.955469855261, -37.8198104543629]}}, {"type": "Feature", "properties": {"sensor_id": "25008", "sensor_type": "parking", "street_id": "20889", "method": "point_in_polygon", "dist_m": 0.0}, "geometry": {"type": "Point", "coordinates": [144.97384275407, -37.8094143879898]}}, {"type": "Feature", "properties": {"sensor_id": "25010", "sensor_type": "parking", "street_id": "20889", "method": "point_in_polygon", "dist_m": 0.0}, "geometry": {"type": "Point", "coordinates": [144.973984532969, -37.8094297025599]}}, {"type": "Feature", "properties": {"sensor_id": "25006", "sensor_type": "parking", "street_id": "20889", "method": "point_in_polygon", "dist_m": 0.0}, "geometry": {"type": "Point", "coordinates": [144.97370097467, -37.8093990741514]}}, {"type": "Feature", "properties": {"sensor_id": "57642", "sensor_type": "parking", "street_id": "21518", "method": "point_in_polygon", "dist_m": 0.0}, "geometry": {"type": "Point", "coordinates": [144.952665029216, -37.8100405743992]}}, {"type": "Feature", "properties": {"sensor_id": "54518", "sensor_type": "parking", "street_id": "20176", "method": "point_in_polygon", "dist_m": 0.0}, "geometry": {"type": "Point", "coordinates": [144.959557393256, -37.8122297777283]}}, {"type": "Feature", "properties": {"sensor_id": "13470", "sensor_type": "parking", "street_id": "22801", "method": "point_in_polygon", "dist_m": 0.0}, "geometry": {"type": "Point", "coordinates": [144.945721530879, -37.8192801826012]}}, {"type": "Feature", "properties": {"sensor_id": "61328", "sensor_type": "parking", "street_id": "20131", "method": "point_in_polygon", "dist_m": 0.0}, "geometry": {"type": "Point", "coordinates": [144.961127204789, -37.8181981140804]}}, {"type": "Feature", "properties": {"sensor_id": "11929", "sensor_type": "parking", "street_id": "21122", "method": "point_in_polygon", "dist_m": 0.0}, "geometry": {"type": "Point", "coordinates": [144.954657879762, -37.8014984041657]}}, {"type": "Feature", "properties": {"sensor_id": "11928", "sensor_type": "parking", "street_id": "21122", "method": "point_in_polygon", "dist_m": 0.0}, "geometry": {"type": "Point", "coordinates": [144.954603725503, -37.8015415445962]}}, {"type": "Feature", "properties": {"sensor_id": "11927", "sensor_type": "parking", "street_id": "21122", "method": "point_in_polygon", "dist_m": 0.0}, "geometry": {"type": "Point", "coordinates": [144.954551607955, -37.8015832394473]}}, {"type": "Feature", "properties": {"sensor_id": "25018", "sensor_type": "parking", "street_id": "20889", "method": "point_in_polygon", "dist_m": 0.0}, "geometry": {"type": "Point", "coordinates": [144.97521317651, -37.8095668692608]}}, {"type": "Feature", "properties": {"sensor_id": "9435", "sensor_type": "parking", "street_id": "20939", "method": "point_in_polygon", "dist_m": 0.0}, "geometry": {"type": "Point", "coordinates": [144.95739641052, -37.8047146475473]}}, {"type": "Feature", "properties": {"sensor_id": "25012", "sensor_type": "parking", "street_id": "20889", "method": "point_in_polygon", "dist_m": 0.0}, "geometry": {"type": "Point", "coordinates": [144.974126311936, -37.8094450156]}}, {"type": "Feature", "properties": {"sensor_id": "63423", "sensor_type": "parking", "street_id": "20065", "method": "point_in_polygon", "dist_m": 0.0}, "geometry": {"type": "Point", "coordinates": [144.971222776229, -37.8118082832871]}}, {"type": "Feature", "properties": {"sensor_id": "13474", "sensor_type": "parking", "street_id": "22801", "method": "point_in_polygon", "dist_m": 0.0}, "geometry": {"type": "Point", "coordinates": [144.945870587593, -37.8192372037357]}}, {"type": "Feature", "properties": {"sensor_id": "17714", "sensor_type": "parking", "street_id": "23378", "method": "point_in_polygon", "dist_m": 0.0}, "geometry": {"type": "Point", "coordinates": [144.939178969484, -37.8201278637652]}}, {"type": "Feature", "properties": {"sensor_id": "18559", "sensor_type": "parking", "street_id": "22819", "method": "point_in_polygon", "dist_m": 0.0}, "geometry": {"type": "Point", "coordinates": [144.951233779713, -37.8200026812899]}}, {"type": "Feature", "properties": {"sensor_id": "13467", "sensor_type": "parking", "street_id": "22801", "method": "point_in_polygon", "dist_m": 0.0}, "geometry": {"type": "Point", "coordinates": [144.945626157458, -37.8193077004722]}}, {"type": "Feature", "properties": {"sensor_id": "13476", "sensor_type": "parking", "street_id": "22801", "method": "point_in_polygon", "dist_m": 0.0}, "geometry": {"type": "Point", "coordinates": [144.945932891159, -37.8192192554592]}}, {"type": "Feature", "properties": {"sensor_id": "13473", "sensor_type": "parking", "street_id": "22801", "method": "point_in_polygon", "dist_m": 0.0}, "geometry": {"type": "Point", "coordinates": [144.94583855541, -37.8192464408463]}}, {"type": "Feature", "properties": {"sensor_id": "13466", "sensor_type": "parking", "street_id": "22801", "method": "point_in_polygon", "dist_m": 0.0}, "geometry": {"type": "Point", "coordinates": [144.945593388308, -37.8193171637228]}}, {"type": "Feature", "properties": {"sensor_id": "23974", "sensor_type": "parking", "street_id": "20939", "method": "point_in_polygon", "dist_m": 0.0}, "geometry": {"type": "Point", "coordinates": [144.957302706896, -37.8045987376643]}}, {"type": "Feature", "properties": {"sensor_id": "13475", "sensor_type": "parking", "street_id": "22801", "method": "point_in_polygon", "dist_m": 0.0}, "geometry": {"type": "Point", "coordinates": [144.945902601696, -37.8192279687294]}}, {"type": "Feature", "properties": {"sensor_id": "18554", "sensor_type": "parking", "street_id": "22819", "method": "point_in_polygon", "dist_m": 0.0}, "geometry": {"type": "Point", "coordinates": [144.951548014329, -37.8199114829423]}}, {"type": "Feature", "properties": {"sensor_id": "66459", "sensor_type": "parking", "street_id": "20046", "method": "point_in_polygon", "dist_m": 0.0}, "geometry": {"type": "Point", "coordinates": [144.954720710393, -37.8133777405834]}}, {"type": "Feature", "properties": {"sensor_id": "13421", "sensor_type": "parking", "street_id": "22913", "method": "point_in_polygon", "dist_m": 0.0}, "geometry": {"type": "Point", "coordinates": [144.94435930941, -37.8196733381685]}}, {"type": "Feature", "properties": {"sensor_id": "61514", "sensor_type": "parking", "street_id": "20135", "method": "point_in_polygon", "dist_m": 0.0}, "geometry": {"type": "Point", "coordinates": [144.958704557263, -37.818882455227]}}, {"type": "Feature", "properties": {"sensor_id": "61513", "sensor_type": "parking", "street_id": "20135", "method": "point_in_polygon", "dist_m": 0.0}, "geometry": {"type": "Point", "coordinates": [144.958765995006, -37.8188648664393]}}, {"type": "Feature", "properties": {"sensor_id": "61533", "sensor_type": "parking", "street_id": "20135", "method": "point_in_polygon", "dist_m": 0.0}, "geometry": {"type": "Point", "coordinates": [144.959150158428, -37.818853903812]}}, {"type": "Feature", "properties": {"sensor_id": "61523", "sensor_type": "parking", "street_id": "20135", "method": "point_in_polygon", "dist_m": 0.0}, "geometry": {"type": "Point", "coordinates": [144.95784547999, -37.8191316684435]}}, {"type": "Feature", "properties": {"sensor_id": "61536", "sensor_type": "parking", "street_id": "20135", "method": "point_in_polygon", "dist_m": 0.0}, "geometry": {"type": "Point", "coordinates": [144.958951742574, -37.8189114208177]}}, {"type": "Feature", "properties": {"sensor_id": "61522", "sensor_type": "parking", "street_id": "20135", "method": "point_in_polygon", "dist_m": 0.0}, "geometry": {"type": "Point", "coordinates": [144.957906338782, -37.819114005368]}}, {"type": "Feature", "properties": {"sensor_id": "61535", "sensor_type": "parking", "street_id": "20135", "method": "point_in_polygon", "dist_m": 0.0}, "geometry": {"type": "Point", "coordinates": [144.959017904692, -37.8188922557571]}}, {"type": "Feature", "properties": {"sensor_id": "61534", "sensor_type": "parking", "street_id": "20135", "method": "point_in_polygon", "dist_m": 0.0}, "geometry": {"type": "Point", "coordinates": [144.95908404503, -37.8188730766227]}}, {"type": "Feature", "properties": {"sensor_id": "61515", "sensor_type": "parking", "street_id": "20135", "method": "point_in_polygon", "dist_m": 0.0}, "geometry": {"type": "Point", "coordinates": [144.958640464171, -37.8189008195016]}}, {"type": "Feature", "properties": {"sensor_id": "61531", "sensor_type": "parking", "street_id": "20135", "method": "point_in_polygon", "dist_m": 0.0}, "geometry": {"type": "Point", "coordinates": [144.959282453886, -37.8188155656809]}}, {"type": "Feature", "properties": {"sensor_id": "61532", "sensor_type": "parking", "street_id": "20135", "method": "point_in_polygon", "dist_m": 0.0}, "geometry": {"type": "Point", "coordinates": [144.959216297022, -37.8188347386172]}}, {"type": "Feature", "properties": {"sensor_id": "61521", "sensor_type": "parking", "street_id": "20135", "method": "point_in_polygon", "dist_m": 0.0}, "geometry": {"type": "Point", "coordinates": [144.957970351988, -37.8190954335502]}}, {"type": "Feature", "properties": {"sensor_id": "15003", "sensor_type": "parking", "street_id": "23254", "method": "nearest_neighbour", "dist_m": 48.7}, "geometry": {"type": "Point", "coordinates": [144.939953603009, -37.8145902051087]}}, {"type": "Feature", "properties": {"sensor_id": "23850", "sensor_type": "parking", "street_id": null, "method": "unmatched", "dist_m": null}, "geometry": {"type": "Point", "coordinates": [144.945378333433, -37.8157392014063]}}, {"type": "Feature", "properties": {"sensor_id": "20911", "sensor_type": "parking", "street_id": null, "method": "unmatched", "dist_m": null}, "geometry": {"type": "Point", "coordinates": [144.945502974459, -37.8203753479619]}}, {"type": "Feature", "properties": {"sensor_id": "23379", "sensor_type": "parking", "street_id": "23252", "method": "nearest_neighbour", "dist_m": 22.6}, "geometry": {"type": "Point", "coordinates": [144.940768698356, -37.8132722057527]}}, {"type": "Feature", "properties": {"sensor_id": "15024", "sensor_type": "parking", "street_id": "23252", "method": "nearest_neighbour", "dist_m": 18.9}, "geometry": {"type": "Point", "coordinates": [144.941124769037, -37.8138429913418]}}, {"type": "Feature", "properties": {"sensor_id": "20614", "sensor_type": "parking", "street_id": "22913", "method": "nearest_neighbour", "dist_m": 17.4}, "geometry": {"type": "Point", "coordinates": [144.943691603245, -37.8195574529855]}}, {"type": "Feature", "properties": {"sensor_id": "23360", "sensor_type": "parking", "street_id": "23311", "method": "nearest_neighbour", "dist_m": 15.4}, "geometry": {"type": "Point", "coordinates": [144.942264624061, -37.8211528368241]}}, {"type": "Feature", "properties": {"sensor_id": "23383", "sensor_type": "parking", "street_id": "22439", "method": "nearest_neighbour", "dist_m": 48.2}, "geometry": {"type": "Point", "coordinates": [144.94064145203, -37.8130625745278]}}, {"type": "Feature", "properties": {"sensor_id": "23950", "sensor_type": "parking", "street_id": null, "method": "unmatched", "dist_m": null}, "geometry": {"type": "Point", "coordinates": [144.942413399714, -37.8139686338912]}}, {"type": "Feature", "properties": {"sensor_id": "15009", "sensor_type": "parking", "street_id": "23254", "method": "nearest_neighbour", "dist_m": 23.9}, "geometry": {"type": "Point", "coordinates": [144.939829624814, -37.8143855884254]}}, {"type": "Feature", "properties": {"sensor_id": "25368", "sensor_type": "parking", "street_id": "22439", "method": "nearest_neighbour", "dist_m": 20.0}, "geometry": {"type": "Point", "coordinates": [144.94181952287, -37.8135960269361]}}, {"type": "Feature", "properties": {"sensor_id": "25367", "sensor_type": "parking", "street_id": "22439", "method": "nearest_neighbour", "dist_m": 25.4}, "geometry": {"type": "Point", "coordinates": [144.941871830074, -37.8136299009686]}}, {"type": "Feature", "properties": {"sensor_id": "20902", "sensor_type": "parking", "street_id": null, "method": "unmatched", "dist_m": null}, "geometry": {"type": "Point", "coordinates": [144.944273042559, -37.8190659400438]}}, {"type": "Feature", "properties": {"sensor_id": "20611", "sensor_type": "parking", "street_id": "22956", "method": "nearest_neighbour", "dist_m": 41.5}, "geometry": {"type": "Point", "coordinates": [144.945415768847, -37.8209815716538]}}, {"type": "Feature", "properties": {"sensor_id": "53816", "sensor_type": "parking", "street_id": "20170", "method": "nearest_neighbour", "dist_m": 38.0}, "geometry": {"type": "Point", "coordinates": [144.962780771486, -37.818138816927]}}, {"type": "Feature", "properties": {"sensor_id": "56533", "sensor_type": "parking", "street_id": "20088", "method": "nearest_neighbour", "dist_m": 12.6}, "geometry": {"type": "Point", "coordinates": [144.957134683872, -37.8162488224645]}}, {"type": "Feature", "properties": {"sensor_id": "7851", "sensor_type": "parking", "street_id": "22619", "method": "nearest_neighbour", "dist_m": 1.3}, "geometry": {"type": "Point", "coordinates": [144.97644555131, -37.8096989103413]}}, {"type": "Feature", "properties": {"sensor_id": "20602", "sensor_type": "parking", "street_id": null, "method": "unmatched", "dist_m": null}, "geometry": {"type": "Point", "coordinates": [144.944437760712, -37.8202891940628]}}, {"type": "Feature", "properties": {"sensor_id": "16289", "sensor_type": "parking", "street_id": null, "method": "unmatched", "dist_m": null}, "geometry": {"type": "Point", "coordinates": [144.944048876288, -37.8204134682207]}}, {"type": "Feature", "properties": {"sensor_id": "56528", "sensor_type": "parking", "street_id": "20088", "method": "nearest_neighbour", "dist_m": 43.4}, "geometry": {"type": "Point", "coordinates": [144.957253159597, -37.8165102475526]}}, {"type": "Feature", "properties": {"sensor_id": "9445", "sensor_type": "parking", "street_id": "20931", "method": "nearest_neighbour", "dist_m": 7.9}, "geometry": {"type": "Point", "coordinates": [144.957330338519, -37.8050881257992]}}, {"type": "Feature", "properties": {"sensor_id": "56524", "sensor_type": "parking", "street_id": "20103", "method": "nearest_neighbour", "dist_m": 23.2}, "geometry": {"type": "Point", "coordinates": [144.957344946013, -37.8167127959916]}}, {"type": "Feature", "properties": {"sensor_id": "53815", "sensor_type": "parking", "street_id": "20170", "method": "nearest_neighbour", "dist_m": 37.9}, "geometry": {"type": "Point", "coordinates": [144.962802217635, -37.8181860928065]}}, {"type": "Feature", "properties": {"sensor_id": "25365", "sensor_type": "parking", "street_id": "22439", "method": "nearest_neighbour", "dist_m": 35.8}, "geometry": {"type": "Point", "coordinates": [144.94197276554, -37.8136956528798]}}, {"type": "Feature", "properties": {"sensor_id": "20615", "sensor_type": "parking", "street_id": "22913", "method": "nearest_neighbour", "dist_m": 24.0}, "geometry": {"type": "Point", "coordinates": [144.94366594312, -37.819501582293]}}, {"type": "Feature", "properties": {"sensor_id": "23378", "sensor_type": "parking", "street_id": "23252", "method": "nearest_neighbour", "dist_m": 16.3}, "geometry": {"type": "Point", "coordinates": [144.940799576856, -37.8133239028401]}}, {"type": "Feature", "properties": {"sensor_id": "57738", "sensor_type": "parking", "street_id": "20224", "method": "nearest_neighbour", "dist_m": 20.8}, "geometry": {"type": "Point", "coordinates": [144.95581543628, -37.8204932058308]}}, {"type": "Feature", "properties": {"sensor_id": "17339", "sensor_type": "parking", "street_id": null, "method": "unmatched", "dist_m": null}, "geometry": {"type": "Point", "coordinates": [144.940738432573, -37.8124896543011]}}, {"type": "Feature", "properties": {"sensor_id": "56526", "sensor_type": "parking", "street_id": "20103", "method": "nearest_neighbour", "dist_m": 35.0}, "geometry": {"type": "Point", "coordinates": [144.957298745688, -37.8166108434913]}}, {"type": "Feature", "properties": {"sensor_id": "53819", "sensor_type": "parking", "street_id": "20129", "method": "nearest_neighbour", "dist_m": 21.5}, "geometry": {"type": "Point", "coordinates": [144.962705971607, -37.8179737327095]}}, {"type": "Feature", "properties": {"sensor_id": "23361", "sensor_type": "parking", "street_id": "23311", "method": "nearest_neighbour", "dist_m": 10.9}, "geometry": {"type": "Point", "coordinates": [144.942242756179, -37.8211050041852]}}, {"type": "Feature", "properties": {"sensor_id": "15006", "sensor_type": "parking", "street_id": "23254", "method": "nearest_neighbour", "dist_m": 42.5}, "geometry": {"type": "Point", "coordinates": [144.939922593546, -37.814539060088]}}, {"type": "Feature", "properties": {"sensor_id": "7484", "sensor_type": "parking", "street_id": "20891", "method": "nearest_neighbour", "dist_m": 1.3}, "geometry": {"type": "Point", "coordinates": [144.976648067149, -37.8097209365616]}}, {"type": "Feature", "properties": {"sensor_id": "56529", "sensor_type": "parking", "street_id": "20088", "method": "nearest_neighbour", "dist_m": 37.4}, "geometry": {"type": "Point", "coordinates": [144.957230033034, -37.8164588482459]}}, {"type": "Feature", "properties": {"sensor_id": "23385", "sensor_type": "parking", "street_id": null, "method": "unmatched", "dist_m": null}, "geometry": {"type": "Point", "coordinates": [144.940580229887, -37.8129609725423]}}, {"type": "Feature", "properties": {"sensor_id": "7850", "sensor_type": "parking", "street_id": "22619", "method": "nearest_neighbour", "dist_m": 7.3}, "geometry": {"type": "Point", "coordinates": [144.9765130562, -37.809706253357]}}, {"type": "Feature", "properties": {"sensor_id": "20903", "sensor_type": "parking", "street_id": null, "method": "unmatched", "dist_m": null}, "geometry": {"type": "Point", "coordinates": [144.944250028676, -37.8190150517895]}}, {"type": "Feature", "properties": {"sensor_id": "15020", "sensor_type": "parking", "street_id": "23252", "method": "nearest_neighbour", "dist_m": 24.5}, "geometry": {"type": "Point", "coordinates": [144.941153181635, -37.8138896142825]}}, {"type": "Feature", "properties": {"sensor_id": "15001", "sensor_type": "parking", "street_id": "23254", "method": "nearest_neighbour", "dist_m": 36.2}, "geometry": {"type": "Point", "coordinates": [144.939891589865, -37.8144879012839]}}, {"type": "Feature", "properties": {"sensor_id": "56527", "sensor_type": "parking", "street_id": "20103", "method": "nearest_neighbour", "dist_m": 40.9}, "geometry": {"type": "Point", "coordinates": [144.95727592398, -37.8165604814897]}}, {"type": "Feature", "properties": {"sensor_id": "15022", "sensor_type": "parking", "street_id": "23252", "method": "nearest_neighbour", "dist_m": 36.3}, "geometry": {"type": "Point", "coordinates": [144.941212680203, -37.8139868542686]}}, {"type": "Feature", "properties": {"sensor_id": "56530", "sensor_type": "parking", "street_id": "20088", "method": "nearest_neighbour", "dist_m": 31.3}, "geometry": {"type": "Point", "coordinates": [144.957206349019, -37.8164068963437]}}, {"type": "Feature", "properties": {"sensor_id": "15021", "sensor_type": "parking", "street_id": "23252", "method": "nearest_neighbour", "dist_m": 30.4}, "geometry": {"type": "Point", "coordinates": [144.941182888415, -37.8139382316859]}}, {"type": "Feature", "properties": {"sensor_id": "23387", "sensor_type": "parking", "street_id": null, "method": "unmatched", "dist_m": null}, "geometry": {"type": "Point", "coordinates": [144.940522252784, -37.8128657963085]}}, {"type": "Feature", "properties": {"sensor_id": "53820", "sensor_type": "parking", "street_id": "20129", "method": "nearest_neighbour", "dist_m": 14.5}, "geometry": {"type": "Point", "coordinates": [144.962679035598, -37.8179142865292]}}, {"type": "Feature", "properties": {"sensor_id": "57743", "sensor_type": "parking", "street_id": "20137", "method": "nearest_neighbour", "dist_m": 36.6}, "geometry": {"type": "Point", "coordinates": [144.955695296023, -37.8202407871266]}}, {"type": "Feature", "properties": {"sensor_id": "53818", "sensor_type": "parking", "street_id": "20129", "method": "nearest_neighbour", "dist_m": 28.5}, "geometry": {"type": "Point", "coordinates": [144.962732907657, -37.8180331788842]}}, {"type": "Feature", "properties": {"sensor_id": "53830", "sensor_type": "parking", "street_id": "20216", "method": "nearest_neighbour", "dist_m": 30.7}, "geometry": {"type": "Point", "coordinates": [144.962820887083, -37.8183615025436]}}, {"type": "Feature", "properties": {"sensor_id": "53817", "sensor_type": "parking", "street_id": "20129", "method": "nearest_neighbour", "dist_m": 35.0}, "geometry": {"type": "Point", "coordinates": [144.962757858643, -37.8180882579674]}}, {"type": "Feature", "properties": {"sensor_id": "53827", "sensor_type": "parking", "street_id": "20216", "method": "nearest_neighbour", "dist_m": 11.5}, "geometry": {"type": "Point", "coordinates": [144.962895139982, -37.8185245775668]}}, {"type": "Feature", "properties": {"sensor_id": "56532", "sensor_type": "parking", "street_id": "20088", "method": "nearest_neighbour", "dist_m": 18.9}, "geometry": {"type": "Point", "coordinates": [144.957158688229, -37.816301770206]}}, {"type": "Feature", "properties": {"sensor_id": "22431", "sensor_type": "parking", "street_id": "21605", "method": "nearest_neighbour", "dist_m": 33.3}, "geometry": {"type": "Point", "coordinates": [144.965230461721, -37.8064688952654]}}, {"type": "Feature", "properties": {"sensor_id": "9444", "sensor_type": "parking", "street_id": "20939", "method": "nearest_neighbour", "dist_m": 9.4}, "geometry": {"type": "Point", "coordinates": [144.957335002181, -37.8050618053794]}}, {"type": "Feature", "properties": {"sensor_id": "56531", "sensor_type": "parking", "street_id": "20088", "method": "nearest_neighbour", "dist_m": 25.1}, "geometry": {"type": "Point", "coordinates": [144.957182692618, -37.8163547170424]}}, {"type": "Feature", "properties": {"sensor_id": "20916", "sensor_type": "parking", "street_id": null, "method": "unmatched", "dist_m": null}, "geometry": {"type": "Point", "coordinates": [144.945436323809, -37.8204826753021]}}, {"type": "Feature", "properties": {"sensor_id": "20901", "sensor_type": "parking", "street_id": "22913", "method": "nearest_neighbour", "dist_m": 45.9}, "geometry": {"type": "Point", "coordinates": [144.944294094057, -37.8191125880913]}}, {"type": "Feature", "properties": {"sensor_id": "23377", "sensor_type": "parking", "street_id": "23252", "method": "nearest_neighbour", "dist_m": 10.1}, "geometry": {"type": "Point", "coordinates": [144.940831616437, -37.8133765548115]}}, {"type": "Feature", "properties": {"sensor_id": "17330", "sensor_type": "parking", "street_id": null, "method": "unmatched", "dist_m": null}, "geometry": {"type": "Point", "coordinates": [144.940674670935, -37.8125137064882]}}, {"type": "Feature", "properties": {"sensor_id": "20605", "sensor_type": "parking", "street_id": null, "method": "unmatched", "dist_m": null}, "geometry": {"type": "Point", "coordinates": [144.944576077204, -37.8203709883913]}}, {"type": "Feature", "properties": {"sensor_id": "20910", "sensor_type": "parking", "street_id": null, "method": "unmatched", "dist_m": null}, "geometry": {"type": "Point", "coordinates": [144.945486270119, -37.8203116216187]}}, {"type": "Feature", "properties": {"sensor_id": "21528", "sensor_type": "parking", "street_id": "22201", "method": "nearest_neighbour", "dist_m": 2.7}, "geometry": {"type": "Point", "coordinates": [144.977547646179, -37.8350439349167]}}, {"type": "Feature", "properties": {"sensor_id": "21529", "sensor_type": "parking", "street_id": "22201", "method": "nearest_neighbour", "dist_m": 8.8}, "geometry": {"type": "Point", "coordinates": [144.977615957156, -37.8350528670962]}}, {"type": "Feature", "properties": {"sensor_id": "20622", "sensor_type": "parking", "street_id": "22801", "method": "nearest_neighbour", "dist_m": 39.4}, "geometry": {"type": "Point", "coordinates": [144.94589510189, -37.8197519022738]}}, {"type": "Feature", "properties": {"sensor_id": "15008", "sensor_type": "parking", "street_id": "23254", "method": "nearest_neighbour", "dist_m": 30.0}, "geometry": {"type": "Point", "coordinates": [144.939860607331, -37.8144367443931]}}, {"type": "Feature", "properties": {"sensor_id": "57720", "sensor_type": "parking", "street_id": "20137", "method": "nearest_neighbour", "dist_m": 14.8}, "geometry": {"type": "Point", "coordinates": [144.955663959049, -37.8200414080122]}}, {"type": "Feature", "properties": {"sensor_id": "25366", "sensor_type": "parking", "street_id": "22439", "method": "nearest_neighbour", "dist_m": 30.9}, "geometry": {"type": "Point", "coordinates": [144.941924613363, -37.8136640867193]}}, {"type": "Feature", "properties": {"sensor_id": "22432", "sensor_type": "parking", "street_id": "21605", "method": "nearest_neighbour", "dist_m": 27.3}, "geometry": {"type": "Point", "coordinates": [144.965221207016, -37.8065224351212]}}, {"type": "Feature", "properties": {"sensor_id": "23362", "sensor_type": "parking", "street_id": "23311", "method": "nearest_neighbour", "dist_m": 5.8}, "geometry": {"type": "Point", "coordinates": [144.942224121175, -37.8210526666088]}}, {"type": "Feature", "properties": {"sensor_id": "20925", "sensor_type": "parking", "street_id": null, "method": "unmatched", "dist_m": null}, "geometry": {"type": "Point", "coordinates": [144.946077328113, -37.8204496167201]}}, {"type": "Feature", "properties": {"sensor_id": "16285", "sensor_type": "parking", "street_id": "22913", "method": "nearest_neighbour", "dist_m": 34.7}, "geometry": {"type": "Point", "coordinates": [144.9439810492, -37.8202604815972]}}, {"type": "Feature", "properties": {"sensor_id": "23949", "sensor_type": "parking", "street_id": null, "method": "unmatched", "dist_m": null}, "geometry": {"type": "Point", "coordinates": [144.94249677885, -37.8140228157741]}}, {"type": "Feature", "properties": {"sensor_id": "20919", "sensor_type": "parking", "street_id": null, "method": "unmatched", "dist_m": null}, "geometry": {"type": "Point", "coordinates": [144.945387220647, -37.8202975304902]}}, {"type": "Feature", "properties": {"sensor_id": "16287", "sensor_type": "parking", "street_id": "22913", "method": "nearest_neighbour", "dist_m": 46.7}, "geometry": {"type": "Point", "coordinates": [144.944026270945, -37.8203624749616]}}, {"type": "Feature", "properties": {"sensor_id": "16284", "sensor_type": "parking", "street_id": "22913", "method": "nearest_neighbour", "dist_m": 28.7}, "geometry": {"type": "Point", "coordinates": [144.943958534478, -37.8202094309486]}}, {"type": "Feature", "properties": {"sensor_id": "20623", "sensor_type": "parking", "street_id": "22801", "method": "nearest_neighbour", "dist_m": 45.6}, "geometry": {"type": "Point", "coordinates": [144.945909621506, -37.8198070784266]}}, {"type": "Feature", "properties": {"sensor_id": "22415", "sensor_type": "parking", "street_id": "21605", "method": "nearest_neighbour", "dist_m": 41.1}, "geometry": {"type": "Point", "coordinates": [144.965167451527, -37.8063904115941]}}, {"type": "Feature", "properties": {"sensor_id": "20586", "sensor_type": "parking", "street_id": null, "method": "unmatched", "dist_m": null}, "geometry": {"type": "Point", "coordinates": [144.945373618778, -37.8202415113143]}}, {"type": "Feature", "properties": {"sensor_id": "20617", "sensor_type": "parking", "street_id": "22913", "method": "nearest_neighbour", "dist_m": 37.2}, "geometry": {"type": "Point", "coordinates": [144.943614660183, -37.8193898307386]}}, {"type": "Feature", "properties": {"sensor_id": "7849", "sensor_type": "parking", "street_id": "20891", "method": "nearest_neighbour", "dist_m": 7.3}, "geometry": {"type": "Point", "coordinates": [144.976580562821, -37.8097135954142]}}, {"type": "Feature", "properties": {"sensor_id": "20603", "sensor_type": "parking", "street_id": null, "method": "unmatched", "dist_m": null}, "geometry": {"type": "Point", "coordinates": [144.944462894511, -37.8203463668594]}}, {"type": "Feature", "properties": {"sensor_id": "20604", "sensor_type": "parking", "street_id": null, "method": "unmatched", "dist_m": null}, "geometry": {"type": "Point", "coordinates": [144.944486191603, -37.8203956860774]}}, {"type": "Feature", "properties": {"sensor_id": "20920", "sensor_type": "parking", "street_id": null, "method": "unmatched", "dist_m": null}, "geometry": {"type": "Point", "coordinates": [144.945999019472, -37.8201426265661]}}, {"type": "Feature", "properties": {"sensor_id": "10900", "sensor_type": "parking", "street_id": "20983", "method": "nearest_neighbour", "dist_m": 4.6}, "geometry": {"type": "Point", "coordinates": [144.950122976785, -37.8054046687216]}}, {"type": "Feature", "properties": {"sensor_id": "20918", "sensor_type": "parking", "street_id": null, "method": "unmatched", "dist_m": null}, "geometry": {"type": "Point", "coordinates": [144.945403908278, -37.8203591901977]}}, {"type": "Feature", "properties": {"sensor_id": "23380", "sensor_type": "parking", "street_id": "23252", "method": "nearest_neighbour", "dist_m": 28.9}, "geometry": {"type": "Point", "coordinates": [144.94073728837, -37.8132197069801]}}, {"type": "Feature", "properties": {"sensor_id": "10879", "sensor_type": "parking", "street_id": "20983", "method": "nearest_neighbour", "dist_m": 3.5}, "geometry": {"type": "Point", "coordinates": [144.95026299209, -37.8054106971353]}}, {"type": "Feature", "properties": {"sensor_id": "10906", "sensor_type": "parking", "street_id": "20983", "method": "nearest_neighbour", "dist_m": 19.5}, "geometry": {"type": "Point", "coordinates": [144.950101204989, -37.8055370012956]}}, {"type": "Feature", "properties": {"sensor_id": "17334", "sensor_type": "parking", "street_id": "22453", "method": "nearest_neighbour", "dist_m": 40.5}, "geometry": {"type": "Point", "coordinates": [144.941046568133, -37.8123733471478]}}, {"type": "Feature", "properties": {"sensor_id": "23948", "sensor_type": "parking", "street_id": null, "method": "unmatched", "dist_m": null}, "geometry": {"type": "Point", "coordinates": [144.94258042924, -37.8140767220391]}}, {"type": "Feature", "properties": {"sensor_id": "57719", "sensor_type": "parking", "street_id": "20137", "method": "nearest_neighbour", "dist_m": 20.6}, "geometry": {"type": "Point", "coordinates": [144.955686298434, -37.8200900829024]}}, {"type": "Feature", "properties": {"sensor_id": "23382", "sensor_type": "parking", "street_id": "23252", "method": "nearest_neighbour", "dist_m": 41.8}, "geometry": {"type": "Point", "coordinates": [144.940672989011, -37.8131145244798]}}, {"type": "Feature", "properties": {"sensor_id": "10901", "sensor_type": "parking", "street_id": "20983", "method": "nearest_neighbour", "dist_m": 7.1}, "geometry": {"type": "Point", "coordinates": [144.950119368466, -37.8054266053832]}}, {"type": "Feature", "properties": {"sensor_id": "10903", "sensor_type": "parking", "street_id": "20983", "method": "nearest_neighbour", "dist_m": 12.0}, "geometry": {"type": "Point", "coordinates": [144.950112228185, -37.8054699975047]}}, {"type": "Feature", "properties": {"sensor_id": "20610", "sensor_type": "parking", "street_id": "22956", "method": "nearest_neighbour", "dist_m": 41.0}, "geometry": {"type": "Point", "coordinates": [144.945322884083, -37.8209933776988]}}, {"type": "Feature", "properties": {"sensor_id": "10902", "sensor_type": "parking", "street_id": "20983", "method": "nearest_neighbour", "dist_m": 9.5}, "geometry": {"type": "Point", "coordinates": [144.950115830429, -37.8054480963439]}}, {"type": "Feature", "properties": {"sensor_id": "10880", "sensor_type": "parking", "street_id": "20983", "method": "nearest_neighbour", "dist_m": 3.4}, "geometry": {"type": "Point", "coordinates": [144.950290197122, -37.8054137741843]}}, {"type": "Feature", "properties": {"sensor_id": "10883", "sensor_type": "parking", "street_id": "20983", "method": "nearest_neighbour", "dist_m": 3.4}, "geometry": {"type": "Point", "coordinates": [144.950371806846, -37.8054230088473]}}, {"type": "Feature", "properties": {"sensor_id": "10896", "sensor_type": "parking", "street_id": "21373", "method": "nearest_neighbour", "dist_m": 10.1}, "geometry": {"type": "Point", "coordinates": [144.950409056164, -37.8055262106809]}}, {"type": "Feature", "properties": {"sensor_id": "10881", "sensor_type": "parking", "street_id": "20983", "method": "nearest_neighbour", "dist_m": 3.4}, "geometry": {"type": "Point", "coordinates": [144.950317411498, -37.8054168503065]}}, {"type": "Feature", "properties": {"sensor_id": "16286", "sensor_type": "parking", "street_id": "22913", "method": "nearest_neighbour", "dist_m": 40.7}, "geometry": {"type": "Point", "coordinates": [144.944003666212, -37.8203114780562]}}, {"type": "Feature", "properties": {"sensor_id": "17323", "sensor_type": "parking", "street_id": null, "method": "unmatched", "dist_m": null}, "geometry": {"type": "Point", "coordinates": [144.940084736922, -37.8127381345845]}}, {"type": "Feature", "properties": {"sensor_id": "17322", "sensor_type": "parking", "street_id": null, "method": "unmatched", "dist_m": null}, "geometry": {"type": "Point", "coordinates": [144.940025821117, -37.8127605062032]}}, {"type": "Feature", "properties": {"sensor_id": "57721", "sensor_type": "parking", "street_id": "20137", "method": "nearest_neighbour", "dist_m": 9.3}, "geometry": {"type": "Point", "coordinates": [144.955642608423, -37.8199949174072]}}, {"type": "Feature", "properties": {"sensor_id": "25067", "sensor_type": "parking", "street_id": "21932", "method": "nearest_neighbour", "dist_m": 3.5}, "geometry": {"type": "Point", "coordinates": [144.982670048306, -37.8148915540597]}}, {"type": "Feature", "properties": {"sensor_id": "10882", "sensor_type": "parking", "street_id": "20983", "method": "nearest_neighbour", "dist_m": 3.4}, "geometry": {"type": "Point", "coordinates": [144.950344605959, -37.8054198774803]}}, {"type": "Feature", "properties": {"sensor_id": "10886", "sensor_type": "parking", "street_id": "20983", "method": "nearest_neighbour", "dist_m": 3.3}, "geometry": {"type": "Point", "coordinates": [144.950453405978, -37.8054322960094]}}, {"type": "Feature", "properties": {"sensor_id": "21530", "sensor_type": "parking", "street_id": "22203", "method": "nearest_neighbour", "dist_m": 5.2}, "geometry": {"type": "Point", "coordinates": [144.977684171342, -37.835061788912]}}, {"type": "Feature", "properties": {"sensor_id": "17338", "sensor_type": "parking", "street_id": null, "method": "unmatched", "dist_m": null}, "geometry": {"type": "Point", "coordinates": [144.939964337281, -37.8127837727216]}}, {"type": "Feature", "properties": {"sensor_id": "17325", "sensor_type": "parking", "street_id": null, "method": "unmatched", "dist_m": null}, "geometry": {"type": "Point", "coordinates": [144.940268731906, -37.8126684893617]}}, {"type": "Feature", "properties": {"sensor_id": "10925", "sensor_type": "parking", "street_id": "20983", "method": "nearest_neighbour", "dist_m": 2.3}, "geometry": {"type": "Point", "coordinates": [144.950126395222, -37.8053838697312]}}, {"type": "Feature", "properties": {"sensor_id": "20917", "sensor_type": "parking", "street_id": null, "method": "unmatched", "dist_m": null}, "geometry": {"type": "Point", "coordinates": [144.945420335151, -37.8204208967075]}}, {"type": "Feature", "properties": {"sensor_id": "10892", "sensor_type": "parking", "street_id": "20983", "method": "nearest_neighbour", "dist_m": 14.3}, "geometry": {"type": "Point", "coordinates": [144.950300268194, -37.8055137552657]}}, {"type": "Feature", "properties": {"sensor_id": "10897", "sensor_type": "parking", "street_id": "21373", "method": "nearest_neighbour", "dist_m": 8.2}, "geometry": {"type": "Point", "coordinates": [144.950436260035, -37.8055292903798]}}, {"type": "Feature", "properties": {"sensor_id": "10905", "sensor_type": "parking", "street_id": "20983", "method": "nearest_neighbour", "dist_m": 17.0}, "geometry": {"type": "Point", "coordinates": [144.950104879576, -37.8055146665455]}}, {"type": "Feature", "properties": {"sensor_id": "20620", "sensor_type": "parking", "street_id": "22801", "method": "nearest_neighbour", "dist_m": 27.0}, "geometry": {"type": "Point", "coordinates": [144.945866126627, -37.8196415397737]}}, {"type": "Feature", "properties": {"sensor_id": "10884", "sensor_type": "parking", "street_id": "20983", "method": "nearest_neighbour", "dist_m": 3.4}, "geometry": {"type": "Point", "coordinates": [144.95039900718, -37.8054261128146]}}, {"type": "Feature", "properties": {"sensor_id": "10890", "sensor_type": "parking", "street_id": "20983", "method": "nearest_neighbour", "dist_m": 14.3}, "geometry": {"type": "Point", "coordinates": [144.950245872702, -37.8055075239277]}}, {"type": "Feature", "properties": {"sensor_id": "10895", "sensor_type": "parking", "street_id": "21373", "method": "nearest_neighbour", "dist_m": 11.9}, "geometry": {"type": "Point", "coordinates": [144.950381850593, -37.8055231314359]}}, {"type": "Feature", "properties": {"sensor_id": "20624", "sensor_type": "parking", "street_id": null, "method": "unmatched", "dist_m": null}, "geometry": {"type": "Point", "coordinates": [144.945924102495, -37.8198600612292]}}, {"type": "Feature", "properties": {"sensor_id": "20921", "sensor_type": "parking", "street_id": null, "method": "unmatched", "dist_m": null}, "geometry": {"type": "Point", "coordinates": [144.946013560286, -37.8202056915145]}}, {"type": "Feature", "properties": {"sensor_id": "17321", "sensor_type": "parking", "street_id": null, "method": "unmatched", "dist_m": null}, "geometry": {"type": "Point", "coordinates": [144.940894211111, -37.8124307860506]}}, {"type": "Feature", "properties": {"sensor_id": "23388", "sensor_type": "parking", "street_id": null, "method": "unmatched", "dist_m": null}, "geometry": {"type": "Point", "coordinates": [144.940493565788, -37.81281610039]}}, {"type": "Feature", "properties": {"sensor_id": "25066", "sensor_type": "parking", "street_id": "21932", "method": "nearest_neighbour", "dist_m": 9.2}, "geometry": {"type": "Point", "coordinates": [144.982661301187, -37.814942583635]}}, {"type": "Feature", "properties": {"sensor_id": "23381", "sensor_type": "parking", "street_id": "23252", "method": "nearest_neighbour", "dist_m": 35.3}, "geometry": {"type": "Point", "coordinates": [144.940705498401, -37.813167352951]}}, {"type": "Feature", "properties": {"sensor_id": "10889", "sensor_type": "parking", "street_id": "20983", "method": "nearest_neighbour", "dist_m": 14.3}, "geometry": {"type": "Point", "coordinates": [144.950218624586, -37.805504407804]}}, {"type": "Feature", "properties": {"sensor_id": "10887", "sensor_type": "parking", "street_id": "20983", "method": "nearest_neighbour", "dist_m": 3.3}, "geometry": {"type": "Point", "coordinates": [144.950480576986, -37.8054354296034]}}, {"type": "Feature", "properties": {"sensor_id": "10907", "sensor_type": "parking", "street_id": "20983", "method": "nearest_neighbour", "dist_m": 21.9}, "geometry": {"type": "Point", "coordinates": [144.950097701556, -37.8055587047567]}}, {"type": "Feature", "properties": {"sensor_id": "20625", "sensor_type": "parking", "street_id": "23293", "method": "nearest_neighbour", "dist_m": 28.5}, "geometry": {"type": "Point", "coordinates": [144.942908610866, -37.8205062346505]}}, {"type": "Feature", "properties": {"sensor_id": "17332", "sensor_type": "parking", "street_id": null, "method": "unmatched", "dist_m": null}, "geometry": {"type": "Point", "coordinates": [144.940827964199, -37.8124557752281]}}, {"type": "Feature", "properties": {"sensor_id": "23384", "sensor_type": "parking", "street_id": null, "method": "unmatched", "dist_m": null}, "geometry": {"type": "Point", "coordinates": [144.940610690683, -37.8130113536583]}}, {"type": "Feature", "properties": {"sensor_id": "23386", "sensor_type": "parking", "street_id": null, "method": "unmatched", "dist_m": null}, "geometry": {"type": "Point", "coordinates": [144.940551474949, -37.8129137888478]}}, {"type": "Feature", "properties": {"sensor_id": "10904", "sensor_type": "parking", "street_id": "20983", "method": "nearest_neighbour", "dist_m": 14.5}, "geometry": {"type": "Point", "coordinates": [144.950108553617, -37.8054923327057]}}, {"type": "Feature", "properties": {"sensor_id": "57739", "sensor_type": "parking", "street_id": "20224", "method": "nearest_neighbour", "dist_m": 27.1}, "geometry": {"type": "Point", "coordinates": [144.955786921747, -37.8204402650549]}}, {"type": "Feature", "properties": {"sensor_id": "20915", "sensor_type": "parking", "street_id": null, "method": "unmatched", "dist_m": null}, "geometry": {"type": "Point", "coordinates": [144.9454522332, -37.8205444665186]}}, {"type": "Feature", "properties": {"sensor_id": "10888", "sensor_type": "parking", "street_id": "20983", "method": "nearest_neighbour", "dist_m": 3.3}, "geometry": {"type": "Point", "coordinates": [144.95050691729, -37.8054386903103]}}, {"type": "Feature", "properties": {"sensor_id": "20913", "sensor_type": "parking", "street_id": null, "method": "unmatched", "dist_m": null}, "geometry": {"type": "Point", "coordinates": [144.945538000077, -37.8205089762425]}}, {"type": "Feature", "properties": {"sensor_id": "10891", "sensor_type": "parking", "street_id": "20983", "method": "nearest_neighbour", "dist_m": 14.3}, "geometry": {"type": "Point", "coordinates": [144.950273070453, -37.8055106395949]}}, {"type": "Feature", "properties": {"sensor_id": "20606", "sensor_type": "parking", "street_id": null, "method": "unmatched", "dist_m": null}, "geometry": {"type": "Point", "coordinates": [144.944553796977, -37.8203191771183]}}, {"type": "Feature", "properties": {"sensor_id": "17333", "sensor_type": "parking", "street_id": "22453", "method": "nearest_neighbour", "dist_m": 46.1}, "geometry": {"type": "Point", "coordinates": [144.940980601382, -37.8123984601085]}}, {"type": "Feature", "properties": {"sensor_id": "10898", "sensor_type": "parking", "street_id": "21373", "method": "nearest_neighbour", "dist_m": 6.4}, "geometry": {"type": "Point", "coordinates": [144.950463464476, -37.8055323700627]}}, {"type": "Feature", "properties": {"sensor_id": "10899", "sensor_type": "parking", "street_id": "21373", "method": "nearest_neighbour", "dist_m": 5.1}, "geometry": {"type": "Point", "coordinates": [144.950490807615, -37.805535096846]}}, {"type": "Feature", "properties": {"sensor_id": "20924", "sensor_type": "parking", "street_id": null, "method": "unmatched", "dist_m": null}, "geometry": {"type": "Point", "coordinates": [144.946061275071, -37.8203887684253]}}, {"type": "Feature", "properties": {"sensor_id": "25065", "sensor_type": "parking", "street_id": "21937", "method": "nearest_neighbour", "dist_m": 5.3}, "geometry": {"type": "Point", "coordinates": [144.982652485294, -37.8149939196477]}}, {"type": "Feature", "properties": {"sensor_id": "10894", "sensor_type": "parking", "street_id": "21373", "method": "nearest_neighbour", "dist_m": 13.8}, "geometry": {"type": "Point", "coordinates": [144.95035466483, -37.8055200512544]}}, {"type": "Feature", "properties": {"sensor_id": "20914", "sensor_type": "parking", "street_id": null, "method": "unmatched", "dist_m": null}, "geometry": {"type": "Point", "coordinates": [144.945469464539, -37.8206095261312]}}, {"type": "Feature", "properties": {"sensor_id": "15103", "sensor_type": "parking", "street_id": null, "method": "unmatched", "dist_m": null}, "geometry": {"type": "Point", "coordinates": [144.943497504978, -37.8217800709683]}}, {"type": "Feature", "properties": {"sensor_id": "20607", "sensor_type": "parking", "street_id": "22956", "method": "nearest_neighbour", "dist_m": 21.6}, "geometry": {"type": "Point", "coordinates": [144.945367257066, -37.8211673065982]}}, {"type": "Feature", "properties": {"sensor_id": "20912", "sensor_type": "parking", "street_id": null, "method": "unmatched", "dist_m": null}, "geometry": {"type": "Point", "coordinates": [144.94552089254, -37.8204437104145]}}, {"type": "Feature", "properties": {"sensor_id": "56525", "sensor_type": "parking", "street_id": "20103", "method": "nearest_neighbour", "dist_m": 29.1}, "geometry": {"type": "Point", "coordinates": [144.957321894043, -37.8166619262372]}}, {"type": "Feature", "properties": {"sensor_id": "20609", "sensor_type": "parking", "street_id": "22956", "method": "nearest_neighbour", "dist_m": 34.7}, "geometry": {"type": "Point", "coordinates": [144.945336424008, -37.8210505095371]}}, {"type": "Feature", "properties": {"sensor_id": "9448", "sensor_type": "parking", "street_id": "20931", "method": "nearest_neighbour", "dist_m": 2.0}, "geometry": {"type": "Point", "coordinates": [144.957321011259, -37.8051407638468]}}, {"type": "Feature", "properties": {"sensor_id": "15099", "sensor_type": "parking", "street_id": null, "method": "unmatched", "dist_m": null}, "geometry": {"type": "Point", "coordinates": [144.943617966005, -37.8218298825374]}}, {"type": "Feature", "properties": {"sensor_id": "25102", "sensor_type": "parking", "street_id": "21902", "method": "nearest_neighbour", "dist_m": 8.4}, "geometry": {"type": "Point", "coordinates": [144.98304026862, -37.8127214557791]}}, {"type": "Feature", "properties": {"sensor_id": "25101", "sensor_type": "parking", "street_id": "21902", "method": "nearest_neighbour", "dist_m": 2.6}, "geometry": {"type": "Point", "coordinates": [144.983031529951, -37.8127731183265]}}, {"type": "Feature", "properties": {"sensor_id": "20608", "sensor_type": "parking", "street_id": "22956", "method": "nearest_neighbour", "dist_m": 28.1}, "geometry": {"type": "Point", "coordinates": [144.945351846196, -37.8211091601968]}}, {"type": "Feature", "properties": {"sensor_id": "15102", "sensor_type": "parking", "street_id": "23311", "method": "nearest_neighbour", "dist_m": 45.8}, "geometry": {"type": "Point", "coordinates": [144.943471807262, -37.8217275591197]}}, {"type": "Feature", "properties": {"sensor_id": "9443", "sensor_type": "parking", "street_id": "20939", "method": "nearest_neighbour", "dist_m": 6.4}, "geometry": {"type": "Point", "coordinates": [144.957339665272, -37.8050354777828]}}, {"type": "Feature", "properties": {"sensor_id": "15100", "sensor_type": "parking", "street_id": "23311", "method": "nearest_neighbour", "dist_m": 47.9}, "geometry": {"type": "Point", "coordinates": [144.943591772591, -37.8217762960067]}}, {"type": "Feature", "properties": {"sensor_id": "20626", "sensor_type": "parking", "street_id": "23293", "method": "nearest_neighbour", "dist_m": 34.6}, "geometry": {"type": "Point", "coordinates": [144.942931958379, -37.8205586907075]}}, {"type": "Feature", "properties": {"sensor_id": "15101", "sensor_type": "parking", "street_id": "23311", "method": "nearest_neighbour", "dist_m": 40.4}, "geometry": {"type": "Point", "coordinates": [144.94344933492, -37.8216717770999]}}, {"type": "Feature", "properties": {"sensor_id": "20908", "sensor_type": "parking", "street_id": "22801", "method": "nearest_neighbour", "dist_m": 47.4}, "geometry": {"type": "Point", "coordinates": [144.945397786829, -37.8199730016368]}}, {"type": "Feature", "properties": {"sensor_id": "18558", "sensor_type": "parking", "street_id": "22819", "method": "nearest_neighbour", "dist_m": 2.2}, "geometry": {"type": "Point", "coordinates": [144.951297711101, -37.8199841380731]}}, {"type": "Feature", "properties": {"sensor_id": "20577", "sensor_type": "parking", "street_id": "22555", "method": "nearest_neighbour", "dist_m": 39.7}, "geometry": {"type": "Point", "coordinates": [144.95154435869, -37.8209360221569]}}, {"type": "Feature", "properties": {"sensor_id": "18606", "sensor_type": "parking", "street_id": null, "method": "unmatched", "dist_m": null}, "geometry": {"type": "Point", "coordinates": [144.950794846894, -37.8209668654065]}}, {"type": "Feature", "properties": {"sensor_id": "20576", "sensor_type": "parking", "street_id": "22555", "method": "nearest_neighbour", "dist_m": 47.4}, "geometry": {"type": "Point", "coordinates": [144.951379459337, -37.8207263715705]}}, {"type": "Feature", "properties": {"sensor_id": "18532", "sensor_type": "parking", "street_id": "22819", "method": "nearest_neighbour", "dist_m": 46.6}, "geometry": {"type": "Point", "coordinates": [144.950475741796, -37.8195417699946]}}, {"type": "Feature", "properties": {"sensor_id": "21482", "sensor_type": "parking", "street_id": "22862", "method": "nearest_neighbour", "dist_m": 23.8}, "geometry": {"type": "Point", "coordinates": [144.950480278335, -37.8216174977022]}}, {"type": "Feature", "properties": {"sensor_id": "18530", "sensor_type": "parking", "street_id": null, "method": "unmatched", "dist_m": null}, "geometry": {"type": "Point", "coordinates": [144.950387632742, -37.8194301874268]}}, {"type": "Feature", "properties": {"sensor_id": "18612", "sensor_type": "parking", "street_id": "22862", "method": "nearest_neighbour", "dist_m": 27.4}, "geometry": {"type": "Point", "coordinates": [144.951144660395, -37.821412583316]}}, {"type": "Feature", "properties": {"sensor_id": "18531", "sensor_type": "parking", "street_id": null, "method": "unmatched", "dist_m": null}, "geometry": {"type": "Point", "coordinates": [144.950436641457, -37.819492291264]}}, {"type": "Feature", "properties": {"sensor_id": "18565", "sensor_type": "parking", "street_id": null, "method": "unmatched", "dist_m": null}, "geometry": {"type": "Point", "coordinates": [144.949693011979, -37.8195693473281]}}, {"type": "Feature", "properties": {"sensor_id": "18570", "sensor_type": "parking", "street_id": "22819", "method": "nearest_neighbour", "dist_m": 36.0}, "geometry": {"type": "Point", "coordinates": [144.949885833666, -37.8198141659016]}}, {"type": "Feature", "properties": {"sensor_id": "20584", "sensor_type": "parking", "street_id": "22555", "method": "nearest_neighbour", "dist_m": 8.7}, "geometry": {"type": "Point", "coordinates": [144.951815951171, -37.8212805009243]}}, {"type": "Feature", "properties": {"sensor_id": "18611", "sensor_type": "parking", "street_id": "22862", "method": "nearest_neighbour", "dist_m": 33.6}, "geometry": {"type": "Point", "coordinates": [144.951106008818, -37.8213637484159]}}, {"type": "Feature", "properties": {"sensor_id": "18568", "sensor_type": "parking", "street_id": "22819", "method": "nearest_neighbour", "dist_m": 49.5}, "geometry": {"type": "Point", "coordinates": [144.949802919781, -37.8197087531439]}}, {"type": "Feature", "properties": {"sensor_id": "18569", "sensor_type": "parking", "street_id": "22819", "method": "nearest_neighbour", "dist_m": 43.5}, "geometry": {"type": "Point", "coordinates": [144.949840258767, -37.8197561120121]}}, {"type": "Feature", "properties": {"sensor_id": "20578", "sensor_type": "parking", "street_id": "22555", "method": "nearest_neighbour", "dist_m": 36.5}, "geometry": {"type": "Point", "coordinates": [144.951583607369, -37.8209866884557]}}, {"type": "Feature", "properties": {"sensor_id": "20579", "sensor_type": "parking", "street_id": "22555", "method": "nearest_neighbour", "dist_m": 31.5}, "geometry": {"type": "Point", "coordinates": [144.951634837972, -37.8210510754978]}}, {"type": "Feature", "properties": {"sensor_id": "20580", "sensor_type": "parking", "street_id": "22555", "method": "nearest_neighbour", "dist_m": 27.3}, "geometry": {"type": "Point", "coordinates": [144.951672443906, -37.8210988255087]}}, {"type": "Feature", "properties": {"sensor_id": "18563", "sensor_type": "parking", "street_id": null, "method": "unmatched", "dist_m": null}, "geometry": {"type": "Point", "coordinates": [144.94937846758, -37.8191705034056]}}, {"type": "Feature", "properties": {"sensor_id": "18557", "sensor_type": "parking", "street_id": "22819", "method": "nearest_neighbour", "dist_m": 8.1}, "geometry": {"type": "Point", "coordinates": [144.951361803351, -37.8199655986577]}}, {"type": "Feature", "properties": {"sensor_id": "18567", "sensor_type": "parking", "street_id": null, "method": "unmatched", "dist_m": null}, "geometry": {"type": "Point", "coordinates": [144.949765581395, -37.8196613933641]}}, {"type": "Feature", "properties": {"sensor_id": "18566", "sensor_type": "parking", "street_id": null, "method": "unmatched", "dist_m": null}, "geometry": {"type": "Point", "coordinates": [144.949728242501, -37.8196140335933]}}, {"type": "Feature", "properties": {"sensor_id": "18555", "sensor_type": "parking", "street_id": "22819", "method": "nearest_neighbour", "dist_m": 0.5}, "geometry": {"type": "Point", "coordinates": [144.951489332801, -37.819928663009]}}, {"type": "Feature", "properties": {"sensor_id": "18610", "sensor_type": "parking", "street_id": "22862", "method": "nearest_neighbour", "dist_m": 39.8}, "geometry": {"type": "Point", "coordinates": [144.951067357846, -37.8213149139644]}}, {"type": "Feature", "properties": {"sensor_id": "18605", "sensor_type": "parking", "street_id": null, "method": "unmatched", "dist_m": null}, "geometry": {"type": "Point", "coordinates": [144.95075208554, -37.8209126302365]}}, {"type": "Feature", "properties": {"sensor_id": "18534", "sensor_type": "parking", "street_id": "22819", "method": "nearest_neighbour", "dist_m": 32.5}, "geometry": {"type": "Point", "coordinates": [144.950561960254, -37.8196527144866]}}, {"type": "Feature", "properties": {"sensor_id": "20583", "sensor_type": "parking", "street_id": "22555", "method": "nearest_neighbour", "dist_m": 13.5}, "geometry": {"type": "Point", "coordinates": [144.951781038509, -37.8212362276961]}}, {"type": "Feature", "properties": {"sensor_id": "20909", "sensor_type": "parking", "street_id": "22801", "method": "nearest_neighbour", "dist_m": 45.9}, "geometry": {"type": "Point", "coordinates": [144.945307421723, -37.8199843405713]}}, {"type": "Feature", "properties": {"sensor_id": "17832", "sensor_type": "parking", "street_id": "21982", "method": "nearest_neighbour", "dist_m": 0.9}, "geometry": {"type": "Point", "coordinates": [144.981951433622, -37.8177632817027]}}, {"type": "Feature", "properties": {"sensor_id": "17840", "sensor_type": "parking", "street_id": "21982", "method": "nearest_neighbour", "dist_m": 1.0}, "geometry": {"type": "Point", "coordinates": [144.981874579825, -37.818213225145]}}, {"type": "Feature", "properties": {"sensor_id": "18110", "sensor_type": "parking", "street_id": "21982", "method": "nearest_neighbour", "dist_m": 0.8}, "geometry": {"type": "Point", "coordinates": [144.982077059063, -37.8170334793647]}}, {"type": "Feature", "properties": {"sensor_id": "18556", "sensor_type": "parking", "street_id": "22819", "method": "nearest_neighbour", "dist_m": 6.4}, "geometry": {"type": "Point", "coordinates": [144.951425671135, -37.8199471493606]}}, {"type": "Feature", "properties": {"sensor_id": "20581", "sensor_type": "parking", "street_id": "22555", "method": "nearest_neighbour", "dist_m": 23.0}, "geometry": {"type": "Point", "coordinates": [144.951708527642, -37.8211446831276]}}, {"type": "Feature", "properties": {"sensor_id": "18533", "sensor_type": "parking", "street_id": "22819", "method": "nearest_neighbour", "dist_m": 38.5}, "geometry": {"type": "Point", "coordinates": [144.950525829056, -37.8196051891203]}}, {"type": "Feature", "properties": {"sensor_id": "20571", "sensor_type": "parking", "street_id": "22819", "method": "nearest_neighbour", "dist_m": 38.3}, "geometry": {"type": "Point", "coordinates": [144.951156801104, -37.8204490024246]}}, {"type": "Feature", "properties": {"sensor_id": "18562", "sensor_type": "parking", "street_id": null, "method": "unmatched", "dist_m": null}, "geometry": {"type": "Point", "coordinates": [144.949314936397, -37.8190899247624]}}, {"type": "Feature", "properties": {"sensor_id": "20575", "sensor_type": "parking", "street_id": "22555", "method": "nearest_neighbour", "dist_m": 48.5}, "geometry": {"type": "Point", "coordinates": [144.951342315229, -37.8206783726502]}}, {"type": "Feature", "properties": {"sensor_id": "20572", "sensor_type": "parking", "street_id": "22819", "method": "nearest_neighbour", "dist_m": 44.9}, "geometry": {"type": "Point", "coordinates": [144.951197411118, -37.8205005780526]}}, {"type": "Feature", "properties": {"sensor_id": "20570", "sensor_type": "parking", "street_id": "22819", "method": "nearest_neighbour", "dist_m": 29.8}, "geometry": {"type": "Point", "coordinates": [144.951104566855, -37.8203827331552]}}, {"type": "Feature", "properties": {"sensor_id": "18571", "sensor_type": "parking", "street_id": "22819", "method": "nearest_neighbour", "dist_m": 28.0}, "geometry": {"type": "Point", "coordinates": [144.949938942281, -37.8198758922531]}}, {"type": "Feature", "properties": {"sensor_id": "20573", "sensor_type": "parking", "street_id": null, "method": "unmatched", "dist_m": null}, "geometry": {"type": "Point", "coordinates": [144.951252474311, -37.8205649048431]}}, {"type": "Feature", "properties": {"sensor_id": "21481", "sensor_type": "parking", "street_id": "22862", "method": "nearest_neighbour", "dist_m": 30.2}, "geometry": {"type": "Point", "coordinates": [144.950441116686, -37.8215670077365]}}, {"type": "Feature", "properties": {"sensor_id": "20582", "sensor_type": "parking", "street_id": "22555", "method": "nearest_neighbour", "dist_m": 18.4}, "geometry": {"type": "Point", "coordinates": [144.95174464195, -37.8211905255067]}}, {"type": "Feature", "properties": {"sensor_id": "18564", "sensor_type": "parking", "street_id": null, "method": "unmatched", "dist_m": null}, "geometry": {"type": "Point", "coordinates": [144.949416713682, -37.8192190136623]}}, {"type": "Feature", "properties": {"sensor_id": "20574", "sensor_type": "parking", "street_id": "22555", "method": "nearest_neighbour", "dist_m": 50.0}, "geometry": {"type": "Point", "coordinates": [144.951291425561, -37.8206146620592]}}, {"type": "Feature", "properties": {"sensor_id": "18609", "sensor_type": "parking", "street_id": "22862", "method": "nearest_neighbour", "dist_m": 45.4}, "geometry": {"type": "Point", "coordinates": [144.951032632835, -37.8212710393899]}}, {"type": "Feature", "properties": {"sensor_id": "18540", "sensor_type": "parking", "street_id": null, "method": "unmatched", "dist_m": null}, "geometry": {"type": "Point", "coordinates": [144.949924925349, -37.8188440170603]}}, {"type": "Feature", "properties": {"sensor_id": "5", "sensor_type": "pedestrian", "street_id": "22195", "method": "point_in_polygon", "dist_m": 0.0, "sensor_description": "Princes Bridge"}, "geometry": {"type": "Point", "coordinates": [144.96787656, -37.81874249]}}, {"type": "Feature", "properties": {"sensor_id": "9", "sensor_type": "pedestrian", "street_id": "22819", "method": "point_in_polygon", "dist_m": 0.0, "sensor_description": "Southern Cross Station"}, "geometry": {"type": "Point", "coordinates": [144.95102555, -37.81982992]}}, {"type": "Feature", "properties": {"sensor_id": "18", "sensor_type": "pedestrian", "street_id": "20106", "method": "point_in_polygon", "dist_m": 0.0, "sensor_description": "Collins Place (North)"}, "geometry": {"type": "Point", "coordinates": [144.97305353, -37.81344862]}}, {"type": "Feature", "properties": {"sensor_id": "44", "sensor_type": "pedestrian", "street_id": "20492", "method": "point_in_polygon", "dist_m": 0.0, "sensor_description": "Tin Alley-Swanston St (West)"}, "geometry": {"type": "Point", "coordinates": [144.96441306, -37.79698741]}}, {"type": "Feature", "properties": {"sensor_id": "51", "sensor_type": "pedestrian", "street_id": "21634", "method": "point_in_polygon", "dist_m": 0.0, "sensor_description": "QVM-Franklin St (North)"}, "geometry": {"type": "Point", "coordinates": [144.95906316, -37.80841815]}}, {"type": "Feature", "properties": {"sensor_id": "68", "sensor_type": "pedestrian", "street_id": "20127", "method": "point_in_polygon", "dist_m": 0.0, "sensor_description": "Flinders Ln -Degraves St (North)"}, "geometry": {"type": "Point", "coordinates": [144.96559789, -37.8168479]}}, {"type": "Feature", "properties": {"sensor_id": "69", "sensor_type": "pedestrian", "street_id": "20127", "method": "point_in_polygon", "dist_m": 0.0, "sensor_description": "Flinders Ln -Degraves St (Crossing)"}, "geometry": {"type": "Point", "coordinates": [144.96559144, -37.81687226]}}, {"type": "Feature", "properties": {"sensor_id": "85", "sensor_type": "pedestrian", "street_id": "21693", "method": "point_in_polygon", "dist_m": 0.0, "sensor_description": "Macaulay Rd (North)"}, "geometry": {"type": "Point", "coordinates": [144.92973378, -37.79432415]}}, {"type": "Feature", "properties": {"sensor_id": "86", "sensor_type": "pedestrian", "street_id": "20999", "method": "point_in_polygon", "dist_m": 0.0, "sensor_description": "Queensberry St - Errol St (South)"}, "geometry": {"type": "Point", "coordinates": [144.94908064, -37.80309992]}}, {"type": "Feature", "properties": {"sensor_id": "107", "sensor_type": "pedestrian", "street_id": "20187", "method": "point_in_polygon", "dist_m": 0.0, "sensor_description": "Flagstaff station (East)"}, "geometry": {"type": "Point", "coordinates": [144.95690188, -37.81246271]}}, {"type": "Feature", "properties": {"sensor_id": "132", "sensor_type": "pedestrian", "street_id": "20195", "method": "point_in_polygon", "dist_m": 0.0, "sensor_description": "I-Hub Corner of King Street and Latrobe Street (317-335 King)"}, "geometry": {"type": "Point", "coordinates": [144.95386444, -37.81267639]}}, {"type": "Feature", "properties": {"sensor_id": "133", "sensor_type": "pedestrian", "street_id": "20076", "method": "point_in_polygon", "dist_m": 0.0, "sensor_description": "I-Hub Southern Cross Station - Lonsdale Street Entrance - South"}, "geometry": {"type": "Point", "coordinates": [144.95227769, -37.81531435]}}, {"type": "Feature", "properties": {"sensor_id": "181", "sensor_type": "pedestrian", "street_id": "21647", "method": "point_in_polygon", "dist_m": 0.0, "sensor_description": "368 Elizabeth Street"}, "geometry": {"type": "Point", "coordinates": [144.96143149, -37.81009465]}}, {"type": "Feature", "properties": {"sensor_id": "184", "sensor_type": "pedestrian", "street_id": "20165", "method": "point_in_polygon", "dist_m": 0.0, "sensor_description": "124 Elizabeth Street"}, "geometry": {"type": "Point", "coordinates": [144.96371988, -37.81512416]}}, {"type": "Feature", "properties": {"sensor_id": "185", "sensor_type": "pedestrian", "street_id": "20166", "method": "point_in_polygon", "dist_m": 0.0, "sensor_description": "197 Elizabeth Street"}, "geometry": {"type": "Point", "coordinates": [144.96276183, -37.81374643]}}, {"type": "Feature", "properties": {"sensor_id": "4", "sensor_type": "pedestrian", "street_id": "20156", "method": "point_in_polygon", "dist_m": 0.0, "sensor_description": "Town Hall (West)"}, "geometry": {"type": "Point", "coordinates": [144.9660878, -37.81487988]}}, {"type": "Feature", "properties": {"sensor_id": "10", "sensor_type": "pedestrian", "street_id": "22553", "method": "point_in_polygon", "dist_m": 0.0, "sensor_description": "Victoria Point"}, "geometry": {"type": "Point", "coordinates": [144.94710545, -37.81876474]}}, {"type": "Feature", "properties": {"sensor_id": "24", "sensor_type": "pedestrian", "street_id": "20120", "method": "point_in_polygon", "dist_m": 0.0, "sensor_description": "Spencer St-Collins St (North)"}, "geometry": {"type": "Point", "coordinates": [144.95449198, -37.81887963]}}, {"type": "Feature", "properties": {"sensor_id": "31", "sensor_type": "pedestrian", "street_id": "20530", "method": "point_in_polygon", "dist_m": 0.0, "sensor_description": "Lygon St (West)"}, "geometry": {"type": "Point", "coordinates": [144.96658911, -37.80169681]}}, {"type": "Feature", "properties": {"sensor_id": "45", "sensor_type": "pedestrian", "street_id": "20157", "method": "point_in_polygon", "dist_m": 0.0, "sensor_description": "Little Collins St-Swanston St (East)"}, "geometry": {"type": "Point", "coordinates": [144.96609379, -37.81414075]}}, {"type": "Feature", "properties": {"sensor_id": "59", "sensor_type": "pedestrian", "street_id": "21619", "method": "point_in_polygon", "dist_m": 0.0, "sensor_description": "Building 80 RMIT"}, "geometry": {"type": "Point", "coordinates": [144.96304859, -37.80825648]}}, {"type": "Feature", "properties": {"sensor_id": "61", "sensor_type": "pedestrian", "street_id": "21619", "method": "point_in_polygon", "dist_m": 0.0, "sensor_description": "RMIT Building 14"}, "geometry": {"type": "Point", "coordinates": [144.96309114, -37.80767455]}}, {"type": "Feature", "properties": {"sensor_id": "62", "sensor_type": "pedestrian", "street_id": "20022", "method": "point_in_polygon", "dist_m": 0.0, "sensor_description": "La Trobe St (North)"}, "geometry": {"type": "Point", "coordinates": [144.96216521, -37.80996494]}}, {"type": "Feature", "properties": {"sensor_id": "75", "sensor_type": "pedestrian", "street_id": "20196", "method": "point_in_polygon", "dist_m": 0.0, "sensor_description": "Spring St- Flinders st (West)"}, "geometry": {"type": "Point", "coordinates": [144.97467661, -37.81515276]}}, {"type": "Feature", "properties": {"sensor_id": "77", "sensor_type": "pedestrian", "street_id": "23298", "method": "point_in_polygon", "dist_m": 0.0, "sensor_description": "Harbour Esplanade (West) - Pedestrian path"}, "geometry": {"type": "Point", "coordinates": [144.94433026, -37.81441438]}}, {"type": "Feature", "properties": {"sensor_id": "79", "sensor_type": "pedestrian", "street_id": "20214", "method": "point_in_polygon", "dist_m": 0.0, "sensor_description": "Flinders St (South)"}, "geometry": {"type": "Point", "coordinates": [144.96616678, -37.81794046]}}, {"type": "Feature", "properties": {"sensor_id": "84", "sensor_type": "pedestrian", "street_id": "20162", "method": "point_in_polygon", "dist_m": 0.0, "sensor_description": "Elizabeth St - Flinders St (East) - New footpath"}, "geometry": {"type": "Point", "coordinates": [144.96503383, -37.81798049]}}, {"type": "Feature", "properties": {"sensor_id": "87", "sensor_type": "pedestrian", "street_id": "20992", "method": "point_in_polygon", "dist_m": 0.0, "sensor_description": "Errol St (West)"}, "geometry": {"type": "Point", "coordinates": [144.94921863, -37.80454949]}}, {"type": "Feature", "properties": {"sensor_id": "108", "sensor_type": "pedestrian", "street_id": "20186", "method": "point_in_polygon", "dist_m": 0.0, "sensor_description": "William St - Little Lonsdale St (West)"}, "geometry": {"type": "Point", "coordinates": [144.95678789, -37.81295822]}}, {"type": "Feature", "properties": {"sensor_id": "109", "sensor_type": "pedestrian", "street_id": "20028", "method": "point_in_polygon", "dist_m": 0.0, "sensor_description": "La Trobe St- William St (South)"}, "geometry": {"type": "Point", "coordinates": [144.95621105, -37.81193681]}}, {"type": "Feature", "properties": {"sensor_id": "135", "sensor_type": "pedestrian", "street_id": "20073", "method": "point_in_polygon", "dist_m": 0.0, "sensor_description": "I-Hub Southern Cross Station - Bourke Street Entrance - South"}, "geometry": {"type": "Point", "coordinates": [144.95319102, -37.8172861]}}, {"type": "Feature", "properties": {"sensor_id": "141", "sensor_type": "pedestrian", "street_id": "20222", "method": "point_in_polygon", "dist_m": 0.0, "sensor_description": "Awning of Nationwide Parking 474 Flinders Street"}, "geometry": {"type": "Point", "coordinates": [144.95834911, -37.81997273]}}, {"type": "Feature", "properties": {"sensor_id": "164", "sensor_type": "pedestrian", "street_id": "20030", "method": "point_in_polygon", "dist_m": 0.0, "sensor_description": "I-Hub 526 La Trobe Street (Footpath)"}, "geometry": {"type": "Point", "coordinates": [144.95160411, -37.813005]}}, {"type": "Feature", "properties": {"sensor_id": "180", "sensor_type": "pedestrian", "street_id": "21287", "method": "point_in_polygon", "dist_m": 0.0, "sensor_description": "Pumping Station No.2, 330 Macaulay Road"}, "geometry": {"type": "Point", "coordinates": [144.93530329, -37.79497059]}}, {"type": "Feature", "properties": {"sensor_id": "2", "sensor_type": "pedestrian", "street_id": "20082", "method": "point_in_polygon", "dist_m": 0.0, "sensor_description": "Bourke Street Mall (South)"}, "geometry": {"type": "Point", "coordinates": [144.96516718, -37.81380668]}}, {"type": "Feature", "properties": {"sensor_id": "17", "sensor_type": "pedestrian", "street_id": "20106", "method": "point_in_polygon", "dist_m": 0.0, "sensor_description": "Collins Place (South)"}, "geometry": {"type": "Point", "coordinates": [144.97323591, -37.81362543]}}, {"type": "Feature", "properties": {"sensor_id": "21", "sensor_type": "pedestrian", "street_id": "20150", "method": "point_in_polygon", "dist_m": 0.0, "sensor_description": "155-161 Russell Street"}, "geometry": {"type": "Point", "coordinates": [144.96788288, -37.81267313]}}, {"type": "Feature", "properties": {"sensor_id": "23", "sensor_type": "pedestrian", "street_id": "20120", "method": "point_in_polygon", "dist_m": 0.0, "sensor_description": "Spencer St-Collins St (South)"}, "geometry": {"type": "Point", "coordinates": [144.95452748, -37.81909256]}}, {"type": "Feature", "properties": {"sensor_id": "29", "sensor_type": "pedestrian", "street_id": "22087", "method": "point_in_polygon", "dist_m": 0.0, "sensor_description": "St Kilda Rd-Alexandra Gardens"}, "geometry": {"type": "Point", "coordinates": [144.96872865, -37.8199817]}}, {"type": "Feature", "properties": {"sensor_id": "37", "sensor_type": "pedestrian", "street_id": "20530", "method": "point_in_polygon", "dist_m": 0.0, "sensor_description": "Lygon St (East)"}, "geometry": {"type": "Point", "coordinates": [144.96704554, -37.80107122]}}, {"type": "Feature", "properties": {"sensor_id": "40", "sensor_type": "pedestrian", "street_id": "20206", "method": "point_in_polygon", "dist_m": 0.0, "sensor_description": "Lonsdale St-Spring St (West)"}, "geometry": {"type": "Point", "coordinates": [144.97227587, -37.80999341]}}, {"type": "Feature", "properties": {"sensor_id": "42", "sensor_type": "pedestrian", "street_id": "20490", "method": "point_in_polygon", "dist_m": 0.0, "sensor_description": "Grattan St-Swanston St (West)"}, "geometry": {"type": "Point", "coordinates": [144.96386412, -37.80008566]}}, {"type": "Feature", "properties": {"sensor_id": "63", "sensor_type": "pedestrian", "street_id": "20080", "method": "point_in_polygon", "dist_m": 0.0, "sensor_description": "231 Bourke St"}, "geometry": {"type": "Point", "coordinates": [144.96675571, -37.81333081]}}, {"type": "Feature", "properties": {"sensor_id": "66", "sensor_type": "pedestrian", "street_id": "20160", "method": "point_in_polygon", "dist_m": 0.0, "sensor_description": "State Library - New"}, "geometry": {"type": "Point", "coordinates": [144.96444294, -37.81057846]}}, {"type": "Feature", "properties": {"sensor_id": "67", "sensor_type": "pedestrian", "street_id": "20127", "method": "point_in_polygon", "dist_m": 0.0, "sensor_description": "Flinders Ln -Degraves St (South)"}, "geometry": {"type": "Point", "coordinates": [144.96562569, -37.81688755]}}, {"type": "Feature", "properties": {"sensor_id": "70", "sensor_type": "pedestrian", "street_id": "20992", "method": "point_in_polygon", "dist_m": 0.0, "sensor_description": "Errol Street (East)"}, "geometry": {"type": "Point", "coordinates": [144.94946228, -37.80456984]}}, {"type": "Feature", "properties": {"sensor_id": "76", "sensor_type": "pedestrian", "street_id": "21697", "method": "point_in_polygon", "dist_m": 0.0, "sensor_description": "Macaulay Rd- Bellair St"}, "geometry": {"type": "Point", "coordinates": [144.93036194, -37.79453803]}}, {"type": "Feature", "properties": {"sensor_id": "78", "sensor_type": "pedestrian", "street_id": "23298", "method": "point_in_polygon", "dist_m": 0.0, "sensor_description": "Harbour Esplanade (West) - Bike Path"}, "geometry": {"type": "Point", "coordinates": [144.9446508, -37.81471642]}}, {"type": "Feature", "properties": {"sensor_id": "118", "sensor_type": "pedestrian", "street_id": "20210", "method": "point_in_polygon", "dist_m": 0.0, "sensor_description": "114 Flinders Street Car Park Crossing"}, "geometry": {"type": "Point", "coordinates": [144.97090512, -37.81632783]}}, {"type": "Feature", "properties": {"sensor_id": "130", "sensor_type": "pedestrian", "street_id": "23293", "method": "point_in_polygon", "dist_m": 0.0, "sensor_description": "I-Hub 892 Bourke Street"}, "geometry": {"type": "Point", "coordinates": [144.94126826, -37.8204637]}}, {"type": "Feature", "properties": {"sensor_id": "131", "sensor_type": "pedestrian", "street_id": "20188", "method": "point_in_polygon", "dist_m": 0.0, "sensor_description": "I-Hub Corner of King Street and Flinders Street (2-6 King)"}, "geometry": {"type": "Point", "coordinates": [144.95758725, -37.82009057]}}, {"type": "Feature", "properties": {"sensor_id": "134", "sensor_type": "pedestrian", "street_id": "20075", "method": "point_in_polygon", "dist_m": 0.0, "sensor_description": "I-Hub Southern Cross Station - Bourke Street Entrance - North"}, "geometry": {"type": "Point", "coordinates": [144.95303935, -37.81694221]}}, {"type": "Feature", "properties": {"sensor_id": "162", "sensor_type": "pedestrian", "street_id": "21631", "method": "point_in_polygon", "dist_m": 0.0, "sensor_description": "iHub 489 Elizabeth Street"}, "geometry": {"type": "Point", "coordinates": [144.95987909, -37.80740397]}}, {"type": "Feature", "properties": {"sensor_id": "166", "sensor_type": "pedestrian", "street_id": "21423", "method": "point_in_polygon", "dist_m": 0.0, "sensor_description": "484 Spencer Street"}, "geometry": {"type": "Point", "coordinates": [144.94931703, -37.80896733]}}, {"type": "Feature", "properties": {"sensor_id": "179", "sensor_type": "pedestrian", "street_id": "22054", "method": "point_in_polygon", "dist_m": 0.0, "sensor_description": "61-67 Power Street Southbank"}, "geometry": {"type": "Point", "coordinates": [144.96299677, -37.82392385]}}, {"type": "Feature", "properties": {"sensor_id": "182", "sensor_type": "pedestrian", "street_id": "20192", "method": "point_in_polygon", "dist_m": 0.0, "sensor_description": "163 King Street"}, "geometry": {"type": "Point", "coordinates": [144.95550503, -37.81627451]}}, {"type": "Feature", "properties": {"sensor_id": "3", "sensor_type": "pedestrian", "street_id": "20160", "method": "nearest_neighbour", "dist_m": 0.0, "sensor_description": "Melbourne Central"}, "geometry": {"type": "Point", "coordinates": [144.96429485, -37.81101524]}}, {"type": "Feature", "properties": {"sensor_id": "12", "sensor_type": "pedestrian", "street_id": null, "method": "unmatched", "dist_m": null, "sensor_description": "New Quay"}, "geometry": {"type": "Point", "coordinates": [144.94292398, -37.81457988]}}, {"type": "Feature", "properties": {"sensor_id": "14", "sensor_type": "pedestrian", "street_id": null, "method": "unmatched", "dist_m": null, "sensor_description": "Sandridge Bridge"}, "geometry": {"type": "Point", "coordinates": [144.96291897, -37.82011242]}}, {"type": "Feature", "properties": {"sensor_id": "19", "sensor_type": "pedestrian", "street_id": "20053", "method": "nearest_neighbour", "dist_m": 3.4, "sensor_description": "Chinatown-Swanston St (North)"}, "geometry": {"type": "Point", "coordinates": [144.96550671, -37.81237202]}}, {"type": "Feature", "properties": {"sensor_id": "20", "sensor_type": "pedestrian", "street_id": "20051", "method": "nearest_neighbour", "dist_m": 3.6, "sensor_description": "Chinatown-Lt Bourke St (South)"}, "geometry": {"type": "Point", "coordinates": [144.9682466, -37.81172914]}}, {"type": "Feature", "properties": {"sensor_id": "27", "sensor_type": "pedestrian", "street_id": "22673", "method": "nearest_neighbour", "dist_m": 0.0, "sensor_description": "QV Market-Peel St"}, "geometry": {"type": "Point", "coordinates": [144.95644692, -37.80606888]}}, {"type": "Feature", "properties": {"sensor_id": "28", "sensor_type": "pedestrian", "street_id": "22087", "method": "nearest_neighbour", "dist_m": 3.4, "sensor_description": "The Arts Centre"}, "geometry": {"type": "Point", "coordinates": [144.96879309, -37.82129925]}}, {"type": "Feature", "properties": {"sensor_id": "41", "sensor_type": "pedestrian", "street_id": "20154", "method": "nearest_neighbour", "dist_m": 0.0, "sensor_description": "Flinders La-Swanston St (West)"}, "geometry": {"type": "Point", "coordinates": [144.96689733, -37.81668634]}}, {"type": "Feature", "properties": {"sensor_id": "43", "sensor_type": "pedestrian", "street_id": "20490", "method": "nearest_neighbour", "dist_m": 3.0, "sensor_description": "Monash Rd-Swanston St (West)"}, "geometry": {"type": "Point", "coordinates": [144.96411782, -37.79844526]}}, {"type": "Feature", "properties": {"sensor_id": "46", "sensor_type": "pedestrian", "street_id": "20873", "method": "nearest_neighbour", "dist_m": 0.0, "sensor_description": "Pelham St (South)"}, "geometry": {"type": "Point", "coordinates": [144.9615673, -37.80240719]}}, {"type": "Feature", "properties": {"sensor_id": "47", "sensor_type": "pedestrian", "street_id": "20167", "method": "nearest_neighbour", "dist_m": 0.0, "sensor_description": "Melbourne Central-Elizabeth St (East)"}, "geometry": {"type": "Point", "coordinates": [144.9625775, -37.81258467]}}, {"type": "Feature", "properties": {"sensor_id": "48", "sensor_type": "pedestrian", "street_id": "22670", "method": "nearest_neighbour", "dist_m": 0.0, "sensor_description": "QVM-Queen St (East)"}, "geometry": {"type": "Point", "coordinates": [144.95866697, -37.80631581]}}, {"type": "Feature", "properties": {"sensor_id": "50", "sensor_type": "pedestrian", "street_id": "20534", "method": "nearest_neighbour", "dist_m": 0.0, "sensor_description": "Faraday St-Lygon St (West)"}, "geometry": {"type": "Point", "coordinates": [144.96721013, -37.79808192]}}, {"type": "Feature", "properties": {"sensor_id": "52", "sensor_type": "pedestrian", "street_id": "20009", "method": "nearest_neighbour", "dist_m": 0.0, "sensor_description": "Elizabeth St-Lonsdale St (South)"}, "geometry": {"type": "Point", "coordinates": [144.9619401, -37.81252157]}}, {"type": "Feature", "properties": {"sensor_id": "53", "sensor_type": "pedestrian", "street_id": "20112", "method": "nearest_neighbour", "dist_m": 1.1, "sensor_description": "Collins Street (North)"}, "geometry": {"type": "Point", "coordinates": [144.965499, -37.81564191]}}, {"type": "Feature", "properties": {"sensor_id": "54", "sensor_type": "pedestrian", "street_id": "20484", "method": "nearest_neighbour", "dist_m": 8.6, "sensor_description": "Lincoln-Swanston (West)"}, "geometry": {"type": "Point", "coordinates": [144.96308399, -37.804024]}}, {"type": "Feature", "properties": {"sensor_id": "56", "sensor_type": "pedestrian", "street_id": "20009", "method": "nearest_neighbour", "dist_m": 0.0, "sensor_description": "Lonsdale St - Elizabeth St (North)"}, "geometry": {"type": "Point", "coordinates": [144.96153311, -37.81234775]}}, {"type": "Feature", "properties": {"sensor_id": "72", "sensor_type": "pedestrian", "street_id": "20212", "method": "nearest_neighbour", "dist_m": 3.3, "sensor_description": "Flinders St- ACMI"}, "geometry": {"type": "Point", "coordinates": [144.96872809, -37.81726338]}}, {"type": "Feature", "properties": {"sensor_id": "117", "sensor_type": "pedestrian", "street_id": "20210", "method": "nearest_neighbour", "dist_m": 0.6, "sensor_description": "114 Flinders Street Car Park Footpath"}, "geometry": {"type": "Point", "coordinates": [144.97090877, -37.81629332]}}, {"type": "Feature", "properties": {"sensor_id": "123", "sensor_type": "pedestrian", "street_id": null, "method": "unmatched", "dist_m": null, "sensor_description": "Birrarung Marr East - Batman Ave Bridge Entry"}, "geometry": {"type": "Point", "coordinates": [144.97329734, -37.81753741]}}, {"type": "Feature", "properties": {"sensor_id": "136", "sensor_type": "pedestrian", "street_id": null, "method": "unmatched", "dist_m": null, "sensor_description": "COM Pole 1120 - Towards the City, Near Federation Square Bridge"}, "geometry": {"type": "Point", "coordinates": [144.97357915, -37.8184141]}}, {"type": "Feature", "properties": {"sensor_id": "139", "sensor_type": "pedestrian", "street_id": null, "method": "unmatched", "dist_m": null, "sensor_description": "COM Pole 1647 - Sandridge Bridge Signal Box"}, "geometry": {"type": "Point", "coordinates": [144.9632832, -37.81959923]}}, {"type": "Feature", "properties": {"sensor_id": "140", "sensor_type": "pedestrian", "street_id": "22046", "method": "nearest_neighbour", "dist_m": 3.5, "sensor_description": "COM Pole 2837 - Boyd Park"}, "geometry": {"type": "Point", "coordinates": [144.96185972, -37.82590962]}}, {"type": "Feature", "properties": {"sensor_id": "142", "sensor_type": "pedestrian", "street_id": "22067", "method": "nearest_neighbour", "dist_m": 0.6, "sensor_description": "COM Pole 1584 - Hammer Hall Entrance"}, "geometry": {"type": "Point", "coordinates": [144.96795734, -37.81970749]}}, {"type": "Feature", "properties": {"sensor_id": "161", "sensor_type": "pedestrian", "street_id": null, "method": "unmatched", "dist_m": null, "sensor_description": "Birrarung Marr - COM - Pole 1109"}, "geometry": {"type": "Point", "coordinates": [144.97131336, -37.81851276]}}, {"type": "Feature", "properties": {"sensor_id": "165", "sensor_type": "pedestrian", "street_id": "21417", "method": "nearest_neighbour", "dist_m": 0.0, "sensor_description": "475 Spencer Street"}, "geometry": {"type": "Point", "coordinates": [144.94939004, -37.80953359]}}, {"type": "Feature", "properties": {"sensor_id": "1", "sensor_type": "pedestrian", "street_id": "20082", "method": "nearest_neighbour", "dist_m": 3.2, "sensor_description": "Bourke Street Mall (North)"}, "geometry": {"type": "Point", "coordinates": [144.96515323, -37.81349441]}}, {"type": "Feature", "properties": {"sensor_id": "11", "sensor_type": "pedestrian", "street_id": null, "method": "unmatched", "dist_m": null, "sensor_description": "Waterfront City"}, "geometry": {"type": "Point", "coordinates": [144.93970694, -37.81564989]}}, {"type": "Feature", "properties": {"sensor_id": "36", "sensor_type": "pedestrian", "street_id": "20172", "method": "nearest_neighbour", "dist_m": 0.0, "sensor_description": "Queen St (West)"}, "geometry": {"type": "Point", "coordinates": [144.96121062, -37.81652527]}}, {"type": "Feature", "properties": {"sensor_id": "39", "sensor_type": "pedestrian", "street_id": "20093", "method": "nearest_neighbour", "dist_m": 39.3, "sensor_description": "Alfred Place"}, "geometry": {"type": "Point", "coordinates": [144.96995745, -37.81379749]}}, {"type": "Feature", "properties": {"sensor_id": "49", "sensor_type": "pedestrian", "street_id": "21629", "method": "nearest_neighbour", "dist_m": 0.0, "sensor_description": "QVM-Therry St (South)"}, "geometry": {"type": "Point", "coordinates": [144.95956055, -37.80730068]}}, {"type": "Feature", "properties": {"sensor_id": "58", "sensor_type": "pedestrian", "street_id": "20090", "method": "nearest_neighbour", "dist_m": 0.4, "sensor_description": "Bourke St - Spencer St (North)"}, "geometry": {"type": "Point", "coordinates": [144.95358075, -37.81686075]}}, {"type": "Feature", "properties": {"sensor_id": "124", "sensor_type": "pedestrian", "street_id": null, "method": "unmatched", "dist_m": null, "sensor_description": "Birrarung Marr East - Batman Ave Bridge Entry"}, "geometry": {"type": "Point", "coordinates": [144.97329934, -37.81757416]}}, {"type": "Feature", "properties": {"sensor_id": "137", "sensor_type": "pedestrian", "street_id": "22801", "method": "nearest_neighbour", "dist_m": 7.6, "sensor_description": "COM Pole 2353 - Towards the city, NAB Building"}, "geometry": {"type": "Point", "coordinates": [144.94612292, -37.81894815]}}, {"type": "Feature", "properties": {"sensor_id": "138", "sensor_type": "pedestrian", "street_id": "20222", "method": "nearest_neighbour", "dist_m": 15.0, "sensor_description": "COM Pole 1671 - Enterprize Park, Queens Bridge"}, "geometry": {"type": "Point", "coordinates": [144.95981454, -37.81996544]}}, {"type": "Feature", "properties": {"sensor_id": "6", "sensor_type": "pedestrian", "street_id": null, "method": "unmatched", "dist_m": null, "sensor_description": "Flinders Street Station Underpass"}, "geometry": {"type": "Point", "coordinates": [144.96558255, -37.81911705]}}, {"type": "Feature", "properties": {"sensor_id": "8", "sensor_type": "pedestrian", "street_id": "22805", "method": "nearest_neighbour", "dist_m": 31.7, "sensor_description": "Webb Bridge"}, "geometry": {"type": "Point", "coordinates": [144.9471751, -37.82293543]}}, {"type": "Feature", "properties": {"sensor_id": "25", "sensor_type": "pedestrian", "street_id": "22176", "method": "nearest_neighbour", "dist_m": 16.9, "sensor_description": "Melbourne Convention Exhibition Centre"}, "geometry": {"type": "Point", "coordinates": [144.95604426, -37.82401776]}}, {"type": "Feature", "properties": {"sensor_id": "30", "sensor_type": "pedestrian", "street_id": "20005", "method": "nearest_neighbour", "dist_m": 5.1, "sensor_description": "Lonsdale St (South)"}, "geometry": {"type": "Point", "coordinates": [144.96656806, -37.8112185]}}, {"type": "Feature", "properties": {"sensor_id": "35", "sensor_type": "pedestrian", "street_id": "22059", "method": "nearest_neighbour", "dist_m": 8.8, "sensor_description": "Southbank"}, "geometry": {"type": "Point", "coordinates": [144.96508508, -37.82018685]}}, {"type": "Feature", "properties": {"sensor_id": "71", "sensor_type": "pedestrian", "street_id": "20065", "method": "nearest_neighbour", "dist_m": 38.8, "sensor_description": "Westwood Place"}, "geometry": {"type": "Point", "coordinates": [144.97136962, -37.81235775]}}, {"type": "Feature", "properties": {"sensor_id": "143", "sensor_type": "pedestrian", "street_id": "22174", "method": "nearest_neighbour", "dist_m": 1.1, "sensor_description": "Mounted on Toilet - Spencer Street, Batman Park"}, "geometry": {"type": "Point", "coordinates": [144.95557015, -37.821728]}}, {"type": "Feature", "properties": {"sensor_id": "167", "sensor_type": "pedestrian", "street_id": "20030", "method": "nearest_neighbour", "dist_m": 0.3, "sensor_description": "I-Hub 526 La Trobe Street (Crossing)"}, "geometry": {"type": "Point", "coordinates": [144.95155955, -37.81304149]}}]}