{
  "type": "FeatureCollection",
  "features": [
    {
      "type": "Feature",
      "properties": {
        "name": "polygon14"
      },
      "geometry": {
        "type": "MultiPolygon",
        "coordinates": [
          [
            [
              [
                144.970917,
                -37.818046
              ],
              [
                144.970933,
                -37.818291
              ],
              [
                144.970938,
                -37.818205
              ],
              [
                144.970942,
                -37.818159
              ],
              [
                144.970943,
                -37.818153
              ],
              [
                144.970943,
                -37.81815
              ],
              [
                144.970944,
                -37.818149
              ],
              [
                144.970948,
                -37.818147
              ],
              [
                144.970951,
                -37.818147
              ],
              [
                144.970955,
                -37.818148
              ],
              [
                144.970976,
                -37.81817
              ],
              [
                144.970994,
                -37.818186
              ],
              [
                144.970996,
                -37.818188
              ],
              [
                144.970996,
                -37.818189
              ],
              [
                144.970995,
                -37.818189
              ],
              [
                144.970995,
                -37.818191
              ],
              [
                144.970994,
                -37.818192
              ],
              [
                144.970994,
                -37.818193
              ],
              [
                144.970993,
                -37.818194
              ],
              [
                144.970993,
                -37.818196
              ],
              [
                144.970992,
                -37.818196
              ],
              [
                144.970992,
                -37.818198
              ],
              [
                144.970991,
                -37.818198
              ],
              [
                144.970991,
                -37.818201
              ],
              [
                144.97099,
                -37.818201
              ],
              [
                144.97099,
                -37.818204
              ],
              [
                144.970989,
                -37.818204
              ],
              [
                144.970989,
                -37.818208
              ],
              [
                144.970988,
                -37.818209
              ],
              [
                144.970988,
                -37.818214
              ],
              [
                144.970987,
                -37.818215
              ],
              [
                144.970987,
                -37.81822
              ],
              [
                144.970986,
                -37.81822
              ],
              [
                144.970986,
                -37.818229
              ],
              [
                144.970985,
                -37.818229
              ],
              [
                144.970985,
                -37.818241
              ],
              [
                144.970986,
                -37.818242
              ],
              [
                144.970986,
                -37.818251
              ],
              [
                144.970987,
                -37.818252
              ],
              [
                144.970987,
                -37.818257
              ],
              [
                144.970988,
                -37.818257
              ],
              [
                144.970988,
                -37.818262
              ],
              [
                144.970989,
                -37.818262
              ],
              [
                144.970989,
                -37.818266
              ],
              [
                144.97099,
                -37.818267
              ],
              [
                144.97099,
                -37.81827
              ],
              [
                144.970991,
                -37.818271
              ],
              [
                144.970991,
                -37.818274
              ],
              [
                144.970992,
                -37.818274
              ],
              [
                144.970992,
                -37.818277
              ],
              [
                144.970993,
                -37.818277
              ],
              [
                144.970993,
                -37.81828
              ],
              [
                144.970994,
                -37.818281
              ],
              [
                144.970994,
                -37.818283
              ],
              [
                144.970995,
                -37.818283
              ],
              [
                144.970995,
                -37.818286
              ],
              [
                144.970996,
                -37.818286
              ],
              [
                144.970996,
                -37.818289
              ],
              [
                144.970997,
                -37.818289
              ],
              [
                144.970997,
                -37.818291
              ],
              [
                144.970998,
                -37.818291
              ],
              [
                144.970998,
                -37.818293
              ],
              [
                144.970999,
                -37.818293
              ],
              [
                144.970999,
                -37.818295
              ],
              [
                144.971,
                -37.818295
              ],
              [
                144.971,
                -37.818297
              ],
              [
                144.971001,
                -37.818297
              ],
              [
                144.971001,
                -37.818299
              ],
              [
                144.971002,
                -37.818299
              ],
              [
                144.971002,
                -37.8183
              ],
              [
                144.971003,
                -37.8183
              ],
              [
                144.971007,
                -37.818309
              ],
              [
                144.971019,
                -37.818329
              ],
              [
                144.971032,
                -37.818341
              ],
              [
                144.971046,
                -37.818354
              ],
              [
                144.97106,
                -37.818364
              ],
              [
                144.971077,
                -37.818374
              ],
              [
                144.97108,
                -37.818394
              ],
              [
                144.97108,
                -37.8184
              ],
              [
                144.971062,
                -37.818404
              ],
              [
                144.971036,
                -37.81848
              ],
              [
                144.971032,
                -37.81848
              ],
              [
                144.971103,
                -37.818521
              ],
              [
                144.971515,
                -37.818502
              ],
              [
                144.971491,
                -37.818478
              ],
              [
                144.971457,
                -37.818449
              ],
              [
                144.971444,
                -37.81844
              ],
              [
                144.971431,
                -37.818435
              ],
              [
                144.971423,
                -37.818433
              ],
              [
                144.971413,
                -37.818433
              ],
              [
                144.971408,
                -37.818436
              ],
              [
                144.971396,
                -37.818445
              ],
              [
                144.971382,
                -37.81846
              ],
              [
                144.971365,
                -37.818475
              ],
              [
                144.971346,
                -37.818484
              ],
              [
                144.971324,
                -37.818488
              ],
              [
                144.971299,
                -37.81849
              ],
              [
                144.971277,
                -37.81849
              ],
              [
                144.971253,
                -37.818487
              ],
              [
                144.971231,
                -37.818486
              ],
              [
                144.971211,
                -37.818484
              ],
              [
                144.971205,
                -37.818483
              ],
              [
                144.971228,
                -37.818481
              ],
              [
                144.971205,
                -37.818478
              ],
              [
                144.971231,
                -37.818465
              ],
              [
                144.971238,
                -37.818464
              ],
              [
                144.971264,
                -37.818465
              ],
              [
                144.971296,
                -37.818467
              ],
              [
                144.971319,
                -37.818465
              ],
              [
                144.971337,
                -37.818461
              ],
              [
                144.97135,
                -37.818456
              ],
              [
                144.971358,
                -37.818449
              ],
              [
                144.971368,
                -37.818434
              ],
              [
                144.971379,
                -37.818419
              ],
              [
                144.971385,
                -37.818413
              ],
              [
                144.971393,
                -37.818409
              ],
              [
                144.971404,
                -37.818406
              ],
              [
                144.971414,
                -37.818405
              ],
              [
                144.971427,
                -37.818408
              ],
              [
                144.971447,
                -37.818417
              ],
              [
                144.971482,
                -37.818439
              ],
              [
                144.971535,
                -37.818484
              ],
              [
                144.97155,
                -37.8185
              ],
              [
                144.97176,
                -37.81849
              ],
              [
                144.971715,
                -37.818418
              ],
              [
                144.971714,
                -37.81842
              ],
              [
                144.971661,
                -37.818394
              ],
              [
                144.971625,
                -37.818441
              ],
              [
                144.971578,
                -37.818417
              ],
              [
                144.971624,
                -37.818362
              ],
              [
                144.971624,
                -37.818361
              ],
              [
                144.971586,
                -37.818359
              ],
              [
                144.971586,
                -37.818361
              ],
              [
                144.971574,
                -37.81836
              ],
              [
                144.971574,
                -37.818358
              ],
              [
                144.971536,
                -37.818356
              ],
              [
                144.971536,
                -37.818358
              ],
              [
                144.971524,
                -37.818358
              ],
              [
                144.971524,
                -37.818356
              ],
              [
                144.971487,
                -37.818354
              ],
              [
                144.971487,
                -37.818356
              ],
              [
                144.971475,
                -37.818355
              ],
              [
                144.971475,
                -37.818353
              ],
              [
                144.971437,
                -37.818351
              ],
              [
                144.971436,
                -37.818353
              ],
              [
                144.971423,
                -37.818352
              ],
              [
                144.971424,
                -37.818345
              ],
              [
                144.971425,
                -37.818346
              ],
              [
                144.971428,
                -37.818303
              ],
              [
                144.971426,
                -37.818303
              ],
              [
                144.971427,
                -37.818293
              ],
              [
                144.97143,
                -37.818294
              ],
              [
                144.971432,
                -37.818266
              ],
              [
                144.971429,
                -37.818266
              ],
              [
                144.97143,
                -37.818257
              ],
              [
                144.971433,
                -37.818257
              ],
              [
                144.971436,
                -37.818214
              ],
              [
                144.971433,
                -37.818214
              ],
              [
                144.971434,
                -37.818205
              ],
              [
                144.971446,
                -37.818206
              ],
              [
                144.971445,
                -37.818208
              ],
              [
                144.971477,
                -37.818209
              ],
              [
                144.971477,
                -37.818207
              ],
              [
                144.971496,
                -37.818208
              ],
              [
                144.971496,
                -37.81821
              ],
              [
                144.971534,
                -37.818212
              ],
              [
                144.971534,
                -37.81821
              ],
              [
                144.971546,
                -37.818211
              ],
              [
                144.971545,
                -37.818213
              ],
              [
                144.971584,
                -37.818214
              ],
              [
                144.971584,
                -37.818213
              ],
              [
                144.971595,
                -37.818213
              ],
              [
                144.971595,
                -37.818215
              ],
              [
                144.971633,
                -37.818215
              ],
              [
                144.971628,
                -37.818193
              ],
              [
                144.971715,
                -37.818187
              ],
              [
                144.971769,
                -37.818183
              ],
              [
                144.971655,
                -37.818084
              ],
              [
                144.97165,
                -37.818079
              ],
              [
                144.971787,
                -37.81803
              ],
              [
                144.971927,
                -37.817977
              ],
              [
                144.97233,
                -37.817829
              ],
              [
                144.972334,
                -37.817828
              ],
              [
                144.972335,
                -37.817827
              ],
              [
                144.972678,
                -37.817719
              ],
              [
                144.97272,
                -37.817706
              ],
              [
                144.972724,
                -37.817705
              ],
              [
                144.972723,
                -37.817704
              ],
              [
                144.972721,
                -37.817701
              ],
              [
                144.97276,
                -37.817689
              ],
              [
                144.972734,
                -37.817664
              ],
              [
                144.972528,
                -37.817708
              ],
              [
                144.972265,
                -37.817764
              ],
              [
                144.972269,
                -37.817769
              ],
              [
                144.972194,
                -37.817863
              ],
              [
                144.972062,
                -37.817912
              ],
              [
                144.971639,
                -37.818067
              ],
              [
                144.971636,
                -37.818069
              ],
              [
                144.971634,
                -37.818064
              ],
              [
                144.971631,
                -37.818065
              ],
              [
                144.971625,
                -37.818052
              ],
              [
                144.971613,
                -37.818032
              ],
              [
                144.971609,
                -37.818027
              ],
              [
                144.971606,
                -37.818023
              ],
              [
                144.971591,
                -37.818031
              ],
              [
                144.971604,
                -37.81805
              ],
              [
                144.971614,
                -37.818069
              ],
              [
                144.971613,
                -37.81807
              ],
              [
                144.971611,
                -37.81807
              ],
              [
                144.971611,
                -37.818071
              ],
              [
                144.971608,
                -37.818071
              ],
              [
                144.971607,
                -37.818072
              ],
              [
                144.971604,
                -37.818072
              ],
              [
                144.971603,
                -37.818073
              ],
              [
                144.971601,
                -37.818073
              ],
              [
                144.9716,
                -37.818074
              ],
              [
                144.971598,
                -37.818074
              ],
              [
                144.971597,
                -37.818075
              ],
              [
                144.971594,
                -37.818075
              ],
              [
                144.971594,
                -37.818076
              ],
              [
                144.971591,
                -37.818076
              ],
              [
                144.97159,
                -37.818077
              ],
              [
                144.971587,
                -37.818077
              ],
              [
                144.971587,
                -37.818078
              ],
              [
                144.971585,
                -37.818078
              ],
              [
                144.971584,
                -37.818079
              ],
              [
                144.971582,
                -37.818079
              ],
              [
                144.971581,
                -37.81808
              ],
              [
                144.971579,
                -37.81808
              ],
              [
                144.971578,
                -37.818081
              ],
              [
                144.971576,
                -37.818081
              ],
              [
                144.971576,
                -37.818082
              ],
              [
                144.971573,
                -37.818082
              ],
              [
                144.971573,
                -37.818083
              ],
              [
                144.97157,
                -37.818083
              ],
              [
                144.97157,
                -37.818084
              ],
              [
                144.971568,
                -37.818084
              ],
              [
                144.971567,
                -37.818085
              ],
              [
                144.971566,
                -37.818085
              ],
              [
                144.971566,
                -37.818086
              ],
              [
                144.971564,
                -37.818086
              ],
              [
                144.971564,
                -37.818087
              ],
              [
                144.971563,
                -37.818087
              ],
              [
                144.971562,
                -37.818088
              ],
              [
                144.971561,
                -37.818088
              ],
              [
                144.971559,
                -37.81809
              ],
              [
                144.971558,
                -37.81809
              ],
              [
                144.971558,
                -37.818091
              ],
              [
                144.971556,
                -37.818091
              ],
              [
                144.971556,
                -37.818092
              ],
              [
                144.971555,
                -37.818092
              ],
              [
                144.971554,
                -37.818093
              ],
              [
                144.971553,
                -37.818093
              ],
              [
                144.971551,
                -37.818095
              ],
              [
                144.97155,
                -37.818095
              ],
              [
                144.971546,
                -37.818099
              ],
              [
                144.971531,
                -37.818108
              ],
              [
                144.971525,
                -37.818111
              ],
              [
                144.971515,
                -37.818114
              ],
              [
                144.971514,
                -37.818114
              ],
              [
                144.971514,
                -37.818115
              ],
              [
                144.971511,
                -37.818115
              ],
              [
                144.971511,
                -37.818116
              ],
              [
                144.971508,
                -37.818116
              ],
              [
                144.971508,
                -37.818117
              ],
              [
                144.971505,
                -37.818117
              ],
              [
                144.971504,
                -37.818118
              ],
              [
                144.9715,
                -37.818118
              ],
              [
                144.971499,
                -37.818119
              ],
              [
                144.971495,
                -37.818119
              ],
              [
                144.971494,
                -37.81812
              ],
              [
                144.971491,
                -37.81812
              ],
              [
                144.97149,
                -37.818121
              ],
              [
                144.971486,
                -37.818121
              ],
              [
                144.971485,
                -37.818122
              ],
              [
                144.97148,
                -37.818122
              ],
              [
                144.971479,
                -37.818123
              ],
              [
                144.971475,
                -37.818123
              ],
              [
                144.971474,
                -37.818124
              ],
              [
                144.971468,
                -37.818124
              ],
              [
                144.971468,
                -37.818125
              ],
              [
                144.971462,
                -37.818125
              ],
              [
                144.971462,
                -37.818126
              ],
              [
                144.971455,
                -37.818126
              ],
              [
                144.971455,
                -37.818127
              ],
              [
                144.971451,
                -37.818127
              ],
              [
                144.97145,
                -37.818128
              ],
              [
                144.971447,
                -37.818128
              ],
              [
                144.971446,
                -37.818129
              ],
              [
                144.971443,
                -37.818129
              ],
              [
                144.971443,
                -37.81813
              ],
              [
                144.97144,
                -37.81813
              ],
              [
                144.97144,
                -37.818131
              ],
              [
                144.971437,
                -37.818131
              ],
              [
                144.971437,
                -37.818132
              ],
              [
                144.971435,
                -37.818132
              ],
              [
                144.971434,
                -37.818133
              ],
              [
                144.971432,
                -37.818133
              ],
              [
                144.971431,
                -37.818134
              ],
              [
                144.97143,
                -37.818134
              ],
              [
                144.971429,
                -37.818135
              ],
              [
                144.971427,
                -37.818135
              ],
              [
                144.971427,
                -37.818136
              ],
              [
                144.971425,
                -37.818136
              ],
              [
                144.971425,
                -37.818137
              ],
              [
                144.971423,
                -37.818137
              ],
              [
                144.971422,
                -37.818138
              ],
              [
                144.971421,
                -37.818138
              ],
              [
                144.971421,
                -37.818139
              ],
              [
                144.971419,
                -37.818139
              ],
              [
                144.971418,
                -37.81814
              ],
              [
                144.971417,
                -37.81814
              ],
              [
                144.971416,
                -37.818141
              ],
              [
                144.971415,
                -37.818141
              ],
              [
                144.971415,
                -37.818142
              ],
              [
                144.971413,
                -37.818142
              ],
              [
                144.971413,
                -37.818143
              ],
              [
                144.971412,
                -37.818143
              ],
              [
                144.971411,
                -37.818144
              ],
              [
                144.97141,
                -37.818144
              ],
              [
                144.97141,
                -37.818145
              ],
              [
                144.971408,
                -37.818145
              ],
              [
                144.971408,
                -37.818146
              ],
              [
                144.971407,
                -37.818146
              ],
              [
                144.971407,
                -37.818147
              ],
              [
                144.971406,
                -37.818147
              ],
              [
                144.971405,
                -37.818148
              ],
              [
                144.971404,
                -37.818148
              ],
              [
                144.971404,
                -37.818149
              ],
              [
                144.971403,
                -37.818149
              ],
              [
                144.971403,
                -37.81815
              ],
              [
                144.971402,
                -37.81815
              ],
              [
                144.971402,
                -37.818151
              ],
              [
                144.971401,
                -37.818151
              ],
              [
                144.971401,
                -37.818152
              ],
              [
                144.9714,
                -37.818152
              ],
              [
                144.9714,
                -37.818153
              ],
              [
                144.971399,
                -37.818153
              ],
              [
                144.971399,
                -37.818154
              ],
              [
                144.971398,
                -37.818154
              ],
              [
                144.971398,
                -37.818155
              ],
              [
                144.97139,
                -37.818155
              ],
              [
                144.97139,
                -37.818156
              ],
              [
                144.971388,
                -37.818156
              ],
              [
                144.971387,
                -37.818157
              ],
              [
                144.971386,
                -37.818157
              ],
              [
                144.971385,
                -37.818158
              ],
              [
                144.971384,
                -37.818158
              ],
              [
                144.971383,
                -37.818159
              ],
              [
                144.971374,
                -37.818165
              ],
              [
                144.971372,
                -37.818166
              ],
              [
                144.971367,
                -37.818167
              ],
              [
                144.971361,
                -37.818166
              ],
              [
                144.971351,
                -37.818164
              ],
              [
                144.971341,
                -37.818161
              ],
              [
                144.971329,
                -37.818159
              ],
              [
                144.97132,
                -37.818159
              ],
              [
                144.971307,
                -37.81816
              ],
              [
                144.971288,
                -37.818163
              ],
              [
                144.97128,
                -37.818162
              ],
              [
                144.971274,
                -37.81816
              ],
              [
                144.971269,
                -37.818155
              ],
              [
                144.971264,
                -37.818145
              ],
              [
                144.971264,
                -37.818134
              ],
              [
                144.97126,
                -37.818125
              ],
              [
                144.971256,
                -37.818119
              ],
              [
                144.971249,
                -37.818111
              ],
              [
                144.971237,
                -37.818103
              ],
              [
                144.971223,
                -37.818095
              ],
              [
                144.971211,
                -37.818091
              ],
              [
                144.971211,
                -37.818092
              ],
              [
                144.971212,
                -37.818093
              ],
              [
                144.971212,
                -37.818094
              ],
              [
                144.971211,
                -37.818094
              ],
              [
                144.971211,
                -37.8181
              ],
              [
                144.97121,
                -37.818101
              ],
              [
                144.97121,
                -37.818103
              ],
              [
                144.971209,
                -37.818104
              ],
              [
                144.971209,
                -37.818105
              ],
              [
                144.971208,
                -37.818106
              ],
              [
                144.971208,
                -37.818107
              ],
              [
                144.971207,
                -37.818107
              ],
              [
                144.971207,
                -37.818108
              ],
              [
                144.971203,
                -37.818112
              ],
              [
                144.971202,
                -37.818112
              ],
              [
                144.971202,
                -37.818113
              ],
              [
                144.971201,
                -37.818113
              ],
              [
                144.971201,
                -37.818114
              ],
              [
                144.9712,
                -37.818114
              ],
              [
                144.9712,
                -37.818115
              ],
              [
                144.971198,
                -37.818115
              ],
              [
                144.971198,
                -37.818116
              ],
              [
                144.971197,
                -37.818116
              ],
              [
                144.971196,
                -37.818117
              ],
              [
                144.971194,
                -37.818117
              ],
              [
                144.971193,
                -37.818118
              ],
              [
                144.971191,
                -37.818118
              ],
              [
                144.97119,
                -37.818119
              ],
              [
                144.971186,
                -37.818119
              ],
              [
                144.971185,
                -37.81812
              ],
              [
                144.971175,
                -37.81812
              ],
              [
                144.971175,
                -37.818119
              ],
              [
                144.97117,
                -37.818119
              ],
              [
                144.971169,
                -37.818118
              ],
              [
                144.971167,
                -37.818118
              ],
              [
                144.971166,
                -37.818117
              ],
              [
                144.971164,
                -37.818117
              ],
              [
                144.971164,
                -37.818116
              ],
              [
                144.971162,
                -37.818116
              ],
              [
                144.971162,
                -37.818115
              ],
              [
                144.97116,
                -37.818115
              ],
              [
                144.97116,
                -37.818114
              ],
              [
                144.971159,
                -37.818114
              ],
              [
                144.971159,
                -37.818113
              ],
              [
                144.971158,
                -37.818113
              ],
              [
                144.971157,
                -37.818112
              ],
              [
                144.971156,
                -37.818112
              ],
              [
                144.971156,
                -37.818111
              ],
              [
                144.971155,
                -37.818111
              ],
              [
                144.971155,
                -37.81811
              ],
              [
                144.971154,
                -37.81811
              ],
              [
                144.971154,
                -37.818109
              ],
              [
                144.971153,
                -37.818109
              ],
              [
                144.971153,
                -37.818108
              ],
              [
                144.971152,
                -37.818107
              ],
              [
                144.971152,
                -37.818106
              ],
              [
                144.971151,
                -37.818106
              ],
              [
                144.971151,
                -37.818104
              ],
              [
                144.97115,
                -37.818104
              ],
              [
                144.97115,
                -37.818102
              ],
              [
                144.971149,
                -37.818102
              ],
              [
                144.971149,
                -37.818101
              ],
              [
                144.971152,
                -37.818097
              ],
              [
                144.97116,
                -37.818086
              ],
              [
                144.971171,
                -37.818075
              ],
              [
                144.971181,
                -37.818066
              ],
              [
                144.971185,
                -37.818062
              ],
              [
                144.971189,
                -37.818059
              ],
              [
                144.971207,
                -37.818049
              ],
              [
                144.971227,
                -37.818041
              ],
              [
                144.971234,
                -37.818038
              ],
              [
                144.971236,
                -37.818038
              ],
              [
                144.971237,
                -37.818037
              ],
              [
                144.971239,
                -37.818037
              ],
              [
                144.971239,
                -37.818036
              ],
              [
                144.971242,
                -37.818036
              ],
              [
                144.971243,
                -37.818035
              ],
              [
                144.971246,
                -37.818035
              ],
              [
                144.971246,
                -37.818034
              ],
              [
                144.97125,
                -37.818034
              ],
              [
                144.97125,
                -37.818033
              ],
              [
                144.971254,
                -37.818033
              ],
              [
                144.971254,
                -37.818032
              ],
              [
                144.971255,
                -37.818032
              ],
              [
                144.971265,
                -37.81803
              ],
              [
                144.971272,
                -37.818057
              ],
              [
                144.971273,
                -37.818058
              ],
              [
                144.971272,
                -37.818058
              ],
              [
                144.971272,
                -37.818059
              ],
              [
                144.971271,
                -37.818059
              ],
              [
                144.971271,
                -37.81806
              ],
              [
                144.97127,
                -37.81806
              ],
              [
                144.97127,
                -37.818061
              ],
              [
                144.971269,
                -37.818061
              ],
              [
                144.971269,
                -37.818063
              ],
              [
                144.971268,
                -37.818063
              ],
              [
                144.971268,
                -37.818071
              ],
              [
                144.971269,
                -37.818071
              ],
              [
                144.971269,
                -37.818073
              ],
              [
                144.97127,
                -37.818073
              ],
              [
                144.97127,
                -37.818074
              ],
              [
                144.971271,
                -37.818074
              ],
              [
                144.971271,
                -37.818075
              ],
              [
                144.971272,
                -37.818075
              ],
              [
                144.971273,
                -37.818076
              ],
              [
                144.971274,
                -37.818076
              ],
              [
                144.971274,
                -37.818077
              ],
              [
                144.971276,
                -37.818077
              ],
              [
                144.971276,
                -37.818078
              ],
              [
                144.97128,
                -37.818078
              ],
              [
                144.971281,
                -37.818079
              ],
              [
                144.971283,
                -37.818079
              ],
              [
                144.971284,
                -37.818078
              ],
              [
                144.971288,
                -37.818078
              ],
              [
                144.971289,
                -37.818077
              ],
              [
                144.97129,
                -37.818077
              ],
              [
                144.971291,
                -37.818076
              ],
              [
                144.971292,
                -37.818076
              ],
              [
                144.971295,
                -37.818073
              ],
              [
                144.971295,
                -37.818072
              ],
              [
                144.971297,
                -37.818066
              ],
              [
                144.971296,
                -37.818064
              ],
              [
                144.971295,
                -37.818063
              ],
              [
                144.971295,
                -37.818062
              ],
              [
                144.971294,
                -37.818062
              ],
              [
                144.971294,
                -37.818061
              ],
              [
                144.971292,
                -37.818059
              ],
              [
                144.971291,
                -37.818059
              ],
              [
                144.971291,
                -37.818058
              ],
              [
                144.97129,
                -37.818058
              ],
              [
                144.971289,
                -37.818057
              ],
              [
                144.971288,
                -37.818057
              ],
              [
                144.971287,
                -37.818056
              ],
              [
                144.971286,
                -37.818056
              ],
              [
                144.971286,
                -37.818054
              ],
              [
                144.97128,
                -37.81803
              ],
              [
                144.97128,
                -37.818028
              ],
              [
                144.971292,
                -37.818027
              ],
              [
                144.971323,
                -37.818027
              ],
              [
                144.971324,
                -37.818028
              ],
              [
                144.971333,
                -37.818028
              ],
              [
                144.971334,
                -37.818029
              ],
              [
                144.971341,
                -37.818029
              ],
              [
                144.971342,
                -37.81803
              ],
              [
                144.971349,
                -37.81803
              ],
              [
                144.971349,
                -37.818031
              ],
              [
                144.971355,
                -37.818031
              ],
              [
                144.971356,
                -37.818032
              ],
              [
                144.97136,
                -37.818032
              ],
              [
                144.97136,
                -37.818033
              ],
              [
                144.971363,
                -37.818033
              ],
              [
                144.971364,
                -37.818034
              ],
              [
                144.971366,
                -37.818034
              ],
              [
                144.971367,
                -37.818035
              ],
              [
                144.971369,
                -37.818035
              ],
              [
                144.97137,
                -37.818036
              ],
              [
                144.971372,
                -37.818036
              ],
              [
                144.971373,
                -37.818037
              ],
              [
                144.971375,
                -37.818037
              ],
              [
                144.971375,
                -37.818038
              ],
              [
                144.971376,
                -37.818038
              ],
              [
                144.971379,
                -37.81804
              ],
              [
                144.97138,
                -37.81804
              ],
              [
                144.971378,
                -37.818042
              ],
              [
                144.971392,
                -37.818047
              ],
              [
                144.971392,
                -37.818048
              ],
              [
                144.971394,
                -37.818045
              ],
              [
                144.971397,
                -37.818047
              ],
              [
                144.971399,
                -37.818047
              ],
              [
                144.9714,
                -37.818048
              ],
              [
                144.971401,
                -37.818048
              ],
              [
                144.971402,
                -37.818049
              ],
              [
                144.971404,
                -37.818049
              ],
              [
                144.971404,
                -37.81805
              ],
              [
                144.971405,
                -37.81805
              ],
              [
                144.971406,
                -37.818051
              ],
              [
                144.971407,
                -37.818051
              ],
              [
                144.971408,
                -37.818052
              ],
              [
                144.971409,
                -37.818052
              ],
              [
                144.971409,
                -37.818053
              ],
              [
                144.971411,
                -37.818053
              ],
              [
                144.971411,
                -37.818054
              ],
              [
                144.971413,
                -37.818054
              ],
              [
                144.971413,
                -37.818055
              ],
              [
                144.971414,
                -37.818055
              ],
              [
                144.971415,
                -37.818056
              ],
              [
                144.971416,
                -37.818056
              ],
              [
                144.971416,
                -37.818057
              ],
              [
                144.971417,
                -37.818057
              ],
              [
                144.971417,
                -37.818058
              ],
              [
                144.971419,
                -37.818058
              ],
              [
                144.971419,
                -37.818059
              ],
              [
                144.97142,
                -37.818059
              ],
              [
                144.97142,
                -37.81806
              ],
              [
                144.971421,
                -37.81806
              ],
              [
                144.971422,
                -37.818061
              ],
              [
                144.971423,
                -37.818061
              ],
              [
                144.971423,
                -37.818062
              ],
              [
                144.971424,
                -37.818062
              ],
              [
                144.971424,
                -37.818063
              ],
              [
                144.971426,
                -37.818063
              ],
              [
                144.971426,
                -37.818064
              ],
              [
                144.971427,
                -37.818064
              ],
              [
                144.971427,
                -37.818065
              ],
              [
                144.971428,
                -37.818065
              ],
              [
                144.97143,
                -37.818067
              ],
              [
                144.971431,
                -37.818067
              ],
              [
                144.971431,
                -37.818068
              ],
              [
                144.971432,
                -37.818068
              ],
              [
                144.971432,
                -37.818069
              ],
              [
                144.971433,
                -37.818069
              ],
              [
                144.971434,
                -37.81807
              ],
              [
                144.971435,
                -37.81807
              ],
              [
                144.971435,
                -37.818071
              ],
              [
                144.971436,
                -37.818071
              ],
              [
                144.971436,
                -37.818072
              ],
              [
                144.971437,
                -37.818072
              ],
              [
                144.971439,
                -37.818074
              ],
              [
                144.97144,
                -37.818074
              ],
              [
                144.97144,
                -37.818075
              ],
              [
                144.971441,
                -37.818075
              ],
              [
                144.971441,
                -37.818076
              ],
              [
                144.971442,
                -37.818076
              ],
              [
                144.971442,
                -37.818077
              ],
              [
                144.971443,
                -37.818077
              ],
              [
                144.971443,
                -37.818078
              ],
              [
                144.971444,
                -37.818078
              ],
              [
                144.971444,
                -37.818079
              ],
              [
                144.971445,
                -37.818079
              ],
              [
                144.971445,
                -37.81808
              ],
              [
                144.971446,
                -37.81808
              ],
              [
                144.971446,
                -37.818081
              ],
              [
                144.97145,
                -37.818085
              ],
              [
                144.971464,
                -37.818091
              ],
              [
                144.971474,
                -37.818086
              ],
              [
                144.971474,
                -37.818076
              ],
              [
                144.971473,
                -37.818076
              ],
              [
                144.971473,
                -37.818075
              ],
              [
                144.971472,
                -37.818074
              ],
              [
                144.971471,
                -37.818074
              ],
              [
                144.971471,
                -37.818073
              ],
              [
                144.971467,
                -37.818069
              ],
              [
                144.971467,
                -37.818068
              ],
              [
                144.971466,
                -37.818068
              ],
              [
                144.971465,
                -37.818067
              ],
              [
                144.971465,
                -37.818066
              ],
              [
                144.971464,
                -37.818066
              ],
              [
                144.97146,
                -37.818062
              ],
              [
                144.971459,
                -37.818062
              ],
              [
                144.971459,
                -37.818061
              ],
              [
                144.971458,
                -37.818061
              ],
              [
                144.971458,
                -37.81806
              ],
              [
                144.971457,
                -37.81806
              ],
              [
                144.971457,
                -37.818059
              ],
              [
                144.971456,
                -37.818059
              ],
              [
                144.971456,
                -37.818058
              ],
              [
                144.971455,
                -37.818058
              ],
              [
                144.971453,
                -37.818056
              ],
              [
                144.971452,
                -37.818056
              ],
              [
                144.971449,
                -37.818053
              ],
              [
                144.971448,
                -37.818053
              ],
              [
                144.971448,
                -37.818052
              ],
              [
                144.971447,
                -37.818052
              ],
              [
                144.971446,
                -37.818051
              ],
              [
                144.971445,
                -37.818051
              ],
              [
                144.971445,
                -37.81805
              ],
              [
                144.971444,
                -37.81805
              ],
              [
                144.971444,
                -37.818049
              ],
              [
                144.971443,
                -37.818049
              ],
              [
                144.971442,
                -37.818048
              ],
              [
                144.971441,
                -37.818048
              ],
              [
                144.971441,
                -37.818047
              ],
              [
                144.97144,
                -37.818047
              ],
              [
                144.97144,
                -37.818046
              ],
              [
                144.971439,
                -37.818046
              ],
              [
                144.971438,
                -37.818045
              ],
              [
                144.971437,
                -37.818045
              ],
              [
                144.971437,
                -37.818044
              ],
              [
                144.971436,
                -37.818044
              ],
              [
                144.971436,
                -37.818043
              ],
              [
                144.971435,
                -37.818043
              ],
              [
                144.971434,
                -37.818042
              ],
              [
                144.971433,
                -37.818042
              ],
              [
                144.971433,
                -37.818041
              ],
              [
                144.971432,
                -37.818041
              ],
              [
                144.971432,
                -37.81804
              ],
              [
                144.97143,
                -37.81804
              ],
              [
                144.97143,
                -37.818039
              ],
              [
                144.971429,
                -37.818039
              ],
              [
                144.971428,
                -37.818038
              ],
              [
                144.971427,
                -37.818038
              ],
              [
                144.971427,
                -37.818037
              ],
              [
                144.971425,
                -37.818037
              ],
              [
                144.971425,
                -37.818036
              ],
              [
                144.971424,
                -37.818036
              ],
              [
                144.971424,
                -37.818035
              ],
              [
                144.971422,
                -37.818035
              ],
              [
                144.971422,
                -37.818034
              ],
              [
                144.97142,
                -37.818034
              ],
              [
                144.971419,
                -37.818033
              ],
              [
                144.971418,
                -37.818033
              ],
              [
                144.971417,
                -37.818032
              ],
              [
                144.971416,
                -37.818032
              ],
              [
                144.971415,
                -37.818031
              ],
              [
                144.971414,
                -37.818031
              ],
              [
                144.971414,
                -37.81803
              ],
              [
                144.971413,
                -37.81803
              ],
              [
                144.971411,
                -37.818029
              ],
              [
                144.971385,
                -37.818019
              ],
              [
                144.971384,
                -37.818019
              ],
              [
                144.971384,
                -37.818018
              ],
              [
                144.971381,
                -37.818018
              ],
              [
                144.971381,
                -37.818017
              ],
              [
                144.971378,
                -37.818017
              ],
              [
                144.971378,
                -37.818016
              ],
              [
                144.971375,
                -37.818016
              ],
              [
                144.971374,
                -37.818015
              ],
              [
                144.971372,
                -37.818015
              ],
              [
                144.971371,
                -37.818014
              ],
              [
                144.971367,
                -37.818014
              ],
              [
                144.971367,
                -37.818013
              ],
              [
                144.971363,
                -37.818013
              ],
              [
                144.971363,
                -37.818012
              ],
              [
                144.971359,
                -37.818012
              ],
              [
                144.971358,
                -37.818011
              ],
              [
                144.971355,
                -37.818011
              ],
              [
                144.971354,
                -37.81801
              ],
              [
                144.971349,
                -37.81801
              ],
              [
                144.971348,
                -37.818009
              ],
              [
                144.971344,
                -37.818009
              ],
              [
                144.971342,
                -37.818008
              ],
              [
                144.971335,
                -37.818008
              ],
              [
                144.971334,
                -37.818007
              ],
              [
                144.971327,
                -37.818007
              ],
              [
                144.971326,
                -37.818006
              ],
              [
                144.971297,
                -37.818006
              ],
              [
                144.971297,
                -37.818004
              ],
              [
                144.971296,
                -37.817995
              ],
              [
                144.971282,
                -37.817996
              ],
              [
                144.971278,
                -37.817996
              ],
              [
                144.971279,
                -37.818006
              ],
              [
                144.971275,
                -37.818006
              ],
              [
                144.971274,
                -37.818007
              ],
              [
                144.971267,
                -37.818007
              ],
              [
                144.971267,
                -37.818008
              ],
              [
                144.971262,
                -37.818008
              ],
              [
                144.971261,
                -37.818009
              ],
              [
                144.971256,
                -37.818009
              ],
              [
                144.971256,
                -37.81801
              ],
              [
                144.971251,
                -37.81801
              ],
              [
                144.971251,
                -37.818011
              ],
              [
                144.971247,
                -37.818011
              ],
              [
                144.971246,
                -37.818012
              ],
              [
                144.971243,
                -37.818012
              ],
              [
                144.971242,
                -37.818013
              ],
              [
                144.971239,
                -37.818013
              ],
              [
                144.971238,
                -37.818014
              ],
              [
                144.971235,
                -37.818014
              ],
              [
                144.971234,
                -37.818015
              ],
              [
                144.971233,
                -37.818015
              ],
              [
                144.971232,
                -37.818016
              ],
              [
                144.971229,
                -37.818016
              ],
              [
                144.971228,
                -37.818017
              ],
              [
                144.971226,
                -37.818017
              ],
              [
                144.971225,
                -37.818018
              ],
              [
                144.971223,
                -37.818018
              ],
              [
                144.971222,
                -37.818019
              ],
              [
                144.97122,
                -37.818019
              ],
              [
                144.971219,
                -37.81802
              ],
              [
                144.971217,
                -37.81802
              ],
              [
                144.971217,
                -37.818021
              ],
              [
                144.971215,
                -37.818021
              ],
              [
                144.971214,
                -37.818022
              ],
              [
                144.971212,
                -37.818022
              ],
              [
                144.971211,
                -37.818023
              ],
              [
                144.97121,
                -37.818023
              ],
              [
                144.971209,
                -37.818024
              ],
              [
                144.971207,
                -37.818024
              ],
              [
                144.971206,
                -37.818025
              ],
              [
                144.971204,
                -37.818025
              ],
              [
                144.971204,
                -37.818026
              ],
              [
                144.971203,
                -37.818026
              ],
              [
                144.971202,
                -37.818027
              ],
              [
                144.971201,
                -37.818027
              ],
              [
                144.971198,
                -37.818028
              ],
              [
                144.971193,
                -37.818032
              ],
              [
                144.971192,
                -37.818032
              ],
              [
                144.971189,
                -37.818034
              ],
              [
                144.971176,
                -37.818041
              ],
              [
                144.971175,
                -37.818042
              ],
              [
                144.971174,
                -37.818042
              ],
              [
                144.971174,
                -37.818043
              ],
              [
                144.971173,
                -37.818043
              ],
              [
                144.971172,
                -37.818044
              ],
              [
                144.971171,
                -37.818044
              ],
              [
                144.971171,
                -37.818045
              ],
              [
                144.97117,
                -37.818045
              ],
              [
                144.971169,
                -37.818046
              ],
              [
                144.971168,
                -37.818046
              ],
              [
                144.971168,
                -37.818047
              ],
              [
                144.971167,
                -37.818047
              ],
              [
                144.971167,
                -37.818048
              ],
              [
                144.971166,
                -37.818048
              ],
              [
                144.971165,
                -37.818049
              ],
              [
                144.971164,
                -37.818049
              ],
              [
                144.971164,
                -37.81805
              ],
              [
                144.971163,
                -37.81805
              ],
              [
                144.971161,
                -37.818052
              ],
              [
                144.97116,
                -37.818052
              ],
              [
                144.97116,
                -37.818053
              ],
              [
                144.971159,
                -37.818053
              ],
              [
                144.971159,
                -37.818054
              ],
              [
                144.971158,
                -37.818054
              ],
              [
                144.971156,
                -37.818056
              ],
              [
                144.971155,
                -37.818056
              ],
              [
                144.971155,
                -37.818057
              ],
              [
                144.971154,
                -37.818057
              ],
              [
                144.971154,
                -37.818058
              ],
              [
                144.971153,
                -37.818058
              ],
              [
                144.971153,
                -37.818059
              ],
              [
                144.971152,
                -37.818059
              ],
              [
                144.971152,
                -37.81806
              ],
              [
                144.971151,
                -37.81806
              ],
              [
                144.971151,
                -37.818061
              ],
              [
                144.97115,
                -37.818061
              ],
              [
                144.97115,
                -37.818062
              ],
              [
                144.971149,
                -37.818062
              ],
              [
                144.971148,
                -37.818063
              ],
              [
                144.971148,
                -37.818064
              ],
              [
                144.971147,
                -37.818064
              ],
              [
                144.971147,
                -37.818065
              ],
              [
                144.971146,
                -37.818065
              ],
              [
                144.971146,
                -37.818066
              ],
              [
                144.971145,
                -37.818066
              ],
              [
                144.971145,
                -37.818067
              ],
              [
                144.971144,
                -37.818067
              ],
              [
                144.971144,
                -37.818068
              ],
              [
                144.971143,
                -37.818068
              ],
              [
                144.971143,
                -37.818069
              ],
              [
                144.971142,
                -37.818069
              ],
              [
                144.971142,
                -37.81807
              ],
              [
                144.971141,
                -37.81807
              ],
              [
                144.971141,
                -37.818071
              ],
              [
                144.971139,
                -37.818073
              ],
              [
                144.971139,
                -37.818074
              ],
              [
                144.971138,
                -37.818074
              ],
              [
                144.971136,
                -37.818076
              ],
              [
                144.971129,
                -37.818079
              ],
              [
                144.971115,
                -37.818082
              ],
              [
                144.971112,
                -37.818083
              ],
              [
                144.971108,
                -37.818084
              ],
              [
                144.971103,
                -37.818086
              ],
              [
                144.971102,
                -37.818086
              ],
              [
                144.9711,
                -37.818087
              ],
              [
                144.971091,
                -37.818091
              ],
              [
                144.971085,
                -37.818094
              ],
              [
                144.971084,
                -37.818094
              ],
              [
                144.971067,
                -37.818104
              ],
              [
                144.971056,
                -37.818111
              ],
              [
                144.971043,
                -37.81812
              ],
              [
                144.971032,
                -37.81813
              ],
              [
                144.971025,
                -37.818138
              ],
              [
                144.971018,
                -37.818147
              ],
              [
                144.971013,
                -37.818152
              ],
              [
                144.971009,
                -37.818162
              ],
              [
                144.971008,
                -37.818164
              ],
              [
                144.971005,
                -37.818169
              ],
              [
                144.97099,
                -37.818159
              ],
              [
                144.970988,
                -37.818158
              ],
              [
                144.970984,
                -37.818155
              ],
              [
                144.970973,
                -37.818142
              ],
              [
                144.970959,
                -37.818124
              ],
              [
                144.970958,
                -37.818123
              ],
              [
                144.970948,
                -37.818111
              ],
              [
                144.970945,
                -37.818102
              ],
              [
                144.970944,
                -37.818096
              ],
              [
                144.970945,
                -37.818074
              ],
              [
                144.970945,
                -37.818069
              ],
              [
                144.970948,
                -37.818049
              ],
              [
                144.970957,
                -37.818035
              ],
              [
                144.970917,
                -37.818046
              ]
            ],
            [
              [
                144.971014,
                -37.818245
              ],
              [
                144.971014,
                -37.818225
              ],
              [
                144.971015,
                -37.818225
              ],
              [
                144.971015,
                -37.818222
              ],
              [
                144.971016,
                -37.818221
              ],
              [
                144.971016,
                -37.818217
              ],
              [
                144.971017,
                -37.818217
              ],
              [
                144.971017,
                -37.818213
              ],
              [
                144.971018,
                -37.818213
              ],
              [
                144.971018,
                -37.818209
              ],
              [
                144.971019,
                -37.818209
              ],
              [
                144.971019,
                -37.818206
              ],
              [
                144.97102,
                -37.818206
              ],
              [
                144.97102,
                -37.818203
              ],
              [
                144.971021,
                -37.818203
              ],
              [
                144.971021,
                -37.8182
              ],
              [
                144.971022,
                -37.8182
              ],
              [
                144.971022,
                -37.818198
              ],
              [
                144.971023,
                -37.818198
              ],
              [
                144.971023,
                -37.818196
              ],
              [
                144.971024,
                -37.818195
              ],
              [
                144.971024,
                -37.818194
              ],
              [
                144.971039,
                -37.818199
              ],
              [
                144.971049,
                -37.818204
              ],
              [
                144.971053,
                -37.818207
              ],
              [
                144.971055,
                -37.818209
              ],
              [
                144.971059,
                -37.818215
              ],
              [
                144.971062,
                -37.818222
              ],
              [
                144.971063,
                -37.818228
              ],
              [
                144.971065,
                -37.818228
              ],
              [
                144.971066,
                -37.818227
              ],
              [
                144.971069,
                -37.818227
              ],
              [
                144.97107,
                -37.818226
              ],
              [
                144.971079,
                -37.818226
              ],
              [
                144.971081,
                -37.818227
              ],
              [
                144.971083,
                -37.818227
              ],
              [
                144.971084,
                -37.818228
              ],
              [
                144.971086,
                -37.818228
              ],
              [
                144.971087,
                -37.818229
              ],
              [
                144.971088,
                -37.818229
              ],
              [
                144.971091,
                -37.818232
              ],
              [
                144.971092,
                -37.818232
              ],
              [
                144.971093,
                -37.818233
              ],
              [
                144.971093,
                -37.818234
              ],
              [
                144.971095,
                -37.818236
              ],
              [
                144.971095,
                -37.818237
              ],
              [
                144.971096,
                -37.818238
              ],
              [
                144.971096,
                -37.818241
              ],
              [
                144.9711,
                -37.818253
              ],
              [
                144.971102,
                -37.818255
              ],
              [
                144.971103,
                -37.818258
              ],
              [
                144.971105,
                -37.818261
              ],
              [
                144.971107,
                -37.818263
              ],
              [
                144.971109,
                -37.818266
              ],
              [
                144.971112,
                -37.818268
              ],
              [
                144.971114,
                -37.81827
              ],
              [
                144.971126,
                -37.818278
              ],
              [
                144.971129,
                -37.818275
              ],
              [
                144.971134,
                -37.818267
              ],
              [
                144.971135,
                -37.818266
              ],
              [
                144.971137,
                -37.818266
              ],
              [
                144.971137,
                -37.818267
              ],
              [
                144.971138,
                -37.818267
              ],
              [
                144.971139,
                -37.818268
              ],
              [
                144.971141,
                -37.818268
              ],
              [
                144.971141,
                -37.818269
              ],
              [
                144.971143,
                -37.818269
              ],
              [
                144.971143,
                -37.81827
              ],
              [
                144.971144,
                -37.81827
              ],
              [
                144.971144,
                -37.818271
              ],
              [
                144.971146,
                -37.818271
              ],
              [
                144.971146,
                -37.818272
              ],
              [
                144.971147,
                -37.818272
              ],
              [
                144.971147,
                -37.818273
              ],
              [
                144.971148,
                -37.818273
              ],
              [
                144.971148,
                -37.818274
              ],
              [
                144.971149,
                -37.818274
              ],
              [
                144.971154,
                -37.818279
              ],
              [
                144.971154,
                -37.81828
              ],
              [
                144.971155,
                -37.81828
              ],
              [
                144.971155,
                -37.818281
              ],
              [
                144.971156,
                -37.818281
              ],
              [
                144.971156,
                -37.818283
              ],
              [
                144.971157,
                -37.818283
              ],
              [
                144.971157,
                -37.818284
              ],
              [
                144.971158,
                -37.818285
              ],
              [
                144.971158,
                -37.818286
              ],
              [
                144.971159,
                -37.818287
              ],
              [
                144.971159,
                -37.818288
              ],
              [
                144.97116,
                -37.818289
              ],
              [
                144.97116,
                -37.818292
              ],
              [
                144.971161,
                -37.818292
              ],
              [
                144.971161,
                -37.818308
              ],
              [
                144.971169,
                -37.818316
              ],
              [
                144.971176,
                -37.818325
              ],
              [
                144.971176,
                -37.818324
              ],
              [
                144.971178,
                -37.818324
              ],
              [
                144.971178,
                -37.818323
              ],
              [
                144.97118,
                -37.818323
              ],
              [
                144.97118,
                -37.818322
              ],
              [
                144.971181,
                -37.818322
              ],
              [
                144.971182,
                -37.818321
              ],
              [
                144.971183,
                -37.818321
              ],
              [
                144.971184,
                -37.81832
              ],
              [
                144.971185,
                -37.81832
              ],
              [
                144.971186,
                -37.818319
              ],
              [
                144.971187,
                -37.818319
              ],
              [
                144.971187,
                -37.818318
              ],
              [
                144.971189,
                -37.818318
              ],
              [
                144.971189,
                -37.818317
              ],
              [
                144.97119,
                -37.818317
              ],
              [
                144.971191,
                -37.818316
              ],
              [
                144.971192,
                -37.818316
              ],
              [
                144.971192,
                -37.818315
              ],
              [
                144.971193,
                -37.818315
              ],
              [
                144.971194,
                -37.818314
              ],
              [
                144.971195,
                -37.818314
              ],
              [
                144.971195,
                -37.818313
              ],
              [
                144.971196,
                -37.818313
              ],
              [
                144.971196,
                -37.818312
              ],
              [
                144.971197,
                -37.818312
              ],
              [
                144.971198,
                -37.818311
              ],
              [
                144.971199,
                -37.818311
              ],
              [
                144.971199,
                -37.81831
              ],
              [
                144.9712,
                -37.81831
              ],
              [
                144.9712,
                -37.818309
              ],
              [
                144.971201,
                -37.818309
              ],
              [
                144.971203,
                -37.818311
              ],
              [
                144.971213,
                -37.818311
              ],
              [
                144.971217,
                -37.818312
              ],
              [
                144.971218,
                -37.818314
              ],
              [
                144.971218,
                -37.818317
              ],
              [
                144.971216,
                -37.818323
              ],
              [
                144.971213,
                -37.818329
              ],
              [
                144.971213,
                -37.818335
              ],
              [
                144.971214,
                -37.81834
              ],
              [
                144.971215,
                -37.81834
              ],
              [
                144.971216,
                -37.818342
              ],
              [
                144.971223,
                -37.818349
              ],
              [
                144.971226,
                -37.818361
              ],
              [
                144.971228,
                -37.818371
              ],
              [
                144.971227,
                -37.818375
              ],
              [
                144.971224,
                -37.818378
              ],
              [
                144.971209,
                -37.818379
              ],
              [
                144.971119,
                -37.818431
              ],
              [
                144.971118,
                -37.818432
              ],
              [
                144.971118,
                -37.818401
              ],
              [
                144.971117,
                -37.818395
              ],
              [
                144.971117,
                -37.818394
              ],
              [
                144.971206,
                -37.818379
              ],
              [
                144.971193,
                -37.818362
              ],
              [
                144.971176,
                -37.818357
              ],
              [
                144.971175,
                -37.818357
              ],
              [
                144.971165,
                -37.818347
              ],
              [
                144.971145,
                -37.818338
              ],
              [
                144.971144,
                -37.818336
              ],
              [
                144.971108,
                -37.818359
              ],
              [
                144.971107,
                -37.818358
              ],
              [
                144.971105,
                -37.818358
              ],
              [
                144.971105,
                -37.818357
              ],
              [
                144.971104,
                -37.818357
              ],
              [
                144.971103,
                -37.818356
              ],
              [
                144.971101,
                -37.818356
              ],
              [
                144.971101,
                -37.818355
              ],
              [
                144.971099,
                -37.818355
              ],
              [
                144.971098,
                -37.818354
              ],
              [
                144.971097,
                -37.818354
              ],
              [
                144.971096,
                -37.818353
              ],
              [
                144.971095,
                -37.818353
              ],
              [
                144.971095,
                -37.818352
              ],
              [
                144.971093,
                -37.818352
              ],
              [
                144.971093,
                -37.818351
              ],
              [
                144.971091,
                -37.818351
              ],
              [
                144.971091,
                -37.81835
              ],
              [
                144.97109,
                -37.81835
              ],
              [
                144.971089,
                -37.818349
              ],
              [
                144.971088,
                -37.818349
              ],
              [
                144.971088,
                -37.818348
              ],
              [
                144.971086,
                -37.818348
              ],
              [
                144.971086,
                -37.818347
              ],
              [
                144.971085,
                -37.818347
              ],
              [
                144.971084,
                -37.818346
              ],
              [
                144.971083,
                -37.818346
              ],
              [
                144.971083,
                -37.818345
              ],
              [
                144.971082,
                -37.818345
              ],
              [
                144.971082,
                -37.818344
              ],
              [
                144.97108,
                -37.818344
              ],
              [
                144.97108,
                -37.818343
              ],
              [
                144.971079,
                -37.818343
              ],
              [
                144.971077,
                -37.818341
              ],
              [
                144.971076,
                -37.818341
              ],
              [
                144.971074,
                -37.818339
              ],
              [
                144.971073,
                -37.818339
              ],
              [
                144.971072,
                -37.818338
              ],
              [
                144.971071,
                -37.818338
              ],
              [
                144.971071,
                -37.818337
              ],
              [
                144.97107,
                -37.818337
              ],
              [
                144.97107,
                -37.818336
              ],
              [
                144.971068,
                -37.818336
              ],
              [
                144.971068,
                -37.818335
              ],
              [
                144.971067,
                -37.818335
              ],
              [
                144.971067,
                -37.818334
              ],
              [
                144.971066,
                -37.818334
              ],
              [
                144.971066,
                -37.818333
              ],
              [
                144.971065,
                -37.818333
              ],
              [
                144.971064,
                -37.818332
              ],
              [
                144.971063,
                -37.818332
              ],
              [
                144.971063,
                -37.818331
              ],
              [
                144.971062,
                -37.818331
              ],
              [
                144.971062,
                -37.81833
              ],
              [
                144.971061,
                -37.818329
              ],
              [
                144.97106,
                -37.818329
              ],
              [
                144.97106,
                -37.818328
              ],
              [
                144.971059,
                -37.818328
              ],
              [
                144.971059,
                -37.818327
              ],
              [
                144.971058,
                -37.818326
              ],
              [
                144.971057,
                -37.818326
              ],
              [
                144.971057,
                -37.818325
              ],
              [
                144.971056,
                -37.818325
              ],
              [
                144.971056,
                -37.818324
              ],
              [
                144.971055,
                -37.818324
              ],
              [
                144.971055,
                -37.818323
              ],
              [
                144.971054,
                -37.818323
              ],
              [
                144.971054,
                -37.818322
              ],
              [
                144.971053,
                -37.818322
              ],
              [
                144.971053,
                -37.818321
              ],
              [
                144.971052,
                -37.818321
              ],
              [
                144.971051,
                -37.81832
              ],
              [
                144.971051,
                -37.818319
              ],
              [
                144.97105,
                -37.818319
              ],
              [
                144.97105,
                -37.818318
              ],
              [
                144.971049,
                -37.818318
              ],
              [
                144.971049,
                -37.818317
              ],
              [
                144.971048,
                -37.818317
              ],
              [
                144.971048,
                -37.818316
              ],
              [
                144.971047,
                -37.818316
              ],
              [
                144.971047,
                -37.818315
              ],
              [
                144.971046,
                -37.818315
              ],
              [
                144.971046,
                -37.818314
              ],
              [
                144.971045,
                -37.818314
              ],
              [
                144.971045,
                -37.818313
              ],
              [
                144.971044,
                -37.818312
              ],
              [
                144.971044,
                -37.818311
              ],
              [
                144.971043,
                -37.818311
              ],
              [
                144.971043,
                -37.81831
              ],
              [
                144.971042,
                -37.81831
              ],
              [
                144.971042,
                -37.818309
              ],
              [
                144.971041,
                -37.818308
              ],
              [
                144.971041,
                -37.818307
              ],
              [
                144.97104,
                -37.818307
              ],
              [
                144.97104,
                -37.818306
              ],
              [
                144.971039,
                -37.818306
              ],
              [
                144.971039,
                -37.818305
              ],
              [
                144.971038,
                -37.818305
              ],
              [
                144.971038,
                -37.818304
              ],
              [
                144.971037,
                -37.818303
              ],
              [
                144.971035,
                -37.818299
              ],
              [
                144.971028,
                -37.818289
              ],
              [
                144.971027,
                -37.818286
              ],
              [
                144.971026,
                -37.818285
              ],
              [
                144.971026,
                -37.818284
              ],
              [
                144.971025,
                -37.818283
              ],
              [
                144.971025,
                -37.818281
              ],
              [
                144.971024,
                -37.818281
              ],
              [
                144.971024,
                -37.818278
              ],
              [
                144.971023,
                -37.818278
              ],
              [
                144.971023,
                -37.818276
              ],
              [
                144.971022,
                -37.818276
              ],
              [
                144.971022,
                -37.818273
              ],
              [
                144.971021,
                -37.818273
              ],
              [
                144.971021,
                -37.81827
              ],
              [
                144.97102,
                -37.81827
              ],
              [
                144.97102,
                -37.818267
              ],
              [
                144.971019,
                -37.818266
              ],
              [
                144.971019,
                -37.818262
              ],
              [
                144.971018,
                -37.818262
              ],
              [
                144.971018,
                -37.818259
              ],
              [
                144.971017,
                -37.818258
              ],
              [
                144.971017,
                -37.818255
              ],
              [
                144.971016,
                -37.818254
              ],
              [
                144.971016,
                -37.818251
              ],
              [
                144.971015,
                -37.818251
              ],
              [
                144.971015,
                -37.818246
              ],
              [
                144.971014,
                -37.818245
              ]
            ]
          ],
          [
            [
              [
                144.970945,
                -37.818486
              ],
              [
                144.970951,
                -37.818564
              ],
              [
                144.971033,
                -37.818566
              ],
              [
                144.971073,
                -37.818568
              ],
              [
                144.971706,
                -37.818538
              ],
              [
                144.971965,
                -37.818526
              ],
              [
                144.972407,
                -37.818507
              ],
              [
                144.972785,
                -37.818488
              ],
              [
                144.973164,
                -37.818471
              ],
              [
                144.973573,
                -37.818454
              ],
              [
                144.97372,
                -37.818446
              ],
              [
                144.973721,
                -37.818446
              ],
              [
                144.973774,
                -37.818443
              ],
              [
                144.973775,
                -37.818443
              ],
              [
                144.973819,
                -37.818441
              ],
              [
                144.974075,
                -37.81843
              ],
              [
                144.974373,
                -37.818416
              ],
              [
                144.97464,
                -37.818405
              ],
              [
                144.974852,
                -37.818395
              ],
              [
                144.975014,
                -37.818387
              ],
              [
                144.97501,
                -37.818348
              ],
              [
                144.974813,
                -37.818357
              ],
              [
                144.974438,
                -37.818374
              ],
              [
                144.974125,
                -37.81839
              ],
              [
                144.973743,
                -37.818407
              ],
              [
                144.973742,
                -37.818407
              ],
              [
                144.973689,
                -37.818409
              ],
              [
                144.973688,
                -37.818409
              ],
              [
                144.9728,
                -37.818449
              ],
              [
                144.972599,
                -37.818458
              ],
              [
                144.972329,
                -37.818469
              ],
              [
                144.971101,
                -37.818525
              ],
              [
                144.97103,
                -37.818486
              ],
              [
                144.970945,
                -37.818486
              ]
            ]
          ]
        ]
      }
    }
  ]
}