{
  "type": "FeatureCollection",
  "features": [
    {
      "type": "Feature",
      "properties": {
        "name": "polygon74"
      },
      "geometry": {
        "type": "MultiPolygon",
        "coordinates": [
          [
            [
              [
                144.978892,
                -37.814549
              ],
              [
                144.978893,
                -37.814549
              ],
              [
                144.978894,
                -37.814548
              ],
              [
                144.978895,
                -37.814548
              ],
              [
                144.978896,
                -37.814547
              ],
              [
                144.978898,
                -37.814547
              ],
              [
                144.978898,
                -37.814546
              ],
              [
                144.978901,
                -37.814546
              ],
              [
                144.978901,
                -37.814545
              ],
              [
                144.978904,
                -37.814545
              ],
              [
                144.978905,
                -37.814544
              ],
              [
                144.97891,
                -37.814544
              ],
              [
                144.97891,
                -37.814543
              ],
              [
                144.978926,
                -37.814543
              ],
              [
                144.978926,
                -37.814544
              ],
              [
                144.978932,
                -37.814544
              ],
              [
                144.978932,
                -37.814545
              ],
              [
                144.978935,
                -37.814545
              ],
              [
                144.978936,
                -37.814546
              ],
              [
                144.978938,
                -37.814546
              ],
              [
                144.978939,
                -37.814547
              ],
              [
                144.97894,
                -37.814547
              ],
              [
                144.978941,
                -37.814548
              ],
              [
                144.978943,
                -37.814548
              ],
              [
                144.978943,
                -37.814549
              ],
              [
                144.978945,
                -37.814549
              ],
              [
                144.978945,
                -37.81455
              ],
              [
                144.978946,
                -37.81455
              ],
              [
                144.978947,
                -37.814551
              ],
              [
                144.978948,
                -37.814551
              ],
              [
                144.978949,
                -37.814552
              ],
              [
                144.978951,
                -37.814552
              ],
              [
                144.978951,
                -37.814553
              ],
              [
                144.978953,
                -37.814553
              ],
              [
                144.978953,
                -37.814554
              ],
              [
                144.978954,
                -37.814554
              ],
              [
                144.978955,
                -37.814555
              ],
              [
                144.978956,
                -37.814555
              ],
              [
                144.978958,
                -37.814556
              ],
              [
                144.978959,
                -37.814557
              ],
              [
                144.97896,
                -37.814557
              ],
              [
                144.978961,
                -37.814558
              ],
              [
                144.978962,
                -37.814558
              ],
              [
                144.978964,
                -37.81456
              ],
              [
                144.978966,
                -37.81456
              ],
              [
                144.978966,
                -37.814561
              ],
              [
                144.978968,
                -37.814561
              ],
              [
                144.978969,
                -37.814562
              ],
              [
                144.97897,
                -37.814562
              ],
              [
                144.97897,
                -37.814563
              ],
              [
                144.978971,
                -37.814563
              ],
              [
                144.978972,
                -37.814564
              ],
              [
                144.978974,
                -37.814564
              ],
              [
                144.978974,
                -37.814565
              ],
              [
                144.978975,
                -37.814565
              ],
              [
                144.978976,
                -37.814566
              ],
              [
                144.978977,
                -37.814566
              ],
              [
                144.978978,
                -37.814567
              ],
              [
                144.97898,
                -37.814567
              ],
              [
                144.97898,
                -37.814568
              ],
              [
                144.978982,
                -37.814568
              ],
              [
                144.978982,
                -37.814569
              ],
              [
                144.978984,
                -37.814569
              ],
              [
                144.978984,
                -37.81457
              ],
              [
                144.978986,
                -37.81457
              ],
              [
                144.978986,
                -37.814571
              ],
              [
                144.978988,
                -37.814571
              ],
              [
                144.978988,
                -37.814572
              ],
              [
                144.978989,
                -37.814572
              ],
              [
                144.97899,
                -37.814573
              ],
              [
                144.978991,
                -37.814573
              ],
              [
                144.978992,
                -37.814574
              ],
              [
                144.978993,
                -37.814574
              ],
              [
                144.978994,
                -37.814575
              ],
              [
                144.978995,
                -37.814575
              ],
              [
                144.978996,
                -37.814576
              ],
              [
                144.979,
                -37.814578
              ],
              [
                144.979001,
                -37.814578
              ],
              [
                144.979002,
                -37.814579
              ],
              [
                144.979003,
                -37.814579
              ],
              [
                144.979005,
                -37.814581
              ],
              [
                144.979007,
                -37.814581
              ],
              [
                144.979008,
                -37.814582
              ],
              [
                144.979012,
                -37.814584
              ],
              [
                144.979013,
                -37.814584
              ],
              [
                144.979015,
                -37.814586
              ],
              [
                144.979017,
                -37.814587
              ],
              [
                144.979018,
                -37.814587
              ],
              [
                144.979019,
                -37.814588
              ],
              [
                144.97902,
                -37.814588
              ],
              [
                144.979021,
                -37.814589
              ],
              [
                144.979022,
                -37.814589
              ],
              [
                144.979023,
                -37.81459
              ],
              [
                144.979024,
                -37.81459
              ],
              [
                144.979025,
                -37.814591
              ],
              [
                144.979029,
                -37.814593
              ],
              [
                144.97903,
                -37.814593
              ],
              [
                144.979031,
                -37.814594
              ],
              [
                144.979035,
                -37.814596
              ],
              [
                144.979036,
                -37.814596
              ],
              [
                144.979038,
                -37.814598
              ],
              [
                144.97904,
                -37.814599
              ],
              [
                144.979042,
                -37.814599
              ],
              [
                144.979046,
                -37.814601
              ],
              [
                144.979047,
                -37.814602
              ],
              [
                144.979048,
                -37.814602
              ],
              [
                144.97905,
                -37.814603
              ],
              [
                144.97905,
                -37.814604
              ],
              [
                144.979052,
                -37.814604
              ],
              [
                144.979052,
                -37.814605
              ],
              [
                144.979054,
                -37.814605
              ],
              [
                144.979054,
                -37.814606
              ],
              [
                144.979056,
                -37.814606
              ],
              [
                144.979056,
                -37.814607
              ],
              [
                144.979058,
                -37.814607
              ],
              [
                144.979058,
                -37.814608
              ],
              [
                144.97906,
                -37.814608
              ],
              [
                144.97906,
                -37.814609
              ],
              [
                144.979061,
                -37.814609
              ],
              [
                144.979062,
                -37.81461
              ],
              [
                144.979064,
                -37.81461
              ],
              [
                144.979065,
                -37.814611
              ],
              [
                144.979066,
                -37.814611
              ],
              [
                144.979066,
                -37.814612
              ],
              [
                144.979068,
                -37.814612
              ],
              [
                144.979068,
                -37.814613
              ],
              [
                144.97907,
                -37.814613
              ],
              [
                144.97907,
                -37.814614
              ],
              [
                144.979072,
                -37.814614
              ],
              [
                144.979072,
                -37.814615
              ],
              [
                144.979073,
                -37.814615
              ],
              [
                144.979074,
                -37.814616
              ],
              [
                144.979076,
                -37.814616
              ],
              [
                144.979076,
                -37.814617
              ],
              [
                144.979077,
                -37.814617
              ],
              [
                144.979078,
                -37.814618
              ],
              [
                144.979079,
                -37.814618
              ],
              [
                144.97908,
                -37.814619
              ],
              [
                144.979081,
                -37.814619
              ],
              [
                144.979082,
                -37.81462
              ],
              [
                144.979083,
                -37.81462
              ],
              [
                144.979084,
                -37.814621
              ],
              [
                144.979085,
                -37.814621
              ],
              [
                144.979086,
                -37.814622
              ],
              [
                144.979087,
                -37.814622
              ],
              [
                144.979088,
                -37.814623
              ],
              [
                144.97909,
                -37.814623
              ],
              [
                144.979091,
                -37.814624
              ],
              [
                144.979095,
                -37.814626
              ],
              [
                144.979096,
                -37.814626
              ],
              [
                144.979104,
                -37.81463
              ],
              [
                144.979105,
                -37.81463
              ],
              [
                144.979106,
                -37.814631
              ],
              [
                144.979108,
                -37.814632
              ],
              [
                144.97911,
                -37.814632
              ],
              [
                144.97911,
                -37.814633
              ],
              [
                144.979113,
                -37.814633
              ],
              [
                144.979115,
                -37.814634
              ],
              [
                144.979116,
                -37.814635
              ],
              [
                144.979117,
                -37.814635
              ],
              [
                144.979123,
                -37.814638
              ],
              [
                144.979124,
                -37.814639
              ],
              [
                144.979125,
                -37.814639
              ],
              [
                144.979128,
                -37.81464
              ],
              [
                144.97914,
                -37.814646
              ],
              [
                144.979143,
                -37.814647
              ],
              [
                144.979147,
                -37.814649
              ],
              [
                144.979149,
                -37.814649
              ],
              [
                144.979153,
                -37.814651
              ],
              [
                144.979154,
                -37.814652
              ],
              [
                144.979155,
                -37.814652
              ],
              [
                144.979159,
                -37.814654
              ],
              [
                144.97916,
                -37.814654
              ],
              [
                144.979161,
                -37.814655
              ],
              [
                144.979163,
                -37.814655
              ],
              [
                144.979164,
                -37.814656
              ],
              [
                144.979168,
                -37.814658
              ],
              [
                144.97917,
                -37.814658
              ],
              [
                144.979171,
                -37.814659
              ],
              [
                144.979172,
                -37.814659
              ],
              [
                144.979174,
                -37.81466
              ],
              [
                144.979176,
                -37.81466
              ],
              [
                144.979178,
                -37.814661
              ],
              [
                144.979179,
                -37.814662
              ],
              [
                144.97918,
                -37.814662
              ],
              [
                144.979181,
                -37.814663
              ],
              [
                144.979183,
                -37.814663
              ],
              [
                144.979184,
                -37.814664
              ],
              [
                144.979186,
                -37.814664
              ],
              [
                144.979187,
                -37.814665
              ],
              [
                144.979189,
                -37.814665
              ],
              [
                144.97919,
                -37.814666
              ],
              [
                144.979191,
                -37.814666
              ],
              [
                144.979193,
                -37.814667
              ],
              [
                144.979195,
                -37.814667
              ],
              [
                144.979199,
                -37.814669
              ],
              [
                144.9792,
                -37.814669
              ],
              [
                144.979202,
                -37.81467
              ],
              [
                144.979203,
                -37.81467
              ],
              [
                144.979204,
                -37.814671
              ],
              [
                144.979206,
                -37.814671
              ],
              [
                144.979207,
                -37.814672
              ],
              [
                144.979208,
                -37.814672
              ],
              [
                144.97921,
                -37.814673
              ],
              [
                144.979211,
                -37.814673
              ],
              [
                144.979213,
                -37.814674
              ],
              [
                144.979216,
                -37.814674
              ],
              [
                144.979216,
                -37.814675
              ],
              [
                144.979218,
                -37.814675
              ],
              [
                144.979221,
                -37.814676
              ],
              [
                144.979223,
                -37.814677
              ],
              [
                144.979226,
                -37.814678
              ],
              [
                144.979228,
                -37.814678
              ],
              [
                144.979231,
                -37.814679
              ],
              [
                144.979232,
                -37.81468
              ],
              [
                144.979233,
                -37.81468
              ],
              [
                144.979236,
                -37.814681
              ],
              [
                144.979239,
                -37.814681
              ],
              [
                144.979243,
                -37.814683
              ],
              [
                144.979246,
                -37.814683
              ],
              [
                144.979247,
                -37.814684
              ],
              [
                144.979248,
                -37.814684
              ],
              [
                144.97925,
                -37.814685
              ],
              [
                144.979251,
                -37.814685
              ],
              [
                144.979253,
                -37.814686
              ],
              [
                144.979256,
                -37.814686
              ],
              [
                144.979259,
                -37.814687
              ],
              [
                144.979261,
                -37.814688
              ],
              [
                144.979264,
                -37.814688
              ],
              [
                144.979266,
                -37.814689
              ],
              [
                144.979269,
                -37.81469
              ],
              [
                144.979271,
                -37.81469
              ],
              [
                144.979274,
                -37.814691
              ],
              [
                144.979276,
                -37.814692
              ],
              [
                144.979279,
                -37.814692
              ],
              [
                144.97928,
                -37.814693
              ],
              [
                144.979283,
                -37.814693
              ],
              [
                144.979285,
                -37.814694
              ],
              [
                144.979288,
                -37.814694
              ],
              [
                144.97929,
                -37.814695
              ],
              [
                144.979293,
                -37.814695
              ],
              [
                144.979294,
                -37.814696
              ],
              [
                144.979297,
                -37.814696
              ],
              [
                144.979298,
                -37.814697
              ],
              [
                144.979301,
                -37.814697
              ],
              [
                144.979303,
                -37.814698
              ],
              [
                144.979306,
                -37.814698
              ],
              [
                144.979307,
                -37.814699
              ],
              [
                144.979311,
                -37.814699
              ],
              [
                144.979312,
                -37.8147
              ],
              [
                144.979317,
                -37.8147
              ],
              [
                144.979318,
                -37.814701
              ],
              [
                144.979322,
                -37.814701
              ],
              [
                144.979324,
                -37.814702
              ],
              [
                144.979328,
                -37.814702
              ],
              [
                144.979329,
                -37.814703
              ],
              [
                144.979333,
                -37.814703
              ],
              [
                144.979336,
                -37.814704
              ],
              [
                144.97934,
                -37.814704
              ],
              [
                144.979344,
                -37.814705
              ],
              [
                144.979347,
                -37.814706
              ],
              [
                144.979353,
                -37.814706
              ],
              [
                144.979355,
                -37.814707
              ],
              [
                144.979358,
                -37.814707
              ],
              [
                144.979359,
                -37.814708
              ],
              [
                144.979365,
                -37.814708
              ],
              [
                144.979369,
                -37.814709
              ],
              [
                144.97937,
                -37.814709
              ],
              [
                144.979373,
                -37.81471
              ],
              [
                144.979377,
                -37.81471
              ],
              [
                144.97938,
                -37.814711
              ],
              [
                144.979384,
                -37.814711
              ],
              [
                144.979387,
                -37.814712
              ],
              [
                144.979391,
                -37.814712
              ],
              [
                144.979395,
                -37.814713
              ],
              [
                144.979398,
                -37.814713
              ],
              [
                144.979402,
                -37.814714
              ],
              [
                144.979404,
                -37.814714
              ],
              [
                144.979406,
                -37.814715
              ],
              [
                144.979409,
                -37.814715
              ],
              [
                144.979413,
                -37.814716
              ],
              [
                144.979417,
                -37.814716
              ],
              [
                144.97942,
                -37.814717
              ],
              [
                144.979426,
                -37.814717
              ],
              [
                144.979428,
                -37.814718
              ],
              [
                144.979432,
                -37.814718
              ],
              [
                144.979435,
                -37.814719
              ],
              [
                144.979443,
                -37.814719
              ],
              [
                144.979443,
                -37.81472
              ],
              [
                144.979456,
                -37.81472
              ],
              [
                144.979457,
                -37.814721
              ],
              [
                144.979474,
                -37.814721
              ],
              [
                144.979474,
                -37.814722
              ],
              [
                144.979491,
                -37.814722
              ],
              [
                144.979553,
                -37.814723
              ],
              [
                144.979579,
                -37.814723
              ],
              [
                144.979678,
                -37.814718
              ],
              [
                144.979873,
                -37.81471
              ],
              [
                144.979905,
                -37.814708
              ],
              [
                144.979944,
                -37.814707
              ],
              [
                144.97994,
                -37.814682
              ],
              [
                144.979873,
                -37.814685
              ],
              [
                144.979792,
                -37.814689
              ],
              [
                144.979568,
                -37.814698
              ],
              [
                144.979566,
                -37.814699
              ],
              [
                144.979512,
                -37.814699
              ],
              [
                144.979509,
                -37.814698
              ],
              [
                144.979484,
                -37.814698
              ],
              [
                144.979484,
                -37.814697
              ],
              [
                144.979467,
                -37.814697
              ],
              [
                144.979466,
                -37.814696
              ],
              [
                144.979453,
                -37.814696
              ],
              [
                144.979451,
                -37.814695
              ],
              [
                144.979442,
                -37.814695
              ],
              [
                144.979439,
                -37.814694
              ],
              [
                144.97943,
                -37.814694
              ],
              [
                144.979429,
                -37.814693
              ],
              [
                144.979421,
                -37.814693
              ],
              [
                144.97942,
                -37.814692
              ],
              [
                144.979413,
                -37.814692
              ],
              [
                144.979412,
                -37.814691
              ],
              [
                144.979404,
                -37.814691
              ],
              [
                144.979403,
                -37.81469
              ],
              [
                144.979396,
                -37.81469
              ],
              [
                144.979396,
                -37.814689
              ],
              [
                144.979389,
                -37.814689
              ],
              [
                144.979388,
                -37.814688
              ],
              [
                144.979382,
                -37.814688
              ],
              [
                144.979381,
                -37.814687
              ],
              [
                144.979375,
                -37.814687
              ],
              [
                144.979374,
                -37.814686
              ],
              [
                144.979369,
                -37.814686
              ],
              [
                144.979368,
                -37.814685
              ],
              [
                144.979366,
                -37.814685
              ],
              [
                144.979327,
                -37.814679
              ],
              [
                144.979325,
                -37.814678
              ],
              [
                144.979324,
                -37.814678
              ],
              [
                144.979321,
                -37.814677
              ],
              [
                144.979318,
                -37.814677
              ],
              [
                144.979315,
                -37.814676
              ],
              [
                144.979313,
                -37.814675
              ],
              [
                144.97931,
                -37.814675
              ],
              [
                144.979308,
                -37.814674
              ],
              [
                144.979307,
                -37.814674
              ],
              [
                144.979304,
                -37.814673
              ],
              [
                144.979303,
                -37.814673
              ],
              [
                144.979301,
                -37.814672
              ],
              [
                144.979298,
                -37.814672
              ],
              [
                144.979296,
                -37.814671
              ],
              [
                144.979294,
                -37.814671
              ],
              [
                144.979292,
                -37.81467
              ],
              [
                144.97929,
                -37.81467
              ],
              [
                144.979289,
                -37.814669
              ],
              [
                144.979286,
                -37.814669
              ],
              [
                144.979283,
                -37.814668
              ],
              [
                144.979281,
                -37.814667
              ],
              [
                144.979279,
                -37.814667
              ],
              [
                144.979278,
                -37.814666
              ],
              [
                144.979275,
                -37.814666
              ],
              [
                144.979266,
                -37.814663
              ],
              [
                144.979263,
                -37.814663
              ],
              [
                144.979261,
                -37.814662
              ],
              [
                144.97926,
                -37.814662
              ],
              [
                144.979257,
                -37.814661
              ],
              [
                144.979256,
                -37.814661
              ],
              [
                144.979255,
                -37.81466
              ],
              [
                144.979252,
                -37.814659
              ],
              [
                144.979249,
                -37.814659
              ],
              [
                144.979246,
                -37.814658
              ],
              [
                144.979245,
                -37.814658
              ],
              [
                144.979243,
                -37.814657
              ],
              [
                144.979242,
                -37.814657
              ],
              [
                144.979242,
                -37.814656
              ],
              [
                144.979239,
                -37.814656
              ],
              [
                144.979237,
                -37.814655
              ],
              [
                144.979236,
                -37.814655
              ],
              [
                144.979234,
                -37.814654
              ],
              [
                144.979233,
                -37.814654
              ],
              [
                144.979231,
                -37.814653
              ],
              [
                144.97923,
                -37.814653
              ],
              [
                144.979228,
                -37.814652
              ],
              [
                144.979226,
                -37.814652
              ],
              [
                144.979225,
                -37.814651
              ],
              [
                144.979224,
                -37.814651
              ],
              [
                144.979223,
                -37.81465
              ],
              [
                144.979221,
                -37.81465
              ],
              [
                144.97922,
                -37.814649
              ],
              [
                144.979218,
                -37.814649
              ],
              [
                144.979217,
                -37.814648
              ],
              [
                144.979215,
                -37.814648
              ],
              [
                144.979214,
                -37.814647
              ],
              [
                144.979212,
                -37.814646
              ],
              [
                144.979211,
                -37.814646
              ],
              [
                144.979209,
                -37.814645
              ],
              [
                144.979208,
                -37.814645
              ],
              [
                144.979206,
                -37.814644
              ],
              [
                144.979205,
                -37.814644
              ],
              [
                144.979203,
                -37.814643
              ],
              [
                144.979202,
                -37.814642
              ],
              [
                144.979201,
                -37.814642
              ],
              [
                144.9792,
                -37.814641
              ],
              [
                144.979198,
                -37.814641
              ],
              [
                144.979192,
                -37.814638
              ],
              [
                144.979191,
                -37.814638
              ],
              [
                144.97919,
                -37.814637
              ],
              [
                144.979188,
                -37.814637
              ],
              [
                144.979188,
                -37.814636
              ],
              [
                144.979186,
                -37.814635
              ],
              [
                144.979183,
                -37.814635
              ],
              [
                144.979182,
                -37.814634
              ],
              [
                144.979181,
                -37.814634
              ],
              [
                144.979179,
                -37.814633
              ],
              [
                144.979178,
                -37.814632
              ],
              [
                144.979177,
                -37.814632
              ],
              [
                144.979167,
                -37.814627
              ],
              [
                144.979166,
                -37.814627
              ],
              [
                144.979162,
                -37.814625
              ],
              [
                144.97916,
                -37.814625
              ],
              [
                144.979154,
                -37.814622
              ],
              [
                144.979153,
                -37.814621
              ],
              [
                144.979152,
                -37.814621
              ],
              [
                144.979149,
                -37.81462
              ],
              [
                144.979148,
                -37.814619
              ],
              [
                144.979147,
                -37.814619
              ],
              [
                144.979143,
                -37.814617
              ],
              [
                144.979142,
                -37.814617
              ],
              [
                144.979141,
                -37.814616
              ],
              [
                144.979137,
                -37.814614
              ],
              [
                144.979134,
                -37.814613
              ],
              [
                144.979133,
                -37.814613
              ],
              [
                144.979132,
                -37.814612
              ],
              [
                144.97913,
                -37.814612
              ],
              [
                144.979124,
                -37.814609
              ],
              [
                144.979123,
                -37.814608
              ],
              [
                144.979121,
                -37.814608
              ],
              [
                144.979111,
                -37.814603
              ],
              [
                144.97911,
                -37.814603
              ],
              [
                144.979106,
                -37.814601
              ],
              [
                144.979105,
                -37.814601
              ],
              [
                144.979104,
                -37.8146
              ],
              [
                144.9791,
                -37.814598
              ],
              [
                144.979097,
                -37.814597
              ],
              [
                144.979093,
                -37.814595
              ],
              [
                144.979091,
                -37.814595
              ],
              [
                144.979091,
                -37.814594
              ],
              [
                144.979089,
                -37.814593
              ],
              [
                144.979088,
                -37.814593
              ],
              [
                144.979087,
                -37.814592
              ],
              [
                144.979084,
                -37.814591
              ],
              [
                144.979082,
                -37.814591
              ],
              [
                144.97908,
                -37.81459
              ],
              [
                144.979079,
                -37.814589
              ],
              [
                144.979078,
                -37.814589
              ],
              [
                144.979074,
                -37.814587
              ],
              [
                144.979073,
                -37.814587
              ],
              [
                144.979073,
                -37.814586
              ],
              [
                144.979072,
                -37.814586
              ],
              [
                144.97907,
                -37.814585
              ],
              [
                144.979069,
                -37.814585
              ],
              [
                144.979068,
                -37.814584
              ],
              [
                144.979066,
                -37.814583
              ],
              [
                144.979065,
                -37.814583
              ],
              [
                144.979064,
                -37.814582
              ],
              [
                144.979063,
                -37.814582
              ],
              [
                144.979062,
                -37.814581
              ],
              [
                144.97906,
                -37.814581
              ],
              [
                144.97906,
                -37.81458
              ],
              [
                144.979058,
                -37.81458
              ],
              [
                144.979056,
                -37.814578
              ],
              [
                144.979054,
                -37.814578
              ],
              [
                144.979052,
                -37.814576
              ],
              [
                144.97905,
                -37.814576
              ],
              [
                144.979048,
                -37.814574
              ],
              [
                144.979046,
                -37.814574
              ],
              [
                144.979044,
                -37.814572
              ],
              [
                144.979042,
                -37.814572
              ],
              [
                144.97904,
                -37.81457
              ],
              [
                144.979038,
                -37.81457
              ],
              [
                144.979037,
                -37.814569
              ],
              [
                144.979035,
                -37.814568
              ],
              [
                144.979034,
                -37.814567
              ],
              [
                144.979032,
                -37.814567
              ],
              [
                144.97903,
                -37.814565
              ],
              [
                144.979027,
                -37.814564
              ],
              [
                144.979023,
                -37.814562
              ],
              [
                144.979022,
                -37.814561
              ],
              [
                144.97902,
                -37.814561
              ],
              [
                144.979018,
                -37.814559
              ],
              [
                144.979014,
                -37.814557
              ],
              [
                144.979013,
                -37.814557
              ],
              [
                144.979009,
                -37.814555
              ],
              [
                144.979009,
                -37.814554
              ],
              [
                144.979007,
                -37.814553
              ],
              [
                144.979006,
                -37.814553
              ],
              [
                144.979,
                -37.81455
              ],
              [
                144.978999,
                -37.814549
              ],
              [
                144.978998,
                -37.814549
              ],
              [
                144.978996,
                -37.814547
              ],
              [
                144.978994,
                -37.814547
              ],
              [
                144.978992,
                -37.814546
              ],
              [
                144.97899,
                -37.814544
              ],
              [
                144.978989,
                -37.814544
              ],
              [
                144.978988,
                -37.814543
              ],
              [
                144.978986,
                -37.814542
              ],
              [
                144.978985,
                -37.814542
              ],
              [
                144.978983,
                -37.814541
              ],
              [
                144.978982,
                -37.81454
              ],
              [
                144.97898,
                -37.814539
              ],
              [
                144.978979,
                -37.814538
              ],
              [
                144.978978,
                -37.814538
              ],
              [
                144.978976,
                -37.814537
              ],
              [
                144.978973,
                -37.814535
              ],
              [
                144.978969,
                -37.814533
              ],
              [
                144.978968,
                -37.814533
              ],
              [
                144.978968,
                -37.814532
              ],
              [
                144.978966,
                -37.814532
              ],
              [
                144.978966,
                -37.814531
              ],
              [
                144.978964,
                -37.814531
              ],
              [
                144.978964,
                -37.81453
              ],
              [
                144.978963,
                -37.81453
              ],
              [
                144.978963,
                -37.814529
              ],
              [
                144.978962,
                -37.814529
              ],
              [
                144.97896,
                -37.814527
              ],
              [
                144.97896,
                -37.814526
              ],
              [
                144.978959,
                -37.814526
              ],
              [
                144.978959,
                -37.814525
              ],
              [
                144.978958,
                -37.814524
              ],
              [
                144.978958,
                -37.814523
              ],
              [
                144.978957,
                -37.814523
              ],
              [
                144.978957,
                -37.814521
              ],
              [
                144.978956,
                -37.81452
              ],
              [
                144.978956,
                -37.814513
              ],
              [
                144.978957,
                -37.814512
              ],
              [
                144.978957,
                -37.81451
              ],
              [
                144.978958,
                -37.81451
              ],
              [
                144.978958,
                -37.814508
              ],
              [
                144.978959,
                -37.814508
              ],
              [
                144.978959,
                -37.814507
              ],
              [
                144.97896,
                -37.814507
              ],
              [
                144.97896,
                -37.814506
              ],
              [
                144.978961,
                -37.814506
              ],
              [
                144.978961,
                -37.814505
              ],
              [
                144.978892,
                -37.814549
              ]
            ]
          ],
          [
            [
              [
                144.979024,
                -37.815405
              ],
              [
                144.979026,
                -37.815406
              ],
              [
                144.979035,
                -37.815406
              ],
              [
                144.979083,
                -37.815409
              ],
              [
                144.979102,
                -37.81541
              ],
              [
                144.979108,
                -37.815411
              ],
              [
                144.979117,
                -37.815411
              ],
              [
                144.97916,
                -37.815414
              ],
              [
                144.979205,
                -37.815416
              ],
              [
                144.979247,
                -37.815419
              ],
              [
                144.97926,
                -37.81542
              ],
              [
                144.979268,
                -37.81542
              ],
              [
                144.979286,
                -37.815422
              ],
              [
                144.979293,
                -37.815423
              ],
              [
                144.979301,
                -37.815424
              ],
              [
                144.979315,
                -37.815426
              ],
              [
                144.979332,
                -37.815429
              ],
              [
                144.979339,
                -37.815431
              ],
              [
                144.979344,
                -37.815432
              ],
              [
                144.979351,
                -37.815433
              ],
              [
                144.979365,
                -37.815437
              ],
              [
                144.979392,
                -37.815443
              ],
              [
                144.979452,
                -37.815458
              ],
              [
                144.979482,
                -37.815466
              ],
              [
                144.979508,
                -37.815472
              ],
              [
                144.979516,
                -37.815474
              ],
              [
                144.979525,
                -37.815476
              ],
              [
                144.97955,
                -37.815482
              ],
              [
                144.979567,
                -37.815487
              ],
              [
                144.979594,
                -37.815493
              ],
              [
                144.979606,
                -37.815496
              ],
              [
                144.979635,
                -37.815504
              ],
              [
                144.979652,
                -37.815508
              ],
              [
                144.97966,
                -37.81551
              ],
              [
                144.979683,
                -37.815516
              ],
              [
                144.979727,
                -37.815527
              ],
              [
                144.979757,
                -37.815535
              ],
              [
                144.979785,
                -37.815543
              ],
              [
                144.97987,
                -37.815568
              ],
              [
                144.979873,
                -37.815524
              ],
              [
                144.979873,
                -37.815523
              ],
              [
                144.97986,
                -37.81552
              ],
              [
                144.979843,
                -37.815515
              ],
              [
                144.979832,
                -37.815512
              ],
              [
                144.979813,
                -37.815506
              ],
              [
                144.979774,
                -37.815494
              ],
              [
                144.97975,
                -37.815488
              ],
              [
                144.979728,
                -37.815482
              ],
              [
                144.979715,
                -37.815479
              ],
              [
                144.979703,
                -37.815476
              ],
              [
                144.979686,
                -37.815472
              ],
              [
                144.97967,
                -37.815468
              ],
              [
                144.979652,
                -37.815464
              ],
              [
                144.979635,
                -37.815459
              ],
              [
                144.979619,
                -37.815455
              ],
              [
                144.979605,
                -37.815452
              ],
              [
                144.979581,
                -37.815446
              ],
              [
                144.979542,
                -37.815436
              ],
              [
                144.979521,
                -37.815431
              ],
              [
                144.979499,
                -37.815426
              ],
              [
                144.979474,
                -37.815419
              ],
              [
                144.979446,
                -37.815412
              ],
              [
                144.979424,
                -37.815407
              ],
              [
                144.979419,
                -37.815406
              ],
              [
                144.979417,
                -37.815405
              ],
              [
                144.979414,
                -37.815404
              ],
              [
                144.979412,
                -37.815403
              ],
              [
                144.97941,
                -37.815401
              ],
              [
                144.979408,
                -37.8154
              ],
              [
                144.979402,
                -37.815394
              ],
              [
                144.979398,
                -37.815386
              ],
              [
                144.979398,
                -37.815383
              ],
              [
                144.979397,
                -37.815381
              ],
              [
                144.979397,
                -37.815379
              ],
              [
                144.979398,
                -37.815376
              ],
              [
                144.979398,
                -37.815374
              ],
              [
                144.979399,
                -37.815372
              ],
              [
                144.9794,
                -37.815369
              ],
              [
                144.979404,
                -37.815362
              ],
              [
                144.979407,
                -37.815356
              ],
              [
                144.979409,
                -37.81535
              ],
              [
                144.979411,
                -37.815345
              ],
              [
                144.979413,
                -37.815334
              ],
              [
                144.979415,
                -37.815325
              ],
              [
                144.979415,
                -37.81532
              ],
              [
                144.979416,
                -37.815315
              ],
              [
                144.979416,
                -37.81531
              ],
              [
                144.979415,
                -37.815301
              ],
              [
                144.979415,
                -37.815296
              ],
              [
                144.979414,
                -37.815292
              ],
              [
                144.979413,
                -37.815287
              ],
              [
                144.979411,
                -37.815279
              ],
              [
                144.979408,
                -37.815272
              ],
              [
                144.979405,
                -37.815264
              ],
              [
                144.979397,
                -37.815252
              ],
              [
                144.979397,
                -37.815249
              ],
              [
                144.979417,
                -37.815253
              ],
              [
                144.979427,
                -37.81522
              ],
              [
                144.979368,
                -37.815208
              ],
              [
                144.979369,
                -37.815206
              ],
              [
                144.979361,
                -37.815194
              ],
              [
                144.979351,
                -37.81517
              ],
              [
                144.979347,
                -37.815155
              ],
              [
                144.979345,
                -37.815141
              ],
              [
                144.979344,
                -37.815126
              ],
              [
                144.979344,
                -37.815112
              ],
              [
                144.97935,
                -37.815082
              ],
              [
                144.979384,
                -37.814975
              ],
              [
                144.97939,
                -37.814956
              ],
              [
                144.979394,
                -37.814943
              ],
              [
                144.979396,
                -37.814931
              ],
              [
                144.979398,
                -37.814918
              ],
              [
                144.979399,
                -37.814904
              ],
              [
                144.979399,
                -37.814874
              ],
              [
                144.979396,
                -37.81486
              ],
              [
                144.979392,
                -37.814845
              ],
              [
                144.979388,
                -37.814831
              ],
              [
                144.97938,
                -37.814814
              ],
              [
                144.979371,
                -37.814798
              ],
              [
                144.979361,
                -37.814782
              ],
              [
                144.979358,
                -37.814777
              ],
              [
                144.979356,
                -37.814773
              ],
              [
                144.979354,
                -37.814768
              ],
              [
                144.979353,
                -37.814763
              ],
              [
                144.979353,
                -37.814747
              ],
              [
                144.979354,
                -37.814742
              ],
              [
                144.979354,
                -37.814738
              ],
              [
                144.979355,
                -37.814735
              ],
              [
                144.979355,
                -37.814733
              ],
              [
                144.979358,
                -37.814727
              ],
              [
                144.979362,
                -37.814723
              ],
              [
                144.979363,
                -37.814721
              ],
              [
                144.979366,
                -37.814719
              ],
              [
                144.97937,
                -37.814717
              ],
              [
                144.979373,
                -37.814715
              ],
              [
                144.979375,
                -37.814715
              ],
              [
                144.979378,
                -37.814714
              ],
              [
                144.979379,
                -37.814714
              ],
              [
                144.979376,
                -37.814713
              ],
              [
                144.979371,
                -37.814713
              ],
              [
                144.979368,
                -37.814712
              ],
              [
                144.979365,
                -37.814712
              ],
              [
                144.979364,
                -37.814711
              ],
              [
                144.979359,
                -37.814711
              ],
              [
                144.979357,
                -37.81471
              ],
              [
                144.979354,
                -37.81471
              ],
              [
                144.97935,
                -37.814709
              ],
              [
                144.979346,
                -37.814709
              ],
              [
                144.979343,
                -37.814708
              ],
              [
                144.979339,
                -37.814707
              ],
              [
                144.979335,
                -37.814707
              ],
              [
                144.979332,
                -37.814706
              ],
              [
                144.979328,
                -37.814706
              ],
              [
                144.979326,
                -37.814705
              ],
              [
                144.979322,
                -37.814705
              ],
              [
                144.97932,
                -37.814704
              ],
              [
                144.979317,
                -37.814704
              ],
              [
                144.979315,
                -37.814703
              ],
              [
                144.979312,
                -37.814703
              ],
              [
                144.979311,
                -37.814702
              ],
              [
                144.979308,
                -37.814702
              ],
              [
                144.979309,
                -37.814703
              ],
              [
                144.979309,
                -37.814704
              ],
              [
                144.979313,
                -37.814708
              ],
              [
                144.979318,
                -37.814718
              ],
              [
                144.979318,
                -37.814725
              ],
              [
                144.979315,
                -37.814753
              ],
              [
                144.979313,
                -37.814774
              ],
              [
                144.979313,
                -37.814778
              ],
              [
                144.97931,
                -37.814784
              ],
              [
                144.979308,
                -37.814786
              ],
              [
                144.979307,
                -37.814788
              ],
              [
                144.979305,
                -37.81479
              ],
              [
                144.979303,
                -37.814791
              ],
              [
                144.979301,
                -37.814793
              ],
              [
                144.979298,
                -37.814794
              ],
              [
                144.979296,
                -37.814796
              ],
              [
                144.979293,
                -37.814797
              ],
              [
                144.979291,
                -37.814797
              ],
              [
                144.979285,
                -37.814799
              ],
              [
                144.979273,
                -37.814799
              ],
              [
                144.979271,
                -37.814798
              ],
              [
                144.979262,
                -37.814796
              ],
              [
                144.979262,
                -37.814797
              ],
              [
                144.979252,
                -37.814827
              ],
              [
                144.979263,
                -37.814829
              ],
              [
                144.979256,
                -37.81485
              ],
              [
                144.979245,
                -37.814847
              ],
              [
                144.97924,
                -37.814863
              ],
              [
                144.979295,
                -37.814874
              ],
              [
                144.97928,
                -37.814917
              ],
              [
                144.979288,
                -37.814917
              ],
              [
                144.979355,
                -37.814928
              ],
              [
                144.979366,
                -37.81493
              ],
              [
                144.97936,
                -37.814951
              ],
              [
                144.97935,
                -37.814983
              ],
              [
                144.979339,
                -37.815016
              ],
              [
                144.979328,
                -37.815053
              ],
              [
                144.979319,
                -37.81508
              ],
              [
                144.979317,
                -37.815088
              ],
              [
                144.979316,
                -37.815095
              ],
              [
                144.979314,
                -37.815103
              ],
              [
                144.979313,
                -37.815112
              ],
              [
                144.979313,
                -37.815131
              ],
              [
                144.979314,
                -37.815138
              ],
              [
                144.979314,
                -37.815146
              ],
              [
                144.979316,
                -37.815153
              ],
              [
                144.979317,
                -37.81516
              ],
              [
                144.979319,
                -37.815168
              ],
              [
                144.979321,
                -37.815175
              ],
              [
                144.979323,
                -37.815181
              ],
              [
                144.979329,
                -37.815195
              ],
              [
                144.979327,
                -37.815197
              ],
              [
                144.979317,
                -37.815195
              ],
              [
                144.979304,
                -37.815233
              ],
              [
                144.979307,
                -37.815234
              ],
              [
                144.979314,
                -37.815235
              ],
              [
                144.979316,
                -37.815236
              ],
              [
                144.979322,
                -37.815237
              ],
              [
                144.97934,
                -37.815243
              ],
              [
                144.979343,
                -37.815245
              ],
              [
                144.979346,
                -37.815246
              ],
              [
                144.979348,
                -37.815248
              ],
              [
                144.979351,
                -37.815249
              ],
              [
                144.979357,
                -37.815253
              ],
              [
                144.979362,
                -37.815257
              ],
              [
                144.979367,
                -37.815262
              ],
              [
                144.979371,
                -37.815267
              ],
              [
                144.979375,
                -37.815273
              ],
              [
                144.979378,
                -37.815279
              ],
              [
                144.979382,
                -37.815291
              ],
              [
                144.979383,
                -37.815297
              ],
              [
                144.979383,
                -37.815303
              ],
              [
                144.979384,
                -37.815308
              ],
              [
                144.979384,
                -37.815313
              ],
              [
                144.979383,
                -37.815325
              ],
              [
                144.979381,
                -37.815336
              ],
              [
                144.979377,
                -37.815347
              ],
              [
                144.979371,
                -37.815358
              ],
              [
                144.979369,
                -37.81536
              ],
              [
                144.979368,
                -37.815363
              ],
              [
                144.979366,
                -37.815365
              ],
              [
                144.979364,
                -37.815369
              ],
              [
                144.979362,
                -37.815372
              ],
              [
                144.979358,
                -37.815376
              ],
              [
                144.979355,
                -37.815377
              ],
              [
                144.979353,
                -37.815379
              ],
              [
                144.97935,
                -37.81538
              ],
              [
                144.979348,
                -37.815381
              ],
              [
                144.979345,
                -37.815382
              ],
              [
                144.979343,
                -37.815382
              ],
              [
                144.979343,
                -37.815383
              ],
              [
                144.979337,
                -37.815383
              ],
              [
                144.979334,
                -37.815384
              ],
              [
                144.979331,
                -37.815383
              ],
              [
                144.979325,
                -37.815383
              ],
              [
                144.979322,
                -37.815382
              ],
              [
                144.979284,
                -37.815371
              ],
              [
                144.979269,
                -37.815367
              ],
              [
                144.979255,
                -37.815362
              ],
              [
                144.979241,
                -37.815356
              ],
              [
                144.97923,
                -37.815349
              ],
              [
                144.97922,
                -37.815342
              ],
              [
                144.979211,
                -37.815335
              ],
              [
                144.979202,
                -37.815327
              ],
              [
                144.979186,
                -37.815309
              ],
              [
                144.97918,
                -37.815298
              ],
              [
                144.979175,
                -37.815286
              ],
              [
                144.97917,
                -37.815275
              ],
              [
                144.979168,
                -37.815263
              ],
              [
                144.979167,
                -37.815252
              ],
              [
                144.979167,
                -37.815242
              ],
              [
                144.979168,
                -37.815231
              ],
              [
                144.979171,
                -37.815216
              ],
              [
                144.979171,
                -37.815202
              ],
              [
                144.97917,
                -37.815198
              ],
              [
                144.979168,
                -37.815193
              ],
              [
                144.979166,
                -37.815189
              ],
              [
                144.979157,
                -37.815177
              ],
              [
                144.979153,
                -37.815173
              ],
              [
                144.979145,
                -37.815167
              ],
              [
                144.979136,
                -37.815155
              ],
              [
                144.979134,
                -37.815151
              ],
              [
                144.979133,
                -37.815146
              ],
              [
                144.979131,
                -37.815142
              ],
              [
                144.97913,
                -37.815137
              ],
              [
                144.97913,
                -37.815127
              ],
              [
                144.979131,
                -37.815123
              ],
              [
                144.979106,
                -37.815118
              ],
              [
                144.979104,
                -37.815123
              ],
              [
                144.979069,
                -37.815117
              ],
              [
                144.979065,
                -37.815116
              ],
              [
                144.979042,
                -37.815197
              ],
              [
                144.979045,
                -37.815197
              ],
              [
                144.979051,
                -37.8152
              ],
              [
                144.979057,
                -37.815202
              ],
              [
                144.979062,
                -37.815205
              ],
              [
                144.979068,
                -37.815209
              ],
              [
                144.979072,
                -37.815213
              ],
              [
                144.979077,
                -37.815217
              ],
              [
                144.979081,
                -37.815221
              ],
              [
                144.979084,
                -37.815225
              ],
              [
                144.97909,
                -37.815235
              ],
              [
                144.979092,
                -37.81524
              ],
              [
                144.979098,
                -37.815259
              ],
              [
                144.979099,
                -37.815303
              ],
              [
                144.979099,
                -37.815337
              ],
              [
                144.979097,
                -37.815344
              ],
              [
                144.979092,
                -37.815353
              ],
              [
                144.979089,
                -37.815357
              ],
              [
                144.979084,
                -37.815362
              ],
              [
                144.97908,
                -37.815364
              ],
              [
                144.979077,
                -37.815365
              ],
              [
                144.979074,
                -37.815367
              ],
              [
                144.979072,
                -37.815368
              ],
              [
                144.979069,
                -37.815369
              ],
              [
                144.979067,
                -37.815369
              ],
              [
                144.979065,
                -37.81537
              ],
              [
                144.979061,
                -37.815371
              ],
              [
                144.979046,
                -37.815371
              ],
              [
                144.979027,
                -37.815369
              ],
              [
                144.979027,
                -37.815372
              ],
              [
                144.979024,
                -37.815405
              ]
            ]
          ],
          [
            [
              [
                144.979413,
                -37.81527
              ],
              [
                144.979414,
                -37.815272
              ],
              [
                144.979416,
                -37.815277
              ],
              [
                144.979417,
                -37.815283
              ],
              [
                144.979419,
                -37.815289
              ],
              [
                144.97942,
                -37.815296
              ],
              [
                144.979431,
                -37.815302
              ],
              [
                144.979443,
                -37.815307
              ],
              [
                144.979454,
                -37.815312
              ],
              [
                144.979468,
                -37.815317
              ],
              [
                144.979482,
                -37.815321
              ],
              [
                144.979496,
                -37.815324
              ],
              [
                144.979511,
                -37.815327
              ],
              [
                144.979541,
                -37.815331
              ],
              [
                144.979553,
                -37.815332
              ],
              [
                144.979592,
                -37.815332
              ],
              [
                144.97962,
                -37.815328
              ],
              [
                144.979629,
                -37.815327
              ],
              [
                144.979634,
                -37.815325
              ],
              [
                144.979654,
                -37.815325
              ],
              [
                144.979666,
                -37.815328
              ],
              [
                144.979671,
                -37.815329
              ],
              [
                144.979676,
                -37.815332
              ],
              [
                144.979681,
                -37.815334
              ],
              [
                144.979684,
                -37.815336
              ],
              [
                144.979688,
                -37.81534
              ],
              [
                144.979692,
                -37.815343
              ],
              [
                144.979695,
                -37.815347
              ],
              [
                144.979704,
                -37.815356
              ],
              [
                144.979708,
                -37.815359
              ],
              [
                144.97972,
                -37.815365
              ],
              [
                144.979725,
                -37.815367
              ],
              [
                144.979735,
                -37.815369
              ],
              [
                144.979755,
                -37.815369
              ],
              [
                144.97976,
                -37.815368
              ],
              [
                144.979764,
                -37.815367
              ],
              [
                144.979774,
                -37.815363
              ],
              [
                144.979782,
                -37.815359
              ],
              [
                144.979785,
                -37.815356
              ],
              [
                144.979789,
                -37.815353
              ],
              [
                144.979792,
                -37.81535
              ],
              [
                144.979794,
                -37.815346
              ],
              [
                144.979797,
                -37.815343
              ],
              [
                144.979798,
                -37.815339
              ],
              [
                144.9798,
                -37.815335
              ],
              [
                144.979801,
                -37.815331
              ],
              [
                144.979801,
                -37.815319
              ],
              [
                144.9798,
                -37.815315
              ],
              [
                144.979799,
                -37.81531
              ],
              [
                144.979799,
                -37.815299
              ],
              [
                144.979801,
                -37.815291
              ],
              [
                144.979803,
                -37.815288
              ],
              [
                144.979805,
                -37.815284
              ],
              [
                144.979807,
                -37.815281
              ],
              [
                144.979809,
                -37.81528
              ],
              [
                144.97981,
                -37.815278
              ],
              [
                144.979825,
                -37.815263
              ],
              [
                144.979827,
                -37.815262
              ],
              [
                144.979828,
                -37.815261
              ],
              [
                144.97983,
                -37.81526
              ],
              [
                144.979832,
                -37.81526
              ],
              [
                144.979838,
                -37.815258
              ],
              [
                144.979843,
                -37.815256
              ],
              [
                144.979851,
                -37.815252
              ],
              [
                144.979859,
                -37.815246
              ],
              [
                144.979865,
                -37.81524
              ],
              [
                144.979868,
                -37.815236
              ],
              [
                144.97987,
                -37.815233
              ],
              [
                144.979874,
                -37.815225
              ],
              [
                144.979875,
                -37.815221
              ],
              [
                144.979876,
                -37.815216
              ],
              [
                144.979876,
                -37.815207
              ],
              [
                144.979875,
                -37.815202
              ],
              [
                144.979874,
                -37.815199
              ],
              [
                144.979872,
                -37.815196
              ],
              [
                144.979871,
                -37.815192
              ],
              [
                144.97987,
                -37.815191
              ],
              [
                144.97987,
                -37.815189
              ],
              [
                144.979869,
                -37.815188
              ],
              [
                144.979869,
                -37.815183
              ],
              [
                144.97987,
                -37.815181
              ],
              [
                144.979872,
                -37.815172
              ],
              [
                144.979874,
                -37.815164
              ],
              [
                144.979875,
                -37.815156
              ],
              [
                144.979877,
                -37.815147
              ],
              [
                144.979878,
                -37.815137
              ],
              [
                144.979878,
                -37.815115
              ],
              [
                144.979876,
                -37.815101
              ],
              [
                144.979875,
                -37.815091
              ],
              [
                144.979873,
                -37.815082
              ],
              [
                144.979871,
                -37.815072
              ],
              [
                144.979871,
                -37.81506
              ],
              [
                144.979872,
                -37.815056
              ],
              [
                144.979875,
                -37.81505
              ],
              [
                144.979879,
                -37.815038
              ],
              [
                144.97988,
                -37.815032
              ],
              [
                144.979883,
                -37.815022
              ],
              [
                144.979885,
                -37.815012
              ],
              [
                144.979886,
                -37.815001
              ],
              [
                144.979886,
                -37.814993
              ],
              [
                144.979887,
                -37.814988
              ],
              [
                144.979887,
                -37.814979
              ],
              [
                144.979888,
                -37.814969
              ],
              [
                144.97989,
                -37.81496
              ],
              [
                144.979894,
                -37.814947
              ],
              [
                144.979906,
                -37.814923
              ],
              [
                144.979909,
                -37.81492
              ],
              [
                144.97991,
                -37.814918
              ],
              [
                144.979915,
                -37.814911
              ],
              [
                144.979923,
                -37.814897
              ],
              [
                144.979929,
                -37.814885
              ],
              [
                144.979932,
                -37.814872
              ],
              [
                144.979934,
                -37.814859
              ],
              [
                144.979935,
                -37.814847
              ],
              [
                144.979934,
                -37.814835
              ],
              [
                144.979929,
                -37.814815
              ],
              [
                144.979926,
                -37.814807
              ],
              [
                144.979912,
                -37.814779
              ],
              [
                144.979909,
                -37.814769
              ],
              [
                144.979905,
                -37.814754
              ],
              [
                144.979903,
                -37.81474
              ],
              [
                144.979902,
                -37.814726
              ],
              [
                144.979902,
                -37.814723
              ],
              [
                144.979903,
                -37.814722
              ],
              [
                144.979903,
                -37.81472
              ],
              [
                144.979909,
                -37.814714
              ],
              [
                144.979911,
                -37.814713
              ],
              [
                144.979912,
                -37.814712
              ],
              [
                144.979914,
                -37.814712
              ],
              [
                144.979916,
                -37.814711
              ],
              [
                144.979873,
                -37.814713
              ],
              [
                144.979871,
                -37.814713
              ],
              [
                144.979872,
                -37.814714
              ],
              [
                144.979874,
                -37.814714
              ],
              [
                144.979875,
                -37.814715
              ],
              [
                144.979876,
                -37.814715
              ],
              [
                144.979879,
                -37.814718
              ],
              [
                144.979879,
                -37.814719
              ],
              [
                144.979881,
                -37.814721
              ],
              [
                144.979881,
                -37.814723
              ],
              [
                144.979882,
                -37.814724
              ],
              [
                144.979882,
                -37.81474
              ],
              [
                144.979883,
                -37.814747
              ],
              [
                144.979884,
                -37.814755
              ],
              [
                144.979888,
                -37.814769
              ],
              [
                144.979891,
                -37.81478
              ],
              [
                144.979896,
                -37.814792
              ],
              [
                144.979902,
                -37.814803
              ],
              [
                144.97991,
                -37.814821
              ],
              [
                144.979912,
                -37.814831
              ],
              [
                144.979914,
                -37.81484
              ],
              [
                144.979914,
                -37.814857
              ],
              [
                144.979913,
                -37.814868
              ],
              [
                144.97991,
                -37.814878
              ],
              [
                144.979906,
                -37.814888
              ],
              [
                144.979898,
                -37.814902
              ],
              [
                144.979893,
                -37.814909
              ],
              [
                144.979887,
                -37.814918
              ],
              [
                144.979882,
                -37.814927
              ],
              [
                144.979877,
                -37.814937
              ],
              [
                144.979873,
                -37.814946
              ],
              [
                144.97987,
                -37.814956
              ],
              [
                144.979868,
                -37.814965
              ],
              [
                144.979866,
                -37.814983
              ],
              [
                144.979866,
                -37.814992
              ],
              [
                144.979865,
                -37.815009
              ],
              [
                144.979865,
                -37.81501
              ],
              [
                144.979864,
                -37.81501
              ],
              [
                144.979864,
                -37.815012
              ],
              [
                144.979862,
                -37.815014
              ],
              [
                144.979861,
                -37.815014
              ],
              [
                144.979861,
                -37.815015
              ],
              [
                144.97986,
                -37.815015
              ],
              [
                144.979859,
                -37.815016
              ],
              [
                144.979857,
                -37.815016
              ],
              [
                144.979856,
                -37.815017
              ],
              [
                144.979851,
                -37.815017
              ],
              [
                144.97985,
                -37.815016
              ],
              [
                144.979848,
                -37.815016
              ],
              [
                144.979846,
                -37.815014
              ],
              [
                144.979845,
                -37.815014
              ],
              [
                144.979844,
                -37.815013
              ],
              [
                144.979836,
                -37.815001
              ],
              [
                144.979835,
                -37.815003
              ],
              [
                144.979831,
                -37.815003
              ],
              [
                144.979828,
                -37.815004
              ],
              [
                144.979827,
                -37.815007
              ],
              [
                144.979829,
                -37.815012
              ],
              [
                144.979833,
                -37.815012
              ],
              [
                144.979834,
                -37.815013
              ],
              [
                144.979834,
                -37.815015
              ],
              [
                144.979826,
                -37.815016
              ],
              [
                144.979825,
                -37.815019
              ],
              [
                144.979833,
                -37.815032
              ],
              [
                144.97984,
                -37.815047
              ],
              [
                144.979846,
                -37.815061
              ],
              [
                144.979851,
                -37.81508
              ],
              [
                144.979855,
                -37.815098
              ],
              [
                144.979857,
                -37.815116
              ],
              [
                144.979857,
                -37.815144
              ],
              [
                144.979854,
                -37.815158
              ],
              [
                144.97985,
                -37.815175
              ],
              [
                144.97985,
                -37.815178
              ],
              [
                144.979849,
                -37.81518
              ],
              [
                144.979849,
                -37.815192
              ],
              [
                144.97985,
                -37.815195
              ],
              [
                144.979851,
                -37.815197
              ],
              [
                144.979853,
                -37.8152
              ],
              [
                144.979854,
                -37.815203
              ],
              [
                144.979856,
                -37.815208
              ],
              [
                144.979851,
                -37.815212
              ],
              [
                144.979849,
                -37.815213
              ],
              [
                144.97985,
                -37.815214
              ],
              [
                144.979854,
                -37.815214
              ],
              [
                144.979855,
                -37.815215
              ],
              [
                144.979853,
                -37.815217
              ],
              [
                144.979851,
                -37.815218
              ],
              [
                144.979849,
                -37.815218
              ],
              [
                144.979848,
                -37.815219
              ],
              [
                144.97985,
                -37.815219
              ],
              [
                144.979853,
                -37.815222
              ],
              [
                144.979851,
                -37.815227
              ],
              [
                144.979849,
                -37.815227
              ],
              [
                144.979844,
                -37.815229
              ],
              [
                144.979841,
                -37.815229
              ],
              [
                144.979841,
                -37.815231
              ],
              [
                144.97984,
                -37.815233
              ],
              [
                144.979839,
                -37.815234
              ],
              [
                144.979837,
                -37.815235
              ],
              [
                144.979832,
                -37.815235
              ],
              [
                144.979832,
                -37.815244
              ],
              [
                144.979828,
                -37.815245
              ],
              [
                144.979827,
                -37.815244
              ],
              [
                144.979823,
                -37.815245
              ],
              [
                144.979821,
                -37.815245
              ],
              [
                144.979819,
                -37.815246
              ],
              [
                144.979817,
                -37.815246
              ],
              [
                144.979813,
                -37.815248
              ],
              [
                144.979812,
                -37.815249
              ],
              [
                144.97981,
                -37.81525
              ],
              [
                144.979809,
                -37.815252
              ],
              [
                144.979808,
                -37.815253
              ],
              [
                144.979807,
                -37.815255
              ],
              [
                144.979789,
                -37.815273
              ],
              [
                144.979784,
                -37.815277
              ],
              [
                144.979766,
                -37.815292
              ],
              [
                144.979762,
                -37.815295
              ],
              [
                144.979755,
                -37.815296
              ],
              [
                144.979754,
                -37.815296
              ],
              [
                144.979749,
                -37.815297
              ],
              [
                144.979746,
                -37.815307
              ],
              [
                144.979754,
                -37.815311
              ],
              [
                144.979757,
                -37.815317
              ],
              [
                144.979758,
                -37.81532
              ],
              [
                144.97976,
                -37.815324
              ],
              [
                144.97976,
                -37.815326
              ],
              [
                144.979759,
                -37.815328
              ],
              [
                144.979758,
                -37.815329
              ],
              [
                144.979757,
                -37.815331
              ],
              [
                144.979755,
                -37.815333
              ],
              [
                144.979751,
                -37.815335
              ],
              [
                144.979749,
                -37.815335
              ],
              [
                144.979746,
                -37.815336
              ],
              [
                144.979744,
                -37.815336
              ],
              [
                144.979741,
                -37.815335
              ],
              [
                144.979739,
                -37.815335
              ],
              [
                144.979736,
                -37.815334
              ],
              [
                144.979733,
                -37.815337
              ],
              [
                144.979728,
                -37.815338
              ],
              [
                144.97972,
                -37.815336
              ],
              [
                144.979721,
                -37.815333
              ],
              [
                144.979727,
                -37.815328
              ],
              [
                144.979723,
                -37.81532
              ],
              [
                144.979721,
                -37.815317
              ],
              [
                144.97972,
                -37.815316
              ],
              [
                144.979712,
                -37.815313
              ],
              [
                144.979709,
                -37.815314
              ],
              [
                144.979704,
                -37.815314
              ],
              [
                144.9797,
                -37.815312
              ],
              [
                144.9797,
                -37.81531
              ],
              [
                144.979699,
                -37.81531
              ],
              [
                144.979696,
                -37.815311
              ],
              [
                144.979691,
                -37.815314
              ],
              [
                144.97969,
                -37.815313
              ],
              [
                144.979689,
                -37.815313
              ],
              [
                144.979687,
                -37.815314
              ],
              [
                144.97968,
                -37.815314
              ],
              [
                144.979679,
                -37.815313
              ],
              [
                144.979676,
                -37.815313
              ],
              [
                144.979674,
                -37.815311
              ],
              [
                144.979673,
                -37.815311
              ],
              [
                144.979669,
                -37.815307
              ],
              [
                144.979669,
                -37.815306
              ],
              [
                144.979662,
                -37.815308
              ],
              [
                144.979654,
                -37.815305
              ],
              [
                144.979654,
                -37.815302
              ],
              [
                144.979618,
                -37.815311
              ],
              [
                144.979581,
                -37.815314
              ],
              [
                144.979543,
                -37.815314
              ],
              [
                144.97952,
                -37.815311
              ],
              [
                144.979495,
                -37.815306
              ],
              [
                144.979471,
                -37.815298
              ],
              [
                144.979443,
                -37.815287
              ],
              [
                144.979414,
                -37.815271
              ],
              [
                144.979413,
                -37.81527
              ]
            ],
            [
              [
                144.979475,
                -37.815301
              ],
              [
                144.979497,
                -37.815308
              ],
              [
                144.979489,
                -37.815306
              ],
              [
                144.979482,
                -37.815304
              ],
              [
                144.979475,
                -37.815301
              ]
            ],
            [
              [
                144.979452,
                -37.815293
              ],
              [
                144.979475,
                -37.815301
              ],
              [
                144.979467,
                -37.815299
              ],
              [
                144.97946,
                -37.815296
              ],
              [
                144.979452,
                -37.815293
              ]
            ],
            [
              [
                144.979431,
                -37.815282
              ],
              [
                144.979452,
                -37.815293
              ],
              [
                144.979445,
                -37.81529
              ],
              [
                144.979431,
                -37.815282
              ]
            ],
            [
              [
                144.979414,
                -37.815272
              ],
              [
                144.979431,
                -37.815282
              ],
              [
                144.979419,
                -37.815276
              ],
              [
                144.979414,
                -37.815272
              ]
            ],
            [
              [
                144.979533,
                -37.815314
              ],
              [
                144.97954499999997,
                -37.815315
              ],
              [
                144.979541,
                -37.815315
              ],
              [
                144.979533,
                -37.815314
              ]
            ],
            [
              [
                144.979578,
                -37.815316
              ],
              [
                144.979599,
                -37.815314
              ],
              [
                144.979585,
                -37.815316
              ],
              [
                144.979578,
                -37.815316
              ]
            ],
            [
              [
                144.979599,
                -37.815314
              ],
              [
                144.979626,
                -37.81531
              ],
              [
                144.979617,
                -37.815312
              ],
              [
                144.979599,
                -37.815314
              ]
            ],
            [
              [
                144.979626,
                -37.81531
              ],
              [
                144.97964225000007,
                -37.81530624999998
              ],
              [
                144.979634,
                -37.815309
              ],
              [
                144.979626,
                -37.81531
              ]
            ]
          ]
        ]
      }
    }
  ]
}